datetime,open,high,low,close,volume
2026-03-10T18:45:00+00:00,8728.47,8736.98,8721.46,8721.97,1571
2026-03-10T19:00:00+00:00,8721.97,8731.48,8719.46,8730.96,1027
2026-03-10T19:15:00+00:00,8730.96,8737.98,8719.46,8719.97,1129
2026-03-10T19:30:00+00:00,8719.97,8728.48,8709.48,8718.98,1099
2026-03-10T19:45:00+00:00,8718.98,8722.47,8707.46,8716.78,703
2026-03-10T20:00:00+00:00,8716.78,8720.78,8711.78,8718.78,419.76337310224403
2026-03-10T20:45:00+00:00,8718.78,8720.78,8718.78,8720.78,21.857795431976164
2026-03-10T22:45:00+00:00,8720.78,8729.47,8719.78,8729.47,136.08155699721965
2026-03-10T23:00:00+00:00,8729.47,8735.87,8718.85,8722.36,683
2026-03-10T23:15:00+00:00,8722.36,8724.36,8714.36,8714.86,427
2026-03-10T23:30:00+00:00,8714.86,8718.37,8706.85,8707.35,355
2026-03-10T23:45:00+00:00,8707.35,8714.86,8705.35,8711.87,466
2026-03-11T00:00:00+00:00,8711.87,8748.87,8711.87,8744.85,1119
2026-03-11T00:15:00+00:00,8744.85,8758.85,8743.86,8748.87,916
2026-03-11T00:30:00+00:00,8748.87,8748.87,8732.85,8733.85,569
2026-03-11T00:45:00+00:00,8733.85,8739.85,8724.86,8724.87,276
2026-03-11T01:00:00+00:00,8724.87,8733.36,8721.85,8731.36,563
2026-03-11T01:15:00+00:00,8731.36,8736.37,8729.85,8733.85,407
2026-03-11T01:30:00+00:00,8733.85,8740.86,8720.85,8721.37,450
2026-03-11T01:45:00+00:00,8721.37,8725.86,8717.85,8722.37,279
2026-03-11T02:00:00+00:00,8722.37,8723.35,8718.35,8719.35,272
2026-03-11T02:15:00+00:00,8719.35,8725.87,8719.35,8723.87,232
2026-03-11T02:30:00+00:00,8723.87,8725.36,8719.85,8723.36,196
2026-03-11T02:45:00+00:00,8723.36,8727.86,8721.36,8727.85,256
2026-03-11T03:00:00+00:00,8727.85,8735.37,8725.86,8735.36,244
2026-03-11T03:15:00+00:00,8735.36,8737.85,8733.85,8735.86,158
2026-03-11T03:30:00+00:00,8735.86,8746.87,8734.87,8746.87,116
2026-03-11T03:45:00+00:00,8746.87,8749.87,8740.85,8746.87,144
2026-03-11T04:00:00+00:00,8746.87,8746.87,8730.85,8732.85,200
2026-03-11T04:15:00+00:00,8732.85,8738.86,8732.85,8733.35,155
2026-03-11T04:30:00+00:00,8733.35,8739.87,8731.87,8739.85,231
2026-03-11T04:45:00+00:00,8739.85,8741.86,8735.87,8738.85,242
2026-03-11T05:00:00+00:00,8738.85,8743.47,8733.97,8737.96,581
2026-03-11T05:15:00+00:00,8737.96,8738.46,8727.45,8727.76,272
2026-03-11T06:00:00+00:00,8724.76,8724.76,8709.45,8712.95,102
2026-03-11T06:15:00+00:00,8712.95,8714.47,8703.95,8707.47,168
2026-03-11T06:30:00+00:00,8707.47,8714.46,8707.45,8710.45,95
2026-03-11T06:45:00+00:00,8710.45,8710.45,8704.95,8706.95,55
2026-03-11T07:00:00+00:00,8706.95,8709.97,8701.95,8706.95,219
2026-03-11T07:15:00+00:00,8706.95,8707.45,8688.45,8688.95,324
2026-03-11T07:30:00+00:00,8688.95,8690.47,8670.95,8673.95,371
2026-03-11T07:45:00+00:00,8673.95,8681.47,8671.95,8676.45,303
2026-03-11T08:00:00+00:00,8676.45,8680.96,8668.46,8674.96,692
2026-03-11T08:15:00+00:00,8674.96,8675.96,8661.47,8663.47,704
2026-03-11T08:30:00+00:00,8663.47,8667.489999999998,8645.989999999998,8652.97,887
2026-03-11T08:45:00+00:00,8652.97,8655.989999999998,8630.989999999998,8638.989999999998,1045
2026-03-11T09:00:00+00:00,8638.989999999998,8639.489999999998,8617.97,8621.97,877
2026-03-11T09:15:00+00:00,8621.97,8639.979999999998,8621.97,8624.489999999998,544
2026-03-11T09:30:00+00:00,8624.489999999998,8633.479999999998,8623.47,8627.47,683
2026-03-11T09:45:00+00:00,8627.47,8630.979999999998,8618.47,8620.979999999998,618
2026-03-11T10:00:00+00:00,8620.979999999998,8649.989999999998,8619.979999999998,8649.47,747
2026-03-11T10:15:00+00:00,8649.47,8654.47,8645.989999999998,8652.489999999998,551
2026-03-11T10:30:00+00:00,8652.489999999998,8670.489999999998,8650.489999999998,8667.979999999998,588
2026-03-11T10:45:00+00:00,8667.979999999998,8674.97,8666.97,8673.979999999998,515
2026-03-11T11:00:00+00:00,8673.979999999998,8681.989999999998,8671.47,8676.489999999998,509
2026-03-11T11:15:00+00:00,8676.489999999998,8678.989999999998,8652.979999999998,8654.47,441
2026-03-11T11:30:00+00:00,8654.47,8657.479999999998,8646.489999999998,8649.97,663
2026-03-11T11:45:00+00:00,8649.97,8653.97,8638.47,8644.979999999998,1026
2026-03-11T12:00:00+00:00,8644.979999999998,8650.479999999998,8638.479999999998,8642.97,615
2026-03-11T12:15:00+00:00,8642.97,8656.97,8640.47,8656.489999999998,482
2026-03-11T12:30:00+00:00,8656.489999999998,8656.489999999998,8629.489999999998,8631.47,472
2026-03-11T12:45:00+00:00,8631.47,8632.479999999998,8623.489999999998,8629.47,729
2026-03-11T13:00:00+00:00,8629.47,8646.979999999998,8628.989999999998,8633.97,728
2026-03-11T13:15:00+00:00,8633.97,8651.47,8632.47,8650.989999999998,357
2026-03-11T13:30:00+00:00,8650.989999999998,8664.989999999998,8646.989999999998,8648.989999999998,1434
2026-03-11T13:45:00+00:00,8648.989999999998,8657.979999999998,8640.479999999998,8657.47,1471
2026-03-11T14:00:00+00:00,8657.47,8679.989999999998,8655.47,8666.47,2521
2026-03-11T14:15:00+00:00,8666.47,8670.97,8641.979999999998,8651.989999999998,1509
2026-03-11T14:30:00+00:00,8651.989999999998,8672.489999999998,8648.479999999998,8670.479999999998,1465
2026-03-11T14:45:00+00:00,8670.479999999998,8678.489999999998,8667.989999999998,8676.979999999998,1044
2026-03-11T15:00:00+00:00,8676.979999999998,8680.97,8650.97,8653.979999999998,1304
2026-03-11T15:15:00+00:00,8653.979999999998,8658.989999999998,8644.479999999998,8645.47,1109
2026-03-11T15:30:00+00:00,8645.47,8646.979999999998,8632.979999999998,8632.979999999998,1147
2026-03-11T15:45:00+00:00,8632.979999999998,8643.47,8626.97,8633.979999999998,1046
2026-03-11T16:00:00+00:00,8633.979999999998,8633.989999999998,8624.97,8632.989999999998,980
2026-03-11T16:15:00+00:00,8632.989999999998,8634.489999999998,8624.47,8629.989999999998,972
2026-03-11T16:30:00+00:00,8629.989999999998,8650.989999999998,8629.989999999998,8644.979999999998,864
2026-03-11T16:45:00+00:00,8644.979999999998,8660.489999999998,8642.47,8659.479999999998,572
2026-03-11T17:00:00+00:00,8659.479999999998,8664.97,8654.97,8655.989999999998,481
2026-03-11T17:15:00+00:00,8655.989999999998,8662.989999999998,8649.97,8658.979999999998,632
2026-03-11T17:30:00+00:00,8658.979999999998,8660.989999999998,8628.989999999998,8641.47,1628
2026-03-11T17:45:00+00:00,8641.47,8653.979999999998,8638.47,8648.479999999998,1385
2026-03-11T18:00:00+00:00,8648.479999999998,8650.989999999998,8641.479999999998,8645.989999999998,778
2026-03-11T18:15:00+00:00,8645.989999999998,8658.979999999998,8644.479999999998,8657.479999999998,709
2026-03-11T18:30:00+00:00,8657.479999999998,8661.489999999998,8655.989999999998,8658.979999999998,472
2026-03-11T18:45:00+00:00,8658.979999999998,8665.97,8656.97,8659.979999999998,437
2026-03-11T19:00:00+00:00,8659.979999999998,8661.989999999998,8653.489999999998,8655.979999999998,467
2026-03-11T19:15:00+00:00,8655.979999999998,8665.489999999998,8654.47,8661.97,442
2026-03-11T19:30:00+00:00,8661.97,8673.989999999998,8660.479999999998,8672.97,266
2026-03-11T19:45:00+00:00,8672.97,8674.789999999999,8665.979999999998,8674.789999999999,359
2026-03-11T20:00:00+00:00,8674.789999999999,8674.789999999999,8665.59,8665.59,286.1425207009431
2026-03-11T20:15:00+00:00,8665.59,8665.59,8661.59,8661.59,154.73050345015793
2026-03-11T20:30:00+00:00,8661.59,8661.59,8658.59,8661.59,126.53744359002809
2026-03-11T20:45:00+00:00,8661.59,8661.59,8653.59,8653.59,218.34758658233835
2026-03-11T22:45:00+00:00,8653.59,8653.59,8598.539999999999,8616.56,235.21095141940847
2026-03-11T23:00:00+00:00,8616.56,8628.96,8609.46,8623.46,1142
2026-03-11T23:15:00+00:00,8623.46,8626.449999999999,8611.94,8612.96,738
2026-03-11T23:30:00+00:00,8612.96,8612.96,8594.949999999999,8597.44,957
2026-03-11T23:45:00+00:00,8597.44,8606.949999999999,8593.94,8597.94,874
2026-03-12T00:00:00+00:00,8597.94,8598.46,8575.94,8577.94,990
2026-03-12T00:15:00+00:00,8577.94,8584.449999999999,8571.94,8580.449999999999,779
2026-03-12T00:30:00+00:00,8580.449999999999,8595.949999999999,8580.449999999999,8594.949999999999,507
2026-03-12T00:45:00+00:00,8594.949999999999,8597.44,8590.44,8594.96,403
2026-03-12T01:00:00+00:00,8594.96,8605.96,8588.94,8600.94,801
2026-03-12T01:15:00+00:00,8600.94,8607.46,8596.94,8607.46,437
2026-03-12T01:30:00+00:00,8607.46,8609.949999999999,8600.46,8600.949999999999,313
2026-03-12T01:45:00+00:00,8600.949999999999,8604.96,8588.96,8594.96,494
2026-03-12T02:00:00+00:00,8594.96,8598.449999999999,8589.44,8590.94,461
2026-03-12T02:15:00+00:00,8590.94,8594.44,8581.94,8585.96,343
2026-03-12T02:30:00+00:00,8585.96,8585.96,8565.44,8570.46,479
2026-03-12T02:45:00+00:00,8570.46,8573.96,8564.949999999999,8565.44,501
2026-03-12T03:00:00+00:00,8565.44,8575.94,8564.94,8571.96,353
2026-03-12T03:15:00+00:00,8571.96,8573.96,8565.449999999999,8568.94,244
2026-03-12T03:30:00+00:00,8568.94,8570.46,8563.449999999999,8565.96,460
2026-03-12T03:45:00+00:00,8565.96,8570.949999999999,8563.46,8570.949999999999,350
2026-03-12T04:00:00+00:00,8570.949999999999,8575.449999999999,8566.949999999999,8573.96,332
2026-03-12T04:15:00+00:00,8573.96,8584.949999999999,8573.96,8584.46,254
2026-03-12T04:30:00+00:00,8584.46,8585.96,8576.949999999999,8579.949999999999,271
2026-03-12T04:45:00+00:00,8579.949999999999,8583.96,8577.949999999999,8581.949999999999,356
2026-03-12T05:00:00+00:00,8581.949999999999,8600.039999999999,8581.039999999999,8596.039999999999,819
2026-03-12T05:15:00+00:00,8596.039999999999,8598.55,8583.539999999999,8590.36,450
2026-03-12T06:00:00+00:00,8614.54,8617.24,8609.23,8616.23,114
2026-03-12T06:15:00+00:00,8616.23,8625.74,8614.72,8623.24,223
2026-03-12T06:30:00+00:00,8623.24,8627.23,8622.72,8625.74,188
2026-03-12T06:45:00+00:00,8625.74,8632.24,8625.22,8631.72,123
2026-03-12T07:00:00+00:00,8631.72,8638.72,8631.72,8638.22,242
2026-03-12T07:15:00+00:00,8638.22,8642.22,8636.24,8639.23,268
2026-03-12T07:30:00+00:00,8639.23,8646.74,8633.73,8646.74,283
2026-03-12T07:45:00+00:00,8646.74,8659.24,8641.72,8659.24,305
2026-03-12T08:00:00+00:00,8659.24,8666.73,8654.73,8656.22,837
2026-03-12T08:15:00+00:00,8656.22,8662.74,8653.73,8653.73,511
2026-03-12T08:30:00+00:00,8653.73,8660.24,8644.24,8654.72,584
2026-03-12T08:45:00+00:00,8654.72,8668.23,8653.72,8661.72,516
2026-03-12T09:00:00+00:00,8661.72,8664.24,8645.72,8647.23,551
2026-03-12T09:15:00+00:00,8647.23,8653.24,8636.74,8653.23,663
2026-03-12T09:30:00+00:00,8653.23,8670.22,8652.74,8668.22,817
2026-03-12T09:45:00+00:00,8668.22,8670.74,8664.22,8670.24,442
2026-03-12T10:00:00+00:00,8670.24,8674.24,8669.22,8672.22,476
2026-03-12T10:15:00+00:00,8672.22,8672.22,8663.72,8665.72,398
2026-03-12T10:30:00+00:00,8665.72,8674.74,8664.23,8667.24,548
2026-03-12T10:45:00+00:00,8667.24,8672.74,8666.72,8669.24,317
2026-03-12T11:00:00+00:00,8669.24,8670.74,8661.22,8663.73,371
2026-03-12T11:15:00+00:00,8663.73,8676.72,8663.22,8676.22,405
2026-03-12T11:30:00+00:00,8676.22,8690.22,8676.22,8687.74,447
2026-03-12T11:45:00+00:00,8687.74,8687.74,8673.72,8674.24,430
2026-03-12T12:00:00+00:00,8674.24,8676.73,8652.72,8661.23,800
2026-03-12T12:15:00+00:00,8661.23,8662.74,8652.24,8660.22,465
2026-03-12T12:30:00+00:00,8660.22,8661.24,8649.73,8659.73,716
2026-03-12T12:45:00+00:00,8659.73,8662.23,8652.22,8662.23,753
2026-03-12T13:00:00+00:00,8662.23,8669.74,8660.72,8660.73,742
2026-03-12T13:15:00+00:00,8660.73,8661.74,8636.24,8654.72,1380
2026-03-12T13:30:00+00:00,8654.72,8661.22,8645.22,8645.22,2864
2026-03-12T13:45:00+00:00,8645.22,8656.24,8623.72,8636.22,1872
2026-03-12T14:00:00+00:00,8636.22,8657.72,8636.22,8652.22,2105
2026-03-12T14:15:00+00:00,8652.22,8654.74,8622.72,8622.72,1632
2026-03-12T14:30:00+00:00,8622.72,8625.23,8610.72,8619.73,1333
2026-03-12T14:45:00+00:00,8619.73,8624.72,8594.72,8597.74,2276
2026-03-12T15:00:00+00:00,8597.74,8598.74,8559.23,8568.72,1650
2026-03-12T15:15:00+00:00,8568.72,8587.24,8565.73,8581.74,1273
2026-03-12T15:30:00+00:00,8581.74,8598.23,8568.72,8590.22,2396
2026-03-12T15:45:00+00:00,8590.22,8593.74,8577.22,8591.24,2104
2026-03-12T16:00:00+00:00,8591.24,8597.22,8572.23,8584.23,1641
2026-03-12T16:15:00+00:00,8584.23,8596.73,8576.23,8577.72,1779
2026-03-12T16:30:00+00:00,8577.72,8594.24,8570.73,8592.23,1590
2026-03-12T16:45:00+00:00,8592.23,8593.74,8575.22,8583.73,1226
2026-03-12T17:00:00+00:00,8583.73,8600.74,8582.72,8590.74,1223
2026-03-12T17:15:00+00:00,8590.74,8601.23,8584.73,8594.73,1055
2026-03-12T17:30:00+00:00,8594.73,8608.24,8593.24,8594.22,940
2026-03-12T17:45:00+00:00,8594.22,8597.74,8583.72,8589.72,855
2026-03-12T18:00:00+00:00,8589.72,8606.22,8589.72,8604.24,892
2026-03-12T18:15:00+00:00,8604.24,8608.72,8595.72,8601.24,718
2026-03-12T18:30:00+00:00,8601.24,8604.23,8596.73,8599.72,715
2026-03-12T18:45:00+00:00,8599.72,8605.74,8593.72,8594.74,714
2026-03-12T19:00:00+00:00,8594.74,8600.24,8586.74,8588.74,781
2026-03-12T19:15:00+00:00,8588.74,8595.74,8579.72,8595.74,612
2026-03-12T19:30:00+00:00,8595.74,8603.24,8590.72,8592.24,583
2026-03-12T19:45:00+00:00,8592.24,8592.72,8583.72,8588.03,582
2026-03-12T20:00:00+00:00,8588.03,8591.03,8581.03,8582.03,356.2399058510601
2026-03-12T20:15:00+00:00,8582.03,8590.03,8581.03,8587.03,280.37707645019555
2026-03-12T20:30:00+00:00,8587.03,8587.03,8585.03,8585.03,230.42908187413963
2026-03-12T20:45:00+00:00,8585.03,8587.03,8583.03,8583.03,184.98624147011958
2026-03-12T22:45:00+00:00,8583.03,8584.02,8570.01,8575.51,233.03510696653868
2026-03-12T23:00:00+00:00,8575.51,8595.42,8575.41,8594.91,742
2026-03-12T23:15:00+00:00,8594.91,8594.91,8582.92,8588.9,539
2026-03-12T23:30:00+00:00,8588.9,8596.4,8585.9,8592.91,376
2026-03-12T23:45:00+00:00,8592.91,8599.9,8590.42,8595.92,552
2026-03-13T00:00:00+00:00,8595.92,8624.41,8589.4,8624.41,1077
2026-03-13T00:15:00+00:00,8624.41,8638.41,8624.41,8631.42,575
2026-03-13T00:30:00+00:00,8631.42,8634.41,8622.4,8626.41,371
2026-03-13T00:45:00+00:00,8626.41,8632.41,8622.4,8631.9,440
2026-03-13T01:00:00+00:00,8631.9,8651.91,8631.42,8650.91,490
2026-03-13T01:15:00+00:00,8650.91,8656.92,8643.4,8643.9,400
2026-03-13T01:30:00+00:00,8643.9,8648.42,8637.41,8639.91,328
2026-03-13T01:45:00+00:00,8639.91,8640.42,8625.41,8626.41,285
2026-03-13T02:00:00+00:00,8626.41,8637.91,8626.41,8629.41,324
2026-03-13T02:15:00+00:00,8629.41,8630.41,8623.9,8629.4,265
2026-03-13T02:30:00+00:00,8629.4,8634.42,8626.42,8632.42,322
2026-03-13T02:45:00+00:00,8632.42,8635.92,8629.42,8631.9,286
2026-03-13T03:00:00+00:00,8631.9,8635.92,8623.4,8623.92,391
2026-03-13T03:15:00+00:00,8623.92,8624.41,8618.42,8619.91,219.93484042553192
2026-03-13T03:30:00+00:00,8619.91,8622.41,8615.9,8621.41,283.8044754218636
2026-03-13T03:45:00+00:00,8621.41,8627.42,8619.4,8619.91,240
2026-03-13T04:00:00+00:00,8619.91,8624.91,8615.42,8616.41,187
2026-03-13T04:15:00+00:00,8616.41,8619.41,8604.92,8605.4,267
2026-03-13T04:30:00+00:00,8605.4,8607.42,8601.41,8607.41,344
2026-03-13T04:45:00+00:00,8607.41,8611.41,8605.4,8606.91,309
2026-03-13T05:00:00+00:00,8606.91,8612.5,8596,8600,549
2026-03-13T05:15:00+00:00,8600,8602.01,8593.52,8596.82,355
2026-03-13T06:00:00+00:00,8602.82,8607.51,8595.01,8604,140
2026-03-13T06:15:00+00:00,8604,8606.5,8592,8594.51,195
2026-03-13T06:30:00+00:00,8594.51,8597.52,8586.01,8589.51,207
2026-03-13T06:45:00+00:00,8589.51,8590.02,8579.5,8580.52,172
2026-03-13T07:00:00+00:00,8580.52,8581.01,8551.5,8552.5,555
2026-03-13T07:15:00+00:00,8552.5,8554.51,8537,8551.51,599
2026-03-13T07:30:00+00:00,8551.51,8558.51,8549.02,8553.51,505
2026-03-13T07:45:00+00:00,8553.51,8554.01,8532,8537.51,551
2026-03-13T08:00:00+00:00,8537.51,8541.52,8510,8513,1509
2026-03-13T08:15:00+00:00,8513,8518.51,8501,8502.51,1224
2026-03-13T08:30:00+00:00,8502.51,8528,8502.51,8519.51,1259
2026-03-13T08:45:00+00:00,8519.51,8543.52,8513.52,8540.51,893
2026-03-13T09:00:00+00:00,8540.51,8553.52,8536.5,8538.51,937
2026-03-13T09:15:00+00:00,8538.51,8546.52,8534,8543.51,665
2026-03-13T09:30:00+00:00,8543.51,8544.52,8533,8541.01,674
2026-03-13T09:45:00+00:00,8541.01,8555.02,8539,8553.01,443
2026-03-13T10:00:00+00:00,8553.01,8572.02,8550.5,8572.02,610
2026-03-13T10:15:00+00:00,8572.02,8579.02,8569,8572.51,390
2026-03-13T10:30:00+00:00,8572.51,8572.51,8564.5,8566.02,390
2026-03-13T10:45:00+00:00,8566.02,8585.52,8564.01,8585.52,752
2026-03-13T11:00:00+00:00,8585.52,8595.02,8579.5,8583,713
2026-03-13T11:15:00+00:00,8583,8596.5,8581,8591,545
2026-03-13T11:30:00+00:00,8591,8598.02,8589,8598.02,471
2026-03-13T11:45:00+00:00,8598.02,8602.52,8595,8601.02,439
2026-03-13T12:00:00+00:00,8601.02,8610.5,8596,8599.01,426
2026-03-13T12:15:00+00:00,8599.01,8599.52,8589.51,8592.52,428
2026-03-13T12:30:00+00:00,8592.52,8605,8592.52,8599.01,473
2026-03-13T12:45:00+00:00,8599.01,8624.52,8598.5,8609.52,1515
2026-03-13T13:00:00+00:00,8609.52,8614,8605.5,8612.51,748
2026-03-13T13:15:00+00:00,8612.51,8618.51,8610.01,8617.52,430
2026-03-13T13:30:00+00:00,8617.52,8638.51,8617.01,8638.51,1694
2026-03-13T13:45:00+00:00,8638.51,8642.01,8617.02,8620,1042
2026-03-13T14:00:00+00:00,8620,8624.52,8600.52,8601.01,1234
2026-03-13T14:15:00+00:00,8601.01,8603.52,8591.5,8601.52,1367
2026-03-13T14:30:00+00:00,8601.52,8615.52,8589.51,8589.51,1525
2026-03-13T14:45:00+00:00,8589.51,8591.01,8567.5,8569.02,1738
2026-03-13T15:00:00+00:00,8569.02,8585.52,8563,8584,1776
2026-03-13T15:15:00+00:00,8584,8585.01,8562.02,8564.02,1371
2026-03-13T15:30:00+00:00,8564.02,8571.52,8545.02,8550,1698
2026-03-13T15:45:00+00:00,8550,8566.51,8545,8547.52,1859
2026-03-13T16:00:00+00:00,8547.52,8564.01,8546.5,8552.02,1340
2026-03-13T16:15:00+00:00,8552.02,8560.52,8544.02,8557.02,1638
2026-03-13T16:30:00+00:00,8557.02,8568.52,8553.01,8553.5,1728
2026-03-13T16:45:00+00:00,8553.5,8567.51,8548.51,8553.5,1384
2026-03-13T17:00:00+00:00,8553.5,8564,8550,8564,995
2026-03-13T17:15:00+00:00,8564,8569.02,8557.01,8561.52,1388
2026-03-13T17:30:00+00:00,8561.52,8565.01,8555.01,8561.02,1389
2026-03-13T17:45:00+00:00,8561.02,8565.01,8544,8546.5,1182
2026-03-13T18:00:00+00:00,8546.5,8553.51,8546,8551.01,891
2026-03-13T18:15:00+00:00,8551.01,8553.01,8540.5,8549.01,827
2026-03-13T18:30:00+00:00,8549.01,8568.01,8547.5,8567,801
2026-03-13T18:45:00+00:00,8567,8571.02,8564.02,8568,654
2026-03-13T19:00:00+00:00,8568,8568.02,8554.52,8555.01,605
2026-03-13T19:15:00+00:00,8555.01,8557.02,8540,8542.01,588
2026-03-13T19:30:00+00:00,8542.01,8547.02,8531,8532,499
2026-03-13T19:45:00+00:00,8532,8547.02,8529,8541.8,610
2026-03-13T20:00:00+00:00,8541.8,8542.8,8532.8,8535.8,321.84309381207083
2026-03-13T20:15:00+00:00,8535.8,8540.8,8532.8,8539.8,268.26233445509956
2026-03-13T20:30:00+00:00,8539.8,8544.8,8539.8,8542.8,281.6814046826693
2026-03-15T22:45:00+00:00,8542.8,8568.64,8542.8,8564.12,417
2026-03-15T23:00:00+00:00,8564.12,8592.54,8564.12,8583.54,1449
2026-03-15T23:15:00+00:00,8583.54,8584.52,8569.02,8575.03,809
2026-03-15T23:30:00+00:00,8575.03,8581.54,8560.54,8572.03,824
2026-03-15T23:45:00+00:00,8572.03,8582.54,8570.04,8577.52,957
2026-03-16T00:00:00+00:00,8577.52,8599.54,8575.52,8598.04,1358
2026-03-16T00:15:00+00:00,8598.04,8612.54,8597.53,8609.04,697
2026-03-16T00:30:00+00:00,8609.04,8612.04,8602.53,8602.53,457
2026-03-16T00:45:00+00:00,8602.53,8619.53,8602.53,8614.02,574
2026-03-16T01:00:00+00:00,8614.02,8617.53,8598.02,8599.54,684
2026-03-16T01:15:00+00:00,8599.54,8604.53,8577.52,8579.54,628
2026-03-16T01:30:00+00:00,8579.54,8587.54,8571.52,8581.02,922
2026-03-16T01:45:00+00:00,8581.02,8591.54,8581.02,8591.03,498
2026-03-16T02:00:00+00:00,8591.03,8591.53,8578.53,8581.03,482
2026-03-16T02:15:00+00:00,8581.03,8582.53,8569.53,8572.04,577
2026-03-16T02:30:00+00:00,8572.04,8574.04,8567.53,8569.54,397
2026-03-16T02:45:00+00:00,8569.54,8574.53,8568.52,8569.54,347
2026-03-16T03:00:00+00:00,8569.54,8576.54,8566.52,8569.04,349
2026-03-16T03:15:00+00:00,8569.04,8573.54,8566.52,8572.53,332
2026-03-16T03:30:00+00:00,8572.53,8582.52,8572.52,8580.53,346
2026-03-16T03:45:00+00:00,8580.53,8585.54,8580.52,8584.53,212
2026-03-16T04:00:00+00:00,8584.53,8590.54,8581.53,8583.53,245
2026-03-16T04:15:00+00:00,8583.53,8589.04,8583.03,8587.53,220
2026-03-16T04:30:00+00:00,8587.53,8587.53,8579.52,8583.53,262
2026-03-16T04:45:00+00:00,8583.53,8583.53,8573.53,8574.03,268
2026-03-16T05:00:00+00:00,8574.03,8583.64,8573.12,8580.64,505
2026-03-16T05:15:00+00:00,8580.64,8580.64,8572.62,8577.44,230
2026-03-16T06:00:00+00:00,8576.44,8590.14,8576.44,8583.64,75
2026-03-16T06:15:00+00:00,8583.64,8588.64,8578.12,8579.12,184
2026-03-16T06:30:00+00:00,8579.12,8586.12,8579.12,8582.13,51.6836606764437
2026-03-16T06:45:00+00:00,8582.13,8589.63,8579.62,8588.12,49
2026-03-16T07:00:00+00:00,8588.12,8593.64,8580.12,8580.14,239
2026-03-16T07:15:00+00:00,8580.14,8580.14,8569.12,8570.63,225
2026-03-16T07:30:00+00:00,8570.63,8573.64,8562.63,8568.64,361
2026-03-16T07:45:00+00:00,8568.64,8571.14,8564.63,8565.13,304
2026-03-16T08:00:00+00:00,8565.13,8576.63,8560.63,8561.14,1120
2026-03-16T08:15:00+00:00,8561.14,8567.62,8554.13,8559.13,1051
2026-03-16T08:30:00+00:00,8559.13,8564.63,8544.63,8545.14,882
2026-03-16T08:45:00+00:00,8545.14,8556.64,8540.62,8550.63,849
2026-03-16T09:00:00+00:00,8550.63,8558.14,8538.12,8554.14,967
2026-03-16T09:15:00+00:00,8554.14,8555.14,8545.14,8548.64,953
2026-03-16T09:30:00+00:00,8548.64,8548.64,8532.13,8535.13,799
2026-03-16T09:45:00+00:00,8535.13,8546.64,8532.12,8535.13,782
2026-03-16T10:00:00+00:00,8535.13,8543.14,8532.12,8541.62,788
2026-03-16T10:15:00+00:00,8541.62,8559.64,8539.12,8557.14,754
2026-03-16T10:30:00+00:00,8557.14,8563.14,8553.12,8557.14,645
2026-03-16T10:45:00+00:00,8557.14,8574.14,8556.12,8573.62,439
2026-03-16T11:00:00+00:00,8573.62,8574.14,8566.62,8567.63,420
2026-03-16T11:15:00+00:00,8567.63,8574.14,8567.63,8569.62,342
2026-03-16T11:30:00+00:00,8569.62,8582.14,8565.62,8581.63,533
2026-03-16T11:45:00+00:00,8581.63,8584.63,8578.62,8584.14,361
2026-03-16T12:00:00+00:00,8584.14,8605.13,8584.12,8603.64,395
2026-03-16T12:15:00+00:00,8603.64,8607.14,8602.12,8605.14,249
2026-03-16T12:30:00+00:00,8605.14,8613.13,8605.14,8611.63,391
2026-03-16T12:45:00+00:00,8611.63,8615.64,8601.12,8603.14,535
2026-03-16T13:00:00+00:00,8603.14,8609.62,8602.62,8607.63,450
2026-03-16T13:15:00+00:00,8607.63,8611.13,8605.62,8607.62,296
2026-03-16T13:30:00+00:00,8607.62,8632.13,8602.12,8632.12,868
2026-03-16T13:45:00+00:00,8632.12,8648.63,8629.12,8648.62,887
2026-03-16T14:00:00+00:00,8648.62,8658.13,8642.12,8651.14,945
2026-03-16T14:15:00+00:00,8651.14,8655.64,8641.12,8641.63,738
2026-03-16T14:30:00+00:00,8641.63,8642.14,8618.64,8621.12,1390
2026-03-16T14:45:00+00:00,8621.12,8638.12,8616.12,8638.12,1274
2026-03-16T15:00:00+00:00,8638.12,8639.62,8625.64,8632.13,1216
2026-03-16T15:15:00+00:00,8632.13,8639.64,8627.12,8632.12,829
2026-03-16T15:30:00+00:00,8632.12,8638.64,8631.12,8631.13,564
2026-03-16T15:45:00+00:00,8631.13,8635.64,8612.62,8613.64,969
2026-03-16T16:00:00+00:00,8613.64,8621.14,8608.12,8617.14,870
2026-03-16T16:15:00+00:00,8617.14,8621.13,8597.62,8600.13,1367
2026-03-16T16:30:00+00:00,8600.13,8617.14,8595.63,8613.13,1124
2026-03-16T16:45:00+00:00,8613.13,8616.62,8605.64,8607.64,914
2026-03-16T17:00:00+00:00,8607.64,8623.64,8607.64,8620.62,1031
2026-03-16T17:15:00+00:00,8620.62,8626.63,8616.64,8624.13,676
2026-03-16T17:30:00+00:00,8624.13,8627.64,8615.12,8615.12,756
2026-03-16T17:45:00+00:00,8615.12,8621.13,8606.62,8616.12,756
2026-03-16T18:00:00+00:00,8616.12,8630.43,8616.12,8625.62,667
2026-03-16T18:15:00+00:00,8625.62,8633.64,8625.14,8633.13,482
2026-03-16T18:30:00+00:00,8633.13,8637.62,8631.13,8637.13,390
2026-03-16T18:45:00+00:00,8637.13,8638.64,8631.62,8632.12,269
2026-03-16T19:00:00+00:00,8632.12,8645.63,8628.12,8628.14,545
2026-03-16T19:15:00+00:00,8628.14,8629.13,8620.13,8622.62,504
2026-03-16T19:30:00+00:00,8622.62,8625.14,8616.12,8616.64,336
2026-03-16T19:45:00+00:00,8616.64,8644.43,8614.62,8644.43,395
2026-03-16T20:00:00+00:00,8644.43,8645.43,8643.43,8644.43,45.65770325846252
2026-03-16T20:45:00+00:00,8644.43,8644.43,8643.43,8644.43,17.295081967213118
2026-03-16T22:45:00+00:00,8644.43,8644.43,8618.5,8620.7,219.351105684439
2026-03-16T23:00:00+00:00,8620.7,8634.61,8613.11,8614.11,906
2026-03-16T23:15:00+00:00,8614.11,8616.6,8605.62,8610.11,449
2026-03-16T23:30:00+00:00,8610.11,8619.12,8603.62,8612.62,435
2026-03-16T23:45:00+00:00,8612.62,8625.61,8610.61,8615.11,554
2026-03-17T00:00:00+00:00,8615.11,8615.6,8588.62,8591.61,595
2026-03-17T00:15:00+00:00,8591.61,8603.62,8581.61,8583.62,397
2026-03-17T00:30:00+00:00,8583.62,8592.12,8582.61,8586.6,322
2026-03-17T00:45:00+00:00,8586.6,8593.61,8579.1,8582.11,403
2026-03-17T01:00:00+00:00,8582.11,8588.12,8577.6,8586.1,361
2026-03-17T01:15:00+00:00,8586.1,8587.62,8578.62,8582.6,242
2026-03-17T01:30:00+00:00,8582.6,8596.11,8582.6,8583.61,364
2026-03-17T01:45:00+00:00,8583.61,8590.62,8580.6,8588.62,320
2026-03-17T02:00:00+00:00,8588.62,8590.62,8579.6,8585.6,299
2026-03-17T02:15:00+00:00,8585.6,8586.62,8577.61,8580.1,200
2026-03-17T02:30:00+00:00,8580.1,8588.6,8579.12,8584.62,377
2026-03-17T02:45:00+00:00,8584.62,8586.62,8572.6,8572.62,311
2026-03-17T03:00:00+00:00,8572.62,8586.62,8571.61,8586.6,379
2026-03-17T03:15:00+00:00,8586.6,8597.62,8586.6,8596.61,182
2026-03-17T03:30:00+00:00,8596.61,8619.61,8586.11,8600.62,1065
2026-03-17T03:45:00+00:00,8600.62,8612.12,8597.1,8603.1,452
2026-03-17T04:00:00+00:00,8603.1,8611.62,8599.61,8605.6,370
2026-03-17T04:15:00+00:00,8605.6,8614.61,8604.6,8614.12,313
2026-03-17T04:30:00+00:00,8614.12,8621.62,8611.12,8613.61,497
2026-03-17T04:45:00+00:00,8613.61,8619.1,8613.6,8614.1,398
2026-03-17T05:00:00+00:00,8614.1,8614.72,8609.2,8611.21,509
2026-03-17T05:15:00+00:00,8611.21,8612.21,8601.72,8604.5,416
2026-03-17T06:00:00+00:00,8605,8605,8560.01,8564.21,401
2026-03-17T06:15:00+00:00,8564.21,8571.72,8562.21,8571.2,167
2026-03-17T06:30:00+00:00,8571.2,8574.21,8568.72,8573.2,139
2026-03-17T06:45:00+00:00,8573.2,8573.7,8564.7,8565.72,136
2026-03-17T07:00:00+00:00,8565.72,8568.22,8558.2,8568.2,532
2026-03-17T07:15:00+00:00,8568.2,8581.72,8567.2,8580.71,316
2026-03-17T07:30:00+00:00,8580.71,8587.72,8580.2,8583.71,254
2026-03-17T07:45:00+00:00,8583.71,8587.21,8578.7,8587.21,186
2026-03-17T08:00:00+00:00,8587.21,8602.22,8586.7,8589.71,789
2026-03-17T08:15:00+00:00,8589.71,8594.72,8586.71,8590.21,704
2026-03-17T08:30:00+00:00,8590.21,8610.72,8586.2,8604.2,782
2026-03-17T08:45:00+00:00,8604.2,8606.72,8593.21,8598.72,497
2026-03-17T09:00:00+00:00,8598.72,8608.72,8598.21,8602.72,577
2026-03-17T09:15:00+00:00,8602.72,8621.71,8602.2,8620.72,411
2026-03-17T09:30:00+00:00,8620.72,8621.72,8611.71,8619.22,448
2026-03-17T09:45:00+00:00,8619.22,8629.22,8616.72,8625.7,315
2026-03-17T10:00:00+00:00,8625.7,8626.71,8608.2,8609.72,397
2026-03-17T10:15:00+00:00,8609.72,8609.72,8600.7,8605.22,328
2026-03-17T10:30:00+00:00,8605.22,8616.21,8602.21,8615.2,308
2026-03-17T10:45:00+00:00,8615.2,8617.7,8608.21,8614.2,321
2026-03-17T11:00:00+00:00,8614.2,8615.7,8608.7,8612.2,225
2026-03-17T11:15:00+00:00,8612.2,8623.22,8612.2,8620.22,247
2026-03-17T11:30:00+00:00,8620.22,8621.72,8612.2,8619.7,388
2026-03-17T11:45:00+00:00,8619.7,8622.21,8612.2,8612.71,250
2026-03-17T12:00:00+00:00,8612.71,8634.21,8611.22,8633.71,391
2026-03-17T12:15:00+00:00,8633.71,8638.22,8630.2,8637.2,337
2026-03-17T12:30:00+00:00,8637.2,8645.72,8636.2,8645.22,293
2026-03-17T12:45:00+00:00,8645.22,8645.71,8638.71,8645.2,201
2026-03-17T13:00:00+00:00,8645.2,8656.71,8644.7,8652.72,254
2026-03-17T13:15:00+00:00,8652.72,8655.72,8647.2,8648.21,288
2026-03-17T13:30:00+00:00,8648.21,8667.72,8647.2,8660.71,918
2026-03-17T13:45:00+00:00,8660.71,8664.72,8655.2,8662.71,512
2026-03-17T14:00:00+00:00,8662.71,8666.72,8656.22,8657.2,549
2026-03-17T14:15:00+00:00,8657.2,8663.71,8654.21,8656.22,726
2026-03-17T14:30:00+00:00,8656.22,8668.22,8652.22,8666.21,848
2026-03-17T14:45:00+00:00,8666.21,8669.71,8663.7,8666.22,562
2026-03-17T15:00:00+00:00,8666.22,8666.22,8648.72,8651.21,518
2026-03-17T15:15:00+00:00,8651.21,8657.72,8644.7,8644.7,913
2026-03-17T15:30:00+00:00,8644.7,8650.21,8628.02,8635.21,1182
2026-03-17T15:45:00+00:00,8635.21,8640.72,8632.2,8635.71,873
2026-03-17T16:00:00+00:00,8635.71,8636.71,8622.2,8628.7,1180
2026-03-17T16:15:00+00:00,8628.7,8640.72,8627.7,8637.22,872
2026-03-17T16:30:00+00:00,8637.22,8638.22,8625.7,8634.21,1019
2026-03-17T16:45:00+00:00,8634.21,8635.72,8626.71,8627.21,680
2026-03-17T17:00:00+00:00,8627.21,8635.72,8626.2,8629.72,522
2026-03-17T17:15:00+00:00,8629.72,8630.72,8623.71,8624.71,367
2026-03-17T17:30:00+00:00,8624.71,8628.21,8617.2,8617.7,426
2026-03-17T17:45:00+00:00,8617.7,8625.72,8616.21,8622.21,327
2026-03-17T18:00:00+00:00,8622.21,8628.7,8619.7,8625.22,253
2026-03-17T18:15:00+00:00,8625.22,8625.72,8611.71,8612.72,342
2026-03-17T18:30:00+00:00,8612.72,8617.22,8612.2,8613.7,271
2026-03-17T18:45:00+00:00,8613.7,8620.71,8613.2,8615.71,256
2026-03-17T19:00:00+00:00,8615.71,8616.72,8610.72,8614.21,194
2026-03-17T19:15:00+00:00,8614.21,8618.72,8611.72,8614.2,155
2026-03-17T19:30:00+00:00,8614.2,8615.71,8611.7,8613.22,117
2026-03-17T19:45:00+00:00,8613.22,8619.01,8612.71,8619.01,238
2026-03-17T20:00:00+00:00,8619.01,8621.01,8617.01,8617.01,291.111677030887
2026-03-17T20:45:00+00:00,8617.01,8618.01,8617.01,8618.01,39.41437444543035
2026-03-17T22:45:00+00:00,8618.01,8620.52,8611.02,8619.52,117.4639979204575
2026-03-17T23:00:00+00:00,8619.52,8625.91,8610.91,8618.42,467
2026-03-17T23:15:00+00:00,8618.42,8623.92,8612.91,8615.43,277
2026-03-17T23:30:00+00:00,8615.43,8615.43,8604.91,8607.41,211
2026-03-17T23:45:00+00:00,8607.41,8611.93,8598.91,8602.93,186
2026-03-18T00:00:00+00:00,8602.93,8612.93,8595.91,8611.92,423
2026-03-18T00:15:00+00:00,8611.92,8621.91,8608.42,8617.91,291
2026-03-18T00:30:00+00:00,8617.91,8620.93,8611.91,8614.92,162
2026-03-18T00:45:00+00:00,8614.92,8618.93,8607.91,8616.41,240
2026-03-18T01:00:00+00:00,8616.41,8636.91,8614.93,8633.93,278
2026-03-18T01:15:00+00:00,8633.93,8638.93,8627.91,8628.43,226
2026-03-18T01:30:00+00:00,8628.43,8631.41,8626.43,8630.91,162
2026-03-18T01:45:00+00:00,8630.91,8630.91,8621.91,8626.93,160
2026-03-18T02:00:00+00:00,8626.93,8632.93,8625.42,8625.91,150
2026-03-18T02:15:00+00:00,8625.91,8630.92,8623.91,8625.91,162
2026-03-18T02:30:00+00:00,8625.91,8629.93,8624.91,8627.41,160
2026-03-18T02:45:00+00:00,8627.41,8632.91,8626.91,8632.91,155
2026-03-18T03:00:00+00:00,8632.91,8638.93,8631.93,8637.91,161
2026-03-18T03:15:00+00:00,8637.91,8639.93,8633.92,8634.43,92
2026-03-18T03:30:00+00:00,8634.43,8644.92,8632.91,8639.93,163
2026-03-18T03:45:00+00:00,8639.93,8645.93,8639.41,8639.92,151
2026-03-18T04:00:00+00:00,8639.92,8648.93,8639.92,8646.92,136
2026-03-18T04:15:00+00:00,8646.92,8649.92,8640.91,8641.92,127
2026-03-18T04:30:00+00:00,8641.92,8644.92,8638.91,8640.91,174.81770442610653
2026-03-18T04:45:00+00:00,8640.91,8643.92,8635.92,8640.91,127
2026-03-18T05:00:00+00:00,8640.91,8640.91,8635.51,8640.52,246
2026-03-18T05:15:00+00:00,8640.52,8642.03,8634.83,8634.83,158
2026-03-18T06:00:00+00:00,8634.33,8641.53,8633.31,8639.53,129
2026-03-18T06:15:00+00:00,8639.53,8651.03,8638.52,8647.52,104
2026-03-18T06:30:00+00:00,8647.52,8649.03,8643.51,8649.03,67.84787472035794
2026-03-18T06:45:00+00:00,8649.03,8649.53,8646.51,8648.01,276
2026-03-18T07:00:00+00:00,8648.01,8658.03,8648.01,8653.01,118
2026-03-18T07:15:00+00:00,8653.01,8653.02,8649.51,8650.02,54.67159277504105
2026-03-18T07:30:00+00:00,8650.02,8650.03,8643.03,8647.51,73
2026-03-18T07:45:00+00:00,8647.51,8648.53,8641.02,8645.02,67.34042553191489
2026-03-18T08:00:00+00:00,8645.02,8650.03,8641.03,8649.02,124
2026-03-18T08:15:00+00:00,8649.02,8650.03,8640.03,8641.03,138
2026-03-18T08:30:00+00:00,8641.03,8643.03,8637.51,8640.51,122
2026-03-18T08:45:00+00:00,8640.51,8650.51,8639.03,8648.01,99
2026-03-18T09:00:00+00:00,8648.01,8652.03,8641.03,8641.03,113
2026-03-18T09:15:00+00:00,8641.03,8649.02,8639.51,8646.02,96
2026-03-18T09:30:00+00:00,8646.02,8649.03,8644.51,8648.03,86
2026-03-18T09:45:00+00:00,8648.03,8654.03,8646.01,8651.02,126
2026-03-18T10:00:00+00:00,8651.02,8654.03,8646.03,8648.03,119
2026-03-18T10:15:00+00:00,8648.03,8651.03,8646.51,8648.03,152
2026-03-18T10:30:00+00:00,8648.03,8648.51,8643.51,8643.51,64.75471698113208
2026-03-18T10:45:00+00:00,8643.51,8645.03,8638.51,8640.01,68
2026-03-18T11:00:00+00:00,8640.01,8644.52,8638.52,8643.52,112.06888888888889
2026-03-18T11:15:00+00:00,8643.52,8649.53,8622.53,8622.53,272
2026-03-18T11:30:00+00:00,8622.53,8638.52,8619.53,8636.03,259
2026-03-18T11:45:00+00:00,8636.03,8636.03,8627.01,8628.51,171
2026-03-18T12:00:00+00:00,8628.51,8630.02,8608.53,8613.51,236
2026-03-18T12:15:00+00:00,8613.51,8613.52,8591.52,8593.82,347
2026-03-18T12:30:00+00:00,8593.82,8593.82,8560.81,8567.53,457
2026-03-18T12:45:00+00:00,8567.53,8569.03,8547.02,8548.51,527
2026-03-18T13:00:00+00:00,8548.51,8557.02,8543.01,8546.01,422
2026-03-18T13:15:00+00:00,8546.01,8562.03,8540.03,8561.02,226
2026-03-18T13:30:00+00:00,8561.02,8566.02,8550.82,8556.52,588
2026-03-18T13:45:00+00:00,8556.52,8567.81,8541.81,8560.02,838
2026-03-18T14:00:00+00:00,8560.02,8577.03,8547.81,8550.53,624
2026-03-18T14:15:00+00:00,8550.53,8553.02,8524.02,8529.01,435
2026-03-18T14:30:00+00:00,8529.01,8536.51,8496.82,8525.01,400
2026-03-18T14:45:00+00:00,8525.01,8538.53,8521.52,8538.02,419
2026-03-18T15:00:00+00:00,8538.02,8556.03,8537.01,8550.52,313
2026-03-18T15:15:00+00:00,8550.52,8553.01,8534.01,8539.02,284
2026-03-18T15:30:00+00:00,8539.02,8545.52,8533.81,8537.01,314
2026-03-18T15:45:00+00:00,8537.01,8540.52,8530.51,8537.53,374
2026-03-18T16:00:00+00:00,8537.53,8540.03,8529.01,8539.02,352
2026-03-18T16:15:00+00:00,8539.02,8554.53,8534.81,8551.51,333
2026-03-18T16:30:00+00:00,8551.51,8551.51,8530.52,8543.02,267
2026-03-18T16:45:00+00:00,8543.02,8549.03,8539.01,8542.03,184
2026-03-18T17:00:00+00:00,8542.03,8543.52,8529.51,8532.02,204
2026-03-18T17:15:00+00:00,8532.02,8538.01,8530.52,8536.03,177
2026-03-18T17:30:00+00:00,8536.03,8544.02,8531.51,8540.01,281
2026-03-18T17:45:00+00:00,8540.01,8549.02,8537.51,8541.51,404
2026-03-18T18:00:00+00:00,8541.51,8555.81,8538.51,8542.01,590
2026-03-18T18:15:00+00:00,8542.01,8547.52,8533.01,8539.52,483
2026-03-18T18:30:00+00:00,8539.52,8541.03,8517.01,8525.52,835
2026-03-18T18:45:00+00:00,8525.52,8525.52,8501.81,8506.03,487
2026-03-18T19:00:00+00:00,8506.03,8524.53,8504.52,8514.52,296
2026-03-18T19:15:00+00:00,8514.52,8516.53,8497.51,8498.51,314
2026-03-18T19:30:00+00:00,8498.51,8504.03,8486.82,8496.01,253
2026-03-18T19:45:00+00:00,8496.01,8501.02,8486.52,8491.31,342
2026-03-18T20:00:00+00:00,8491.31,8494.31,8483.31,8483.31,243.79696869579806
2026-03-18T20:15:00+00:00,8483.31,8484.31,8475.31,8480.31,223.99953588888093
2026-03-18T20:30:00+00:00,8480.31,8483.31,8478.31,8481.31,163.91542000882092
2026-03-18T20:45:00+00:00,8481.31,8482.31,8479.31,8479.31,168.70560308709292
2026-03-18T22:45:00+00:00,8479.31,8483.15,8460.64,8481.65,293.26157034308085
2026-03-18T23:00:00+00:00,8481.65,8493.05,8469.05,8480.53,710
2026-03-18T23:15:00+00:00,8480.53,8488.05,8477.04,8481.05,399
2026-03-18T23:30:00+00:00,8481.05,8504.54,8479.53,8493.04,462
2026-03-18T23:45:00+00:00,8493.04,8493.05,8478.53,8483.55,985
2026-03-19T00:00:00+00:00,8483.55,8495.05,8479.04,8485.03,877
2026-03-19T00:15:00+00:00,8485.03,8488.05,8474.05,8487.54,630
2026-03-19T00:30:00+00:00,8487.54,8503.05,8482.54,8485.05,858
2026-03-19T00:45:00+00:00,8485.05,8498.05,8483.53,8488.03,587
2026-03-19T01:00:00+00:00,8488.03,8490.05,8482.03,8484.05,512
2026-03-19T01:15:00+00:00,8484.05,8495.03,8483.03,8491.04,331
2026-03-19T01:30:00+00:00,8491.04,8496.54,8484.03,8493.55,409
2026-03-19T01:45:00+00:00,8493.55,8495.05,8475.55,8476.04,289
2026-03-19T02:00:00+00:00,8476.04,8493.05,8466.53,8484.05,863
2026-03-19T02:15:00+00:00,8484.05,8490.03,8478.03,8487.54,302
2026-03-19T02:30:00+00:00,8487.54,8500.05,8485.04,8495.04,306
2026-03-19T02:45:00+00:00,8495.04,8498.05,8489.53,8496.05,314
2026-03-19T03:00:00+00:00,8496.05,8503.55,8491.03,8494.53,266
2026-03-19T03:15:00+00:00,8494.53,8494.53,8488.04,8490.53,213
2026-03-19T03:30:00+00:00,8490.53,8494.55,8485.04,8493.55,190
2026-03-19T03:45:00+00:00,8493.55,8499.05,8481.05,8481.05,247
2026-03-19T04:00:00+00:00,8481.05,8483.03,8470.03,8474.03,407
2026-03-19T04:15:00+00:00,8474.03,8476.05,8468.04,8471.54,227
2026-03-19T04:30:00+00:00,8471.54,8477.04,8471.53,8475.04,258
2026-03-19T04:45:00+00:00,8475.04,8480.05,8469.04,8479.04,365
2026-03-19T05:00:00+00:00,8479.04,8479.04,8467.63,8474.63,391
2026-03-19T05:15:00+00:00,8474.63,8476.15,8459.64,8467.94,385
2026-03-19T06:00:00+00:00,8479.94,8479.94,8470.13,8475.63,163
2026-03-19T06:15:00+00:00,8475.63,8482.15,8468.65,8469.15,107
2026-03-19T06:30:00+00:00,8469.15,8471.14,8457.64,8465.65,143
2026-03-19T06:45:00+00:00,8465.65,8468.15,8458.65,8466.64,96
2026-03-19T07:00:00+00:00,8466.64,8468.14,8451.14,8459.13,427
2026-03-19T07:15:00+00:00,8459.13,8479.13,8459.13,8470.14,558
2026-03-19T07:30:00+00:00,8470.14,8470.14,8448.63,8451.15,659
2026-03-19T07:45:00+00:00,8451.15,8460.65,8447.63,8453.64,617
2026-03-19T08:00:00+00:00,8453.64,8466.14,8452.63,8461.63,1599
2026-03-19T08:15:00+00:00,8461.63,8467.64,8438.63,8441.14,1317
2026-03-19T08:30:00+00:00,8441.14,8444.65,8414.63,8415.64,1483
2026-03-19T08:45:00+00:00,8415.64,8431.64,8414.63,8421.63,1507
2026-03-19T09:00:00+00:00,8421.63,8440.64,8421.63,8433.14,1482
2026-03-19T09:15:00+00:00,8433.14,8440.65,8403.65,8408.63,1769
2026-03-19T09:30:00+00:00,8408.63,8425.15,8406.63,8414.64,1629
2026-03-19T09:45:00+00:00,8414.64,8461.15,8413.64,8456.15,1666
2026-03-19T10:00:00+00:00,8456.15,8456.15,8433.14,8433.63,845
2026-03-19T10:15:00+00:00,8433.63,8434.15,8423.13,8429.14,660
2026-03-19T10:30:00+00:00,8429.14,8436.15,8420.13,8424.13,744
2026-03-19T10:45:00+00:00,8424.13,8428.65,8419.13,8423.14,790
2026-03-19T11:00:00+00:00,8423.14,8431.13,8416.13,8424.65,860
2026-03-19T11:15:00+00:00,8424.65,8426.15,8410.13,8420.14,710
2026-03-19T11:30:00+00:00,8420.14,8424.64,8409.13,8412.65,589
2026-03-19T11:45:00+00:00,8412.65,8428.15,8411.64,8423.64,590
2026-03-19T12:00:00+00:00,8423.64,8425.15,8403.63,8406.14,1231
2026-03-19T12:15:00+00:00,8406.14,8407.15,8380.65,8386.95,894
2026-03-19T12:30:00+00:00,8386.95,8399.15,8377.65,8395.64,858
2026-03-19T12:45:00+00:00,8395.64,8396.15,8383.63,8390.13,1241
2026-03-19T13:00:00+00:00,8390.13,8392.65,8366.63,8366.63,1009
2026-03-19T13:15:00+00:00,8366.63,8405.14,8364.14,8382.13,1325
2026-03-19T13:30:00+00:00,8382.13,8402.15,8377.13,8394.13,4223
2026-03-19T13:45:00+00:00,8394.13,8425.95,8383.13,8424.64,2743
2026-03-19T14:00:00+00:00,8424.64,8443.65,8421.15,8430.13,1892
2026-03-19T14:15:00+00:00,8430.13,8431.65,8400.13,8407.13,1833
2026-03-19T14:30:00+00:00,8407.13,8437.13,8403.65,8425.65,1949
2026-03-19T14:45:00+00:00,8425.65,8433.65,8417.14,8419.63,1823
2026-03-19T15:00:00+00:00,8419.63,8447.14,8417.13,8439.64,1514
2026-03-19T15:15:00+00:00,8439.64,8446.13,8408.63,8416.13,1376
2026-03-19T15:30:00+00:00,8416.13,8416.14,8403.13,8406.15,1499
2026-03-19T15:45:00+00:00,8406.15,8428.65,8399.64,8426.15,2069
2026-03-19T16:00:00+00:00,8426.15,8446.15,8419.14,8430.14,1627
2026-03-19T16:15:00+00:00,8430.14,8433.15,8417.63,8428.64,1529
2026-03-19T16:30:00+00:00,8428.64,8434.15,8418.14,8431.14,1303
2026-03-19T16:45:00+00:00,8431.14,8432.65,8404.15,8415.15,1084
2026-03-19T17:00:00+00:00,8415.15,8416.65,8400.13,8403.15,687
2026-03-19T17:15:00+00:00,8403.15,8425.64,8400.13,8421.63,883
2026-03-19T17:30:00+00:00,8421.63,8426.65,8414.14,8418.15,790
2026-03-19T17:45:00+00:00,8418.15,8429.13,8415.63,8421.64,610
2026-03-19T18:00:00+00:00,8421.64,8438.15,8417.65,8436.63,681
2026-03-19T18:15:00+00:00,8436.63,8439.65,8425.63,8425.64,663
2026-03-19T18:30:00+00:00,8425.64,8427.65,8420.64,8425.15,517
2026-03-19T18:45:00+00:00,8425.15,8462.65,8423.63,8461.13,712
2026-03-19T19:00:00+00:00,8461.13,8505.65,8459.63,8497.63,3365
2026-03-19T19:15:00+00:00,8497.63,8504.65,8474.13,8480.63,2410
2026-03-19T19:30:00+00:00,8480.63,8484.13,8465.14,8481.13,1605
2026-03-19T19:45:00+00:00,8481.13,8488.64,8475.15,8481.44,838
2026-03-19T20:00:00+00:00,8481.44,8493.44,8479.44,8493.44,435.2869594493542
2026-03-19T20:15:00+00:00,8493.44,8496.44,8492.44,8494.44,179.84579059115921
2026-03-19T20:30:00+00:00,8494.44,8495.44,8490.44,8494.44,260.8781430390178
2026-03-19T20:45:00+00:00,8494.44,8496.44,8492.44,8494.44,220.47886953373808
2026-03-19T22:45:00+00:00,8494.44,8494.640000000001,8485.35,8486.86,260.35538461538465
2026-03-19T23:00:00+00:00,8486.86,8506.26,8484.75,8493.26,826
2026-03-19T23:15:00+00:00,8493.26,8493.26,8473.74,8477.74,555
2026-03-19T23:30:00+00:00,8477.74,8484.26,8475.25,8476.24,433
2026-03-19T23:45:00+00:00,8476.24,8482.25,8472.26,8476.24,476
2026-03-20T00:00:00+00:00,8476.24,8480.76,8467.25,8476.24,713
2026-03-20T00:15:00+00:00,8476.24,8482.26,8462.74,8467.25,872
2026-03-20T00:30:00+00:00,8467.25,8476.26,8467.24,8472.75,516
2026-03-20T00:45:00+00:00,8472.75,8478.25,8457.25,8457.76,515
2026-03-20T01:00:00+00:00,8457.76,8459.76,8447.24,8453.75,697
2026-03-20T01:15:00+00:00,8453.75,8465.24,8446.74,8464.25,582
2026-03-20T01:30:00+00:00,8464.25,8482.76,8458.25,8482.76,581
2026-03-20T01:45:00+00:00,8482.76,8495.24,8476.24,8479.74,486
2026-03-20T02:00:00+00:00,8479.74,8488.76,8475.74,8485.24,325
2026-03-20T02:15:00+00:00,8485.24,8495.76,8484.24,8487.25,324
2026-03-20T02:30:00+00:00,8487.25,8487.26,8475.24,8481.75,308
2026-03-20T02:45:00+00:00,8481.75,8482.26,8470.24,8472.24,221
2026-03-20T03:00:00+00:00,8472.24,8474.26,8460.24,8467.76,277
2026-03-20T03:15:00+00:00,8467.76,8472.74,8464.75,8466.25,211
2026-03-20T03:30:00+00:00,8466.25,8469.26,8456.76,8458.76,248
2026-03-20T03:45:00+00:00,8458.76,8465.26,8457.24,8463.25,209
2026-03-20T04:00:00+00:00,8463.25,8468.26,8454.25,8455.26,249
2026-03-20T04:15:00+00:00,8455.26,8455.26,8446.74,8455.24,250
2026-03-20T04:30:00+00:00,8455.24,8457.26,8450.24,8452.74,196
2026-03-20T04:45:00+00:00,8452.74,8453.26,8444.75,8446.26,249
2026-03-20T05:00:00+00:00,8446.26,8446.26,8417.34,8433.85,1006
2026-03-20T05:15:00+00:00,8433.85,8459.35,8430.86,8455.640000000001,562
2026-03-20T06:00:00+00:00,8446.54,8450.26,8443.74,8448.76,135
2026-03-20T06:15:00+00:00,8448.76,8448.76,8434.74,8435.74,86
2026-03-20T06:30:00+00:00,8435.74,8439.74,8432.76,8433.24,99
2026-03-20T06:45:00+00:00,8433.24,8434.76,8428.74,8431.25,52.158008658008654
2026-03-20T07:00:00+00:00,8431.25,8431.25,8419.76,8429.26,209
2026-03-20T07:15:00+00:00,8429.26,8450.76,8428.74,8449.26,268
2026-03-20T07:30:00+00:00,8449.26,8461.26,8448.75,8461.24,207
2026-03-20T07:45:00+00:00,8461.24,8473.76,8459.25,8470.75,230
2026-03-20T08:00:00+00:00,8470.75,8487.76,8463.74,8485.76,794
2026-03-20T08:15:00+00:00,8485.76,8488.74,8476.24,8476.74,742
2026-03-20T08:30:00+00:00,8476.74,8482.76,8469.74,8470.24,879
2026-03-20T08:45:00+00:00,8470.24,8478.26,8464.74,8468.24,713
2026-03-20T09:00:00+00:00,8468.24,8471.75,8456.76,8458.26,716
2026-03-20T09:15:00+00:00,8458.26,8458.26,8440.75,8441.76,985
2026-03-20T09:30:00+00:00,8441.76,8451.76,8433.74,8441.24,1088
2026-03-20T09:45:00+00:00,8441.24,8441.24,8412.74,8418.76,1394
2026-03-20T10:00:00+00:00,8418.76,8421.76,8387.24,8390.75,1558
2026-03-20T10:15:00+00:00,8390.75,8397.26,8380.24,8393.76,1563
2026-03-20T10:30:00+00:00,8393.76,8418.76,8392.26,8414.25,918
2026-03-20T10:45:00+00:00,8414.25,8415.26,8401.75,8406.24,1201
2026-03-20T11:00:00+00:00,8406.24,8435.25,8404.74,8430.26,1097
2026-03-20T11:15:00+00:00,8430.26,8442.25,8427.74,8431.26,993
2026-03-20T11:30:00+00:00,8431.26,8438.76,8424.76,8436.74,921
2026-03-20T11:45:00+00:00,8436.74,8441.76,8426.74,8440.26,877
2026-03-20T12:00:00+00:00,8440.26,8452.76,8430.74,8442.26,1236
2026-03-20T12:15:00+00:00,8442.26,8444.76,8431.75,8442.24,1025
2026-03-20T12:30:00+00:00,8442.24,8445.76,8423.74,8435.25,1010
2026-03-20T12:45:00+00:00,8435.25,8446.26,8428.75,8440.76,991
2026-03-20T13:00:00+00:00,8440.76,8444.25,8420.24,8425.26,1028
2026-03-20T13:15:00+00:00,8425.26,8430.75,8421.74,8426.26,845
2026-03-20T13:30:00+00:00,8426.26,8431.24,8408.24,8424.24,2674
2026-03-20T13:45:00+00:00,8424.24,8427.76,8379.74,8380.74,2035
2026-03-20T14:00:00+00:00,8380.74,8382.26,8337.74,8340.74,2215
2026-03-20T14:15:00+00:00,8340.74,8344.24,8324.26,8329.25,1518
2026-03-20T14:30:00+00:00,8329.25,8353.75,8328.25,8334.74,2773
2026-03-20T14:45:00+00:00,8334.74,8343.26,8315.04,8324.24,2147
2026-03-20T15:00:00+00:00,8324.24,8341.75,8313.25,8338.75,2393
2026-03-20T15:15:00+00:00,8338.75,8351.24,8309.74,8317.26,2417
2026-03-20T15:30:00+00:00,8317.26,8335.26,8316.26,8326.75,2020
2026-03-20T15:45:00+00:00,8326.75,8334.25,8319.25,8326.74,2089
2026-03-20T16:00:00+00:00,8326.74,8340.76,8321.76,8326.75,1512
2026-03-20T16:15:00+00:00,8326.75,8333.25,8314.24,8315.75,1529
2026-03-20T16:30:00+00:00,8315.75,8317.25,8299.26,8309.26,1480
2026-03-20T16:45:00+00:00,8309.26,8323.24,8299.25,8314.26,1239
2026-03-20T17:00:00+00:00,8314.26,8319.76,8300.24,8311.25,1636
2026-03-20T17:15:00+00:00,8311.25,8321.75,8307.24,8311.26,1149
2026-03-20T17:30:00+00:00,8311.26,8313.75,8292.76,8305.74,901
2026-03-20T17:45:00+00:00,8305.74,8315.75,8301.74,8312.24,919
2026-03-20T18:00:00+00:00,8312.24,8316.76,8298.24,8302.25,818
2026-03-20T18:15:00+00:00,8302.25,8303.74,8266.06,8288.24,1608
2026-03-20T18:30:00+00:00,8288.24,8290.76,8278.24,8282.26,951
2026-03-20T18:45:00+00:00,8282.26,8284.25,8270.24,8276.26,813
2026-03-20T19:00:00+00:00,8276.26,8284.26,8264.75,8269.75,795
2026-03-20T19:15:00+00:00,8269.75,8274.76,8258.74,8266.25,738
2026-03-20T19:30:00+00:00,8266.25,8275.24,8250.74,8272.76,1024
2026-03-20T19:45:00+00:00,8272.76,8293.76,8263.74,8287.54,830
2026-03-20T20:00:00+00:00,8287.54,8294.54,8282.54,8289.54,510.3329270824787
2026-03-20T20:15:00+00:00,8289.54,8292.54,8278.54,8289.54,267.3940838830126
2026-03-20T20:30:00+00:00,8289.54,8291.54,8284.54,8285.54,195.66633085341334
2026-03-22T22:45:00+00:00,8285.54,8285.54,8269.59,8272.59,263
2026-03-22T23:00:00+00:00,8272.59,8284.51,8263,8279.01,1420
2026-03-22T23:15:00+00:00,8279.01,8292.49,8270.49,8275.49,1041
2026-03-22T23:30:00+00:00,8275.49,8289.5,8267.99,8289,824
2026-03-22T23:45:00+00:00,8289,8299.51,8280.49,8294.49,1312
2026-03-23T00:00:00+00:00,8294.49,8314.51,8286.49,8302.51,1768
2026-03-23T00:15:00+00:00,8302.51,8329.49,8298.49,8316.51,1588
2026-03-23T00:30:00+00:00,8316.51,8316.51,8278.99,8297.99,1397
2026-03-23T00:45:00+00:00,8297.99,8312.51,8291.99,8296,1837
2026-03-23T01:00:00+00:00,8296,8327.51,8296,8327.01,1788
2026-03-23T01:15:00+00:00,8327.01,8344.01,8323.49,8336.99,1172
2026-03-23T01:30:00+00:00,8336.99,8366.49,8332.5,8360.01,1543
2026-03-23T01:45:00+00:00,8360.01,8365.51,8348,8359.01,1007
2026-03-23T02:00:00+00:00,8359.01,8380.51,8358.49,8366.49,1135
2026-03-23T02:15:00+00:00,8366.49,8396.01,8362.99,8384,1236
2026-03-23T02:30:00+00:00,8384,8385.51,8363.99,8374.01,798
2026-03-23T02:45:00+00:00,8374.01,8375,8358.51,8359.5,771
2026-03-23T03:00:00+00:00,8359.5,8373.5,8357.5,8358.5,764
2026-03-23T03:15:00+00:00,8358.5,8368.5,8355.5,8357.01,772
2026-03-23T03:30:00+00:00,8357.01,8364.51,8352.49,8361.49,956
2026-03-23T03:45:00+00:00,8361.49,8368.51,8348.99,8350.99,704
2026-03-23T04:00:00+00:00,8350.99,8367.01,8350.99,8366.49,778
2026-03-23T04:15:00+00:00,8366.49,8371.5,8365.49,8369.49,664
2026-03-23T04:30:00+00:00,8369.49,8373.01,8366.99,8368.01,466
2026-03-23T04:45:00+00:00,8368.01,8384.51,8366,8373.5,626
2026-03-23T05:00:00+00:00,8373.5,8384.11,8359.1,8365.09,878
2026-03-23T05:15:00+00:00,8365.09,8367.61,8356.1,8364.9,569
2026-03-23T06:00:00+00:00,8366.9,8366.9,8351.61,8356.11,146
2026-03-23T06:15:00+00:00,8356.11,8363.11,8349.6,8350.6,257
2026-03-23T06:30:00+00:00,8350.6,8352.11,8337.1,8337.1,186
2026-03-23T06:45:00+00:00,8337.1,8340.59,8326.1,8331.11,295
2026-03-23T07:00:00+00:00,8331.11,8350.61,8326.1,8345.61,728
2026-03-23T07:15:00+00:00,8345.61,8345.61,8313.1,8320.61,1312
2026-03-23T07:30:00+00:00,8320.61,8334.11,8319.59,8334.11,1322
2026-03-23T07:45:00+00:00,8334.11,8340.61,8321.09,8324.09,1100
2026-03-23T08:00:00+00:00,8324.09,8337.61,8318.61,8333.6,2652
2026-03-23T08:15:00+00:00,8333.6,8334.11,8316.59,8317.1,2978
2026-03-23T08:30:00+00:00,8317.1,8334.1,8313.09,8316.61,2244
2026-03-23T08:45:00+00:00,8316.61,8331.61,8304.59,8315.11,1746
2026-03-23T09:00:00+00:00,8315.11,8328.1,8299.6,8319.11,1910
2026-03-23T09:15:00+00:00,8319.11,8336.11,8315.11,8326.09,1922
2026-03-23T09:30:00+00:00,8326.09,8326.61,8294.59,8298.6,1495
2026-03-23T09:45:00+00:00,8298.6,8308.61,8294.11,8300.11,1112
2026-03-23T10:00:00+00:00,8300.11,8312.11,8292.6,8299.11,1618
2026-03-23T10:15:00+00:00,8299.11,8306.1,8290.09,8291.6,1313
2026-03-23T10:30:00+00:00,8291.6,8308.6,8289.6,8297.59,1421
2026-03-23T10:45:00+00:00,8297.59,8320.09,8289.59,8303.59,1414
2026-03-23T11:00:00+00:00,8303.59,8608.41,8303.59,8567.59,2032
2026-03-23T11:15:00+00:00,8567.59,8568.61,8483.59,8510.6,5765
2026-03-23T11:30:00+00:00,8510.6,8557.09,8501.59,8505.61,3666
2026-03-23T11:45:00+00:00,8505.61,8513.09,8462.41,8478.6,3953
2026-03-23T12:00:00+00:00,8478.6,8515.59,8455.4,8483.1,3442
2026-03-23T12:15:00+00:00,8483.1,8529.09,8482.59,8517.6,2212
2026-03-23T12:30:00+00:00,8517.6,8549.1,8499.1,8548.09,3196
2026-03-23T12:45:00+00:00,8548.09,8554.1,8536.09,8545.09,3213
2026-03-23T13:00:00+00:00,8545.09,8554.59,8530.11,8533.6,2016
2026-03-23T13:15:00+00:00,8533.6,8539.1,8511.59,8513.1,1316
2026-03-23T13:30:00+00:00,8513.1,8535.61,8488.59,8515.61,4507
2026-03-23T13:45:00+00:00,8515.61,8542.6,8510.6,8540.6,2577
2026-03-23T14:00:00+00:00,8540.6,8553.61,8529.59,8534.11,2082
2026-03-23T14:15:00+00:00,8534.11,8563.11,8532.6,8548.61,1609
2026-03-23T14:30:00+00:00,8548.61,8548.61,8521.59,8543.59,2063
2026-03-23T14:45:00+00:00,8543.59,8564.11,8538.6,8559.59,1826
2026-03-23T15:00:00+00:00,8559.59,8579.11,8557.59,8574.11,1619
2026-03-23T15:15:00+00:00,8574.11,8576.11,8551.09,8551.6,1621
2026-03-23T15:30:00+00:00,8551.6,8560.09,8528.59,8530.11,1607
2026-03-23T15:45:00+00:00,8530.11,8536.61,8490.11,8493.1,2302
2026-03-23T16:00:00+00:00,8493.1,8514.6,8490.61,8506.59,2297
2026-03-23T16:15:00+00:00,8506.59,8508.11,8470.41,8474.59,1686
2026-03-23T16:30:00+00:00,8474.59,8505.6,8469.6,8504.59,2297
2026-03-23T16:45:00+00:00,8504.59,8511.61,8488.59,8496.6,1731
2026-03-23T17:00:00+00:00,8496.6,8506.59,8483.09,8497.09,1452
2026-03-23T17:15:00+00:00,8497.09,8507.61,8489.11,8506.6,1272
2026-03-23T17:30:00+00:00,8506.6,8540.59,8506.09,8520.11,1711
2026-03-23T17:45:00+00:00,8520.11,8529.11,8513.61,8527.59,1075
2026-03-23T18:00:00+00:00,8527.59,8531.11,8503.59,8511.6,1494
2026-03-23T18:15:00+00:00,8511.6,8518.59,8503.1,8514.6,1089
2026-03-23T18:30:00+00:00,8514.6,8546.6,8514.6,8536.1,1036
2026-03-23T18:45:00+00:00,8536.1,8542.61,8531.61,8532.11,620
2026-03-23T19:00:00+00:00,8532.11,8533.1,8523.59,8524.11,602
2026-03-23T19:15:00+00:00,8524.11,8525.59,8507.59,8510.6,626
2026-03-23T19:30:00+00:00,8510.6,8523.11,8508.09,8522.1,506
2026-03-23T19:45:00+00:00,8522.1,8530.11,8509.41,8518.39,742
2026-03-23T20:00:00+00:00,8518.39,8520.39,8515.39,8516.39,72.7394540942928
2026-03-23T20:45:00+00:00,8516.39,8517.39,8515.39,8516.39,49.607133558969025
2026-03-23T22:45:00+00:00,8516.39,8524.15,8511.14,8511.14,236.10685697024618
2026-03-23T23:00:00+00:00,8511.14,8512.05,8464.55,8475.05,890
2026-03-23T23:15:00+00:00,8475.05,8478.56,8459.54,8470.56,544
2026-03-23T23:30:00+00:00,8470.56,8473.06,8453.06,8455.54,315
2026-03-23T23:45:00+00:00,8455.54,8455.54,8431.54,8438.04,681
2026-03-24T00:00:00+00:00,8438.04,8447.56,8421.54,8432.06,902
2026-03-24T00:15:00+00:00,8432.06,8438.56,8412.54,8429.04,1151
2026-03-24T00:30:00+00:00,8429.04,8433.55,8382.54,8400.56,1401
2026-03-24T00:45:00+00:00,8400.56,8411.06,8397.54,8403.56,572
2026-03-24T01:00:00+00:00,8403.56,8404.06,8385.54,8386.54,765
2026-03-24T01:15:00+00:00,8386.54,8404.56,8374.04,8400.06,537
2026-03-24T01:30:00+00:00,8400.06,8401.55,8380.54,8380.54,545
2026-03-24T01:45:00+00:00,8380.54,8391.06,8373.54,8391.05,622
2026-03-24T02:00:00+00:00,8391.05,8410.56,8388.04,8396.04,691
2026-03-24T02:15:00+00:00,8396.04,8405.06,8389.54,8400.56,442
2026-03-24T02:30:00+00:00,8400.56,8411.56,8394.54,8409.04,297
2026-03-24T02:45:00+00:00,8409.04,8412.56,8390.54,8391.56,501
2026-03-24T03:00:00+00:00,8391.56,8396.56,8383.54,8393.56,504
2026-03-24T03:15:00+00:00,8393.56,8402.56,8392.54,8398.56,339
2026-03-24T03:30:00+00:00,8398.56,8399.54,8385.54,8393.04,403
2026-03-24T03:45:00+00:00,8393.04,8401.56,8391.54,8400.56,362
2026-03-24T04:00:00+00:00,8400.56,8410.06,8398.54,8406.04,268
2026-03-24T04:15:00+00:00,8406.04,8406.54,8386.54,8388.56,457
2026-03-24T04:30:00+00:00,8388.56,8391.56,8384.05,8388.04,345
2026-03-24T04:45:00+00:00,8388.04,8400.56,8388.04,8396.05,326
2026-03-24T05:00:00+00:00,8396.05,8398.14,8373.15,8373.65,841
2026-03-24T05:15:00+00:00,8373.65,8385.16,8366.14,8367.95,827
2026-03-24T06:00:00+00:00,8369.95,8394.14,8369.95,8390.15,103
2026-03-24T06:15:00+00:00,8390.15,8408.15,8389.64,8407.66,195
2026-03-24T06:30:00+00:00,8407.66,8414.15,8406.64,8411.64,143
2026-03-24T06:45:00+00:00,8411.64,8419.64,8407.14,8417.15,135
2026-03-24T07:00:00+00:00,8417.15,8448.66,8415.14,8447.66,619
2026-03-24T07:15:00+00:00,8447.66,8456.66,8441.15,8447.14,986
2026-03-24T07:30:00+00:00,8447.14,8448.15,8438.14,8442.16,797
2026-03-24T07:45:00+00:00,8442.16,8447.66,8435.65,8444.15,851
2026-03-24T08:00:00+00:00,8444.15,8455.16,8436.64,8446.65,1988
2026-03-24T08:15:00+00:00,8446.65,8452.16,8415.14,8416.64,1539
2026-03-24T08:30:00+00:00,8416.64,8429.16,8410.64,8415.66,1789
2026-03-24T08:45:00+00:00,8415.66,8426.65,8406.15,8408.66,2041
2026-03-24T09:00:00+00:00,8408.66,8416.65,8384.14,8385.16,1603
2026-03-24T09:15:00+00:00,8385.16,8403.64,8382.14,8400.15,1373
2026-03-24T09:30:00+00:00,8400.15,8409.15,8395.14,8406.65,1309
2026-03-24T09:45:00+00:00,8406.65,8424.16,8398.65,8418.15,967
2026-03-24T10:00:00+00:00,8418.15,8420.16,8401.66,8417.64,1271
2026-03-24T10:15:00+00:00,8417.64,8423.66,8408.14,8410.14,969
2026-03-24T10:30:00+00:00,8410.14,8425.15,8406.15,8421.15,999
2026-03-24T10:45:00+00:00,8421.15,8426.64,8402.15,8414.65,708
2026-03-24T11:00:00+00:00,8414.65,8422.64,8403.66,8415.65,1113
2026-03-24T11:15:00+00:00,8415.65,8417.16,8405.64,8409.15,853
2026-03-24T11:30:00+00:00,8409.15,8411.64,8403.64,8403.64,1014
2026-03-24T11:45:00+00:00,8403.64,8418.66,8383.14,8416.64,1571
2026-03-24T12:00:00+00:00,8416.64,8419.65,8394.66,8399.66,1173
2026-03-24T12:15:00+00:00,8399.66,8406.66,8394.65,8398.64,574
2026-03-24T12:30:00+00:00,8398.64,8399.64,8371.15,8375.14,945
2026-03-24T12:45:00+00:00,8375.14,8385.16,8371.65,8377.14,1532
2026-03-24T13:00:00+00:00,8377.14,8387.16,8359.44,8377.64,1665
2026-03-24T13:15:00+00:00,8377.64,8381.66,8363.64,8370.15,1329
2026-03-24T13:30:00+00:00,8370.15,8391.66,8360.15,8363.45,3589
2026-03-24T13:45:00+00:00,8363.45,8393.66,8363.45,8393.66,1883
2026-03-24T14:00:00+00:00,8393.66,8428.65,8391.65,8413.65,2425
2026-03-24T14:15:00+00:00,8413.65,8423.15,8404.65,8415.16,2548
2026-03-24T14:30:00+00:00,8415.16,8429.65,8409.66,8427.66,2370
2026-03-24T14:45:00+00:00,8427.66,8455.16,8410.64,8436.64,4289
2026-03-24T15:00:00+00:00,8436.64,8450.16,8436.15,8446.16,2752
2026-03-24T15:15:00+00:00,8446.16,8464.66,8443.16,8457.66,1438
2026-03-24T15:30:00+00:00,8457.66,8462.15,8445.16,8455.15,1250
2026-03-24T15:45:00+00:00,8455.15,8461.15,8436.14,8436.15,1384
2026-03-24T16:00:00+00:00,8436.15,8443.66,8433.64,8442.15,1595
2026-03-24T16:15:00+00:00,8442.15,8457.14,8441.16,8456.16,1232
2026-03-24T16:30:00+00:00,8456.16,8459.16,8432.14,8452.14,1559
2026-03-24T16:45:00+00:00,8452.14,8457.16,8440.16,8445.15,1306
2026-03-24T17:00:00+00:00,8445.15,8447.16,8408.14,8410.14,2251
2026-03-24T17:15:00+00:00,8410.14,8421.14,8409.15,8420.14,1785
2026-03-24T17:30:00+00:00,8420.14,8425.16,8407.64,8409.65,1420
2026-03-24T17:45:00+00:00,8409.65,8432.16,8407.64,8430.66,2203
2026-03-24T18:00:00+00:00,8430.66,8438.15,8424.65,8429.64,1519
2026-03-24T18:15:00+00:00,8429.64,8438.16,8421.16,8432.64,1207
2026-03-24T18:30:00+00:00,8432.64,8457.16,8431.66,8442.64,1530
2026-03-24T18:45:00+00:00,8442.64,8449.66,8433.64,8437.14,886
2026-03-24T19:00:00+00:00,8437.14,8453.16,8437.14,8452.65,732
2026-03-24T19:15:00+00:00,8452.65,8452.65,8441.14,8443.14,613
2026-03-24T19:30:00+00:00,8443.14,8445.16,8434.64,8435.16,613
2026-03-24T19:45:00+00:00,8435.16,8435.16,8420.14,8423.44,417
2026-03-24T20:00:00+00:00,8423.44,8430.44,8422.44,8430.44,302.22660281196755
2026-03-24T20:45:00+00:00,8430.44,8431.44,8428.44,8429.44,54.65546218487395
2026-03-24T22:45:00+00:00,8429.44,8501.13,8428.94,8499.12,290.64333311341295
2026-03-24T23:00:00+00:00,8499.12,8503.03,8476.51,8495.52,1074
2026-03-24T23:15:00+00:00,8495.52,8510.53,8492.51,8505.02,676
2026-03-24T23:30:00+00:00,8505.02,8509.52,8491.03,8494.52,742
2026-03-24T23:45:00+00:00,8494.52,8508.53,8491.53,8508.03,796
2026-03-25T00:00:00+00:00,8508.03,8543.53,8501.51,8540.52,1445
2026-03-25T00:15:00+00:00,8540.52,8542.53,8516.51,8523.41,1067
2026-03-25T00:30:00+00:00,8523.41,8566.52,8523.41,8562.51,1323
2026-03-25T00:45:00+00:00,8562.51,8573.53,8558.52,8568.52,930
2026-03-25T01:00:00+00:00,8568.52,8571.52,8555.51,8556.52,1064
2026-03-25T01:15:00+00:00,8556.52,8567.03,8554.01,8562.51,888
2026-03-25T01:30:00+00:00,8562.51,8572.02,8556.52,8562.53,683
2026-03-25T01:45:00+00:00,8562.53,8573.53,8556.51,8557.03,643
2026-03-25T02:00:00+00:00,8557.03,8557.52,8539.51,8544.02,949
2026-03-25T02:15:00+00:00,8544.02,8552.53,8543.51,8549.53,494
2026-03-25T02:30:00+00:00,8549.53,8553.53,8543.51,8545.03,455
2026-03-25T02:45:00+00:00,8545.03,8549.51,8536.02,8537.52,449
2026-03-25T03:00:00+00:00,8537.52,8548.52,8535.51,8536.01,469
2026-03-25T03:15:00+00:00,8536.01,8536.01,8527.51,8529.03,470
2026-03-25T03:30:00+00:00,8529.03,8530.03,8520.51,8521.02,409
2026-03-25T03:45:00+00:00,8521.02,8538.51,8521.02,8537.52,396
2026-03-25T04:00:00+00:00,8537.52,8542.53,8536.51,8539.51,313
2026-03-25T04:15:00+00:00,8539.51,8547.51,8538.51,8546.01,326
2026-03-25T04:30:00+00:00,8546.01,8547.52,8536.51,8536.51,342
2026-03-25T04:45:00+00:00,8536.51,8537.53,8531.51,8533.02,401
2026-03-25T05:00:00+00:00,8533.02,8545.13,8525.11,8543.61,670
2026-03-25T05:15:00+00:00,8543.61,8544.13,8530.11,8535.91,578
2026-03-25T06:00:00+00:00,8528.91,8528.91,8513.12,8523.63,198
2026-03-25T06:15:00+00:00,8523.63,8529.13,8516.61,8520.61,270
2026-03-25T06:30:00+00:00,8520.61,8520.61,8515.11,8518.63,102
2026-03-25T06:45:00+00:00,8518.63,8525.13,8517.63,8522.61,117
2026-03-25T07:00:00+00:00,8522.61,8533.13,8517.11,8531.62,486
2026-03-25T07:15:00+00:00,8531.62,8532.13,8516.11,8521.11,414
2026-03-25T07:30:00+00:00,8521.11,8535.13,8519.12,8532.13,560
2026-03-25T07:45:00+00:00,8532.13,8543.13,8530.13,8540.11,555
2026-03-25T08:00:00+00:00,8540.11,8564.62,8538.61,8560.63,1419
2026-03-25T08:15:00+00:00,8560.63,8575.13,8560.13,8569.61,958
2026-03-25T08:30:00+00:00,8569.61,8579.11,8560.62,8567.63,1501
2026-03-25T08:45:00+00:00,8567.63,8573.63,8551.63,8555.61,1071
2026-03-25T09:00:00+00:00,8555.61,8568.13,8550.12,8567.11,1041
2026-03-25T09:15:00+00:00,8567.11,8569.62,8548.11,8552.62,632
2026-03-25T09:30:00+00:00,8552.62,8563.13,8551.62,8552.61,932
2026-03-25T09:45:00+00:00,8552.61,8562.62,8540.12,8556.62,1163
2026-03-25T10:00:00+00:00,8556.62,8576.13,8556.62,8569.11,1063
2026-03-25T10:15:00+00:00,8569.11,8572.13,8561.61,8562.11,738
2026-03-25T10:30:00+00:00,8562.11,8573.63,8559.63,8561.11,744
2026-03-25T10:45:00+00:00,8561.11,8576.12,8560.11,8569.12,619
2026-03-25T11:00:00+00:00,8569.12,8583.63,8568.12,8577.13,629
2026-03-25T11:15:00+00:00,8577.13,8585.13,8572.61,8578.61,590
2026-03-25T11:30:00+00:00,8578.61,8589.62,8578.61,8587.61,539
2026-03-25T11:45:00+00:00,8587.61,8587.61,8569.13,8584.62,1267
2026-03-25T12:00:00+00:00,8584.62,8597.13,8582.63,8591.11,1000
2026-03-25T12:15:00+00:00,8591.11,8592.12,8549.62,8552.63,2532
2026-03-25T12:30:00+00:00,8552.63,8559.63,8535.61,8551.61,1260
2026-03-25T12:45:00+00:00,8551.61,8567.12,8547.61,8558.13,860
2026-03-25T13:00:00+00:00,8558.13,8573.63,8554.11,8558.13,1101
2026-03-25T13:15:00+00:00,8558.13,8564.13,8555.63,8562.62,875
2026-03-25T13:30:00+00:00,8562.62,8574.13,8555.11,8559.61,2995
2026-03-25T13:45:00+00:00,8559.61,8563.13,8532.61,8534.11,3180
2026-03-25T14:00:00+00:00,8534.11,8555.13,8526.61,8554.63,2794
2026-03-25T14:15:00+00:00,8554.63,8564.13,8541.11,8555.63,2509
2026-03-25T14:30:00+00:00,8555.63,8565.62,8549.61,8558.62,2058
2026-03-25T14:45:00+00:00,8558.62,8570.63,8554.62,8559.12,1348
2026-03-25T15:00:00+00:00,8559.12,8561.61,8527.12,8528.11,1962
2026-03-25T15:15:00+00:00,8528.11,8557.63,8511.11,8557.13,2315
2026-03-25T15:30:00+00:00,8557.13,8559.63,8538.12,8545.12,1321
2026-03-25T15:45:00+00:00,8545.12,8551.13,8539.13,8545.61,1619
2026-03-25T16:00:00+00:00,8545.61,8548.12,8535.61,8542.12,1427
2026-03-25T16:15:00+00:00,8542.12,8555.13,8532.11,8551.13,2042
2026-03-25T16:30:00+00:00,8551.13,8564.12,8548.61,8560.11,1552
2026-03-25T16:45:00+00:00,8560.11,8562.13,8551.11,8558.12,1076
2026-03-25T17:00:00+00:00,8558.12,8565.11,8551.61,8558.61,1014
2026-03-25T17:15:00+00:00,8558.61,8567.12,8551.61,8563.62,764
2026-03-25T17:30:00+00:00,8563.62,8575.12,8560.12,8569.62,1195
2026-03-25T17:45:00+00:00,8569.62,8570.12,8552.11,8557.11,1072
2026-03-25T18:00:00+00:00,8557.11,8562.13,8553.11,8558.13,430
2026-03-25T18:15:00+00:00,8558.13,8562.62,8553.61,8554.62,356
2026-03-25T18:30:00+00:00,8554.62,8559.13,8551.61,8553.62,413
2026-03-25T18:45:00+00:00,8553.62,8556.11,8537.61,8549.13,769
2026-03-25T19:00:00+00:00,8549.13,8549.61,8541.61,8549.13,847
2026-03-25T19:15:00+00:00,8549.13,8555.63,8548.12,8548.12,530
2026-03-25T19:30:00+00:00,8548.12,8551.63,8541.61,8547.13,544
2026-03-25T19:45:00+00:00,8547.13,8554.11,8545.12,8551.93,397
2026-03-25T20:00:00+00:00,8551.93,8555.93,8550.93,8553.93,330.48082546128
2026-03-25T20:15:00+00:00,8553.93,8554.93,8549.93,8549.93,166.19758999800644
2026-03-25T20:30:00+00:00,8549.93,8553.93,8547.93,8551.93,154.81647614422516
2026-03-25T20:45:00+00:00,8551.93,8552.93,8549.93,8551.93,182.0192254803134
2026-03-25T22:45:00+00:00,8551.93,8551.93,8522.58,8533.08,229.2946334619432
2026-03-25T23:00:00+00:00,8533.08,8553,8531.48,8534,733
2026-03-25T23:15:00+00:00,8534,8535.99,8520.98,8526.5,577
2026-03-25T23:30:00+00:00,8526.5,8532,8515.98,8519,440
2026-03-25T23:45:00+00:00,8519,8535.5,8516.98,8534.48,478
2026-03-26T00:00:00+00:00,8534.48,8544.99,8534,8543.5,595
2026-03-26T00:15:00+00:00,8543.5,8552.5,8540.99,8542.99,560
2026-03-26T00:30:00+00:00,8542.99,8548,8536.99,8539.5,357
2026-03-26T00:45:00+00:00,8539.5,8540.5,8530.48,8536.5,553
2026-03-26T01:00:00+00:00,8536.5,8541,8533.48,8534.99,675
2026-03-26T01:15:00+00:00,8534.99,8535.99,8526.98,8532,498
2026-03-26T01:30:00+00:00,8532,8537.99,8529.49,8529.5,514
2026-03-26T01:45:00+00:00,8529.5,8531.99,8522.98,8526,508
2026-03-26T02:00:00+00:00,8526,8529.5,8516.98,8517.99,429
2026-03-26T02:15:00+00:00,8517.99,8526,8516,8517,463
2026-03-26T02:30:00+00:00,8517,8518,8496.98,8510.48,697
2026-03-26T02:45:00+00:00,8510.48,8520,8505.5,8508.5,563
2026-03-26T03:00:00+00:00,8508.5,8513,8502.49,8511.99,324
2026-03-26T03:15:00+00:00,8511.99,8514,8506.98,8514,288
2026-03-26T03:30:00+00:00,8514,8526,8512.98,8522.98,519
2026-03-26T03:45:00+00:00,8522.98,8525.5,8513.98,8516.98,343
2026-03-26T04:00:00+00:00,8516.98,8521.99,8514.98,8517.48,354
2026-03-26T04:15:00+00:00,8517.48,8523.48,8515.98,8521.98,299
2026-03-26T04:30:00+00:00,8521.98,8524,8515.99,8517.98,196
2026-03-26T04:45:00+00:00,8517.98,8520,8513.98,8515.98,324
2026-03-26T05:00:00+00:00,8515.98,8520.6,8509.59,8513.09,509
2026-03-26T05:15:00+00:00,8513.09,8516.6,8504.08,8514.9,329
2026-03-26T06:00:00+00:00,8515.9,8523.08,8507.09,8510.59,147
2026-03-26T06:15:00+00:00,8510.59,8520.59,8500.58,8520.1,199
2026-03-26T06:30:00+00:00,8520.1,8525.58,8512.58,8515.1,125
2026-03-26T06:45:00+00:00,8515.1,8520.09,8514.08,8518.6,61.77031802120141
2026-03-26T07:00:00+00:00,8518.6,8522.1,8506.08,8509.1,206
2026-03-26T07:15:00+00:00,8509.1,8517.59,8496.58,8509.09,513
2026-03-26T07:30:00+00:00,8509.09,8510.59,8501.58,8506.08,455
2026-03-26T07:45:00+00:00,8506.08,8516.1,8506.08,8510.09,423
2026-03-26T08:00:00+00:00,8510.09,8521.58,8505.6,8507.08,1181
2026-03-26T08:15:00+00:00,8507.08,8514.1,8501.58,8502.08,1084
2026-03-26T08:30:00+00:00,8502.08,8507.6,8493.08,8494.1,1062
2026-03-26T08:45:00+00:00,8494.1,8501.6,8485.59,8498.09,795
2026-03-26T09:00:00+00:00,8498.09,8500.6,8486.09,8488.59,1153
2026-03-26T09:15:00+00:00,8488.59,8491.6,8474.08,8475.59,1121
2026-03-26T09:30:00+00:00,8475.59,8475.59,8465.58,8469.6,1169
2026-03-26T09:45:00+00:00,8469.6,8479.09,8466.58,8475.09,746
2026-03-26T10:00:00+00:00,8475.09,8487.59,8467.6,8485.59,774
2026-03-26T10:15:00+00:00,8485.59,8492.09,8479.6,8491.08,668
2026-03-26T10:30:00+00:00,8491.08,8497.6,8482.08,8483.08,815
2026-03-26T10:45:00+00:00,8483.08,8485.6,8477.58,8482.1,723
2026-03-26T11:00:00+00:00,8482.1,8486.58,8475.08,8476.58,827
2026-03-26T11:15:00+00:00,8476.58,8477.59,8460.58,8466.58,643
2026-03-26T11:30:00+00:00,8466.58,8469.1,8459.6,8462.1,816
2026-03-26T11:45:00+00:00,8462.1,8466.58,8454.59,8455.1,766
2026-03-26T12:00:00+00:00,8455.1,8475.59,8447.59,8472.58,814
2026-03-26T12:15:00+00:00,8472.58,8480.08,8471.09,8473.1,697
2026-03-26T12:30:00+00:00,8473.1,8473.1,8459.58,8463.1,886
2026-03-26T12:45:00+00:00,8463.1,8474.1,8463.1,8471.58,864
2026-03-26T13:00:00+00:00,8471.58,8478.58,8466.08,8471.1,885
2026-03-26T13:15:00+00:00,8471.1,8477.1,8469.58,8475.09,691
2026-03-26T13:30:00+00:00,8475.09,8494.6,8468.58,8493.1,2843
2026-03-26T13:45:00+00:00,8493.1,8509.1,8489.59,8504.58,2898
2026-03-26T14:00:00+00:00,8504.58,8508.09,8489.6,8507.1,2145
2026-03-26T14:15:00+00:00,8507.1,8512.59,8500.08,8501.6,1289
2026-03-26T14:30:00+00:00,8501.6,8521.6,8496.59,8499.08,2244
2026-03-26T14:45:00+00:00,8499.08,8502.59,8475.09,8491.1,2249
2026-03-26T15:00:00+00:00,8491.1,8496.09,8484.08,8487.09,2342
2026-03-26T15:15:00+00:00,8487.09,8489.6,8479.08,8484.09,1337
2026-03-26T15:30:00+00:00,8484.09,8484.1,8472.09,8474.1,1084
2026-03-26T15:45:00+00:00,8474.1,8485.09,8471.58,8475.1,1645
2026-03-26T16:00:00+00:00,8475.1,8484.59,8472.08,8479.59,1144
2026-03-26T16:15:00+00:00,8479.59,8479.59,8454.58,8457.58,1257
2026-03-26T16:30:00+00:00,8457.58,8460.1,8451.08,8457.08,1379
2026-03-26T16:45:00+00:00,8457.08,8459.6,8452.58,8457.08,1119
2026-03-26T17:00:00+00:00,8457.08,8464.59,8452.58,8452.58,648
2026-03-26T17:15:00+00:00,8452.58,8454.6,8438.58,8444.6,706
2026-03-26T17:30:00+00:00,8444.6,8453.1,8439.58,8441.09,755
2026-03-26T17:45:00+00:00,8441.09,8443.09,8428.58,8430.59,752
2026-03-26T18:00:00+00:00,8430.59,8439.6,8430.59,8435.6,812
2026-03-26T18:15:00+00:00,8435.6,8440.6,8432.59,8437.58,419
2026-03-26T18:30:00+00:00,8437.58,8453.6,8437.58,8452.08,576
2026-03-26T18:45:00+00:00,8452.08,8457.59,8448.58,8453.08,511
2026-03-26T19:00:00+00:00,8453.08,8454.59,8434.08,8440.59,568
2026-03-26T19:15:00+00:00,8440.59,8447.09,8434.58,8438.6,562
2026-03-26T19:30:00+00:00,8438.6,8439.1,8429.58,8432.09,508
2026-03-26T19:45:00+00:00,8432.09,8434.1,8419.08,8425.39,489
2026-03-26T20:00:00+00:00,8425.39,8499.39,8419.39,8445.39,994.6977655963949
2026-03-26T20:15:00+00:00,8445.39,8456.39,8429.39,8446.39,1160.7198652160475
2026-03-26T20:30:00+00:00,8446.39,8456.39,8440.39,8441.39,454.48960551041193
2026-03-26T20:45:00+00:00,8441.39,8441.39,8431.39,8432.39,343.6543812587015
2026-03-26T22:45:00+00:00,8432.39,8473.78,8432.39,8466.28,262.76297786720323
2026-03-26T23:00:00+00:00,8466.28,8488.19,8466.28,8476.2,624
2026-03-26T23:15:00+00:00,8476.2,8498.19,8473.18,8498.19,384
2026-03-26T23:30:00+00:00,8498.19,8521.2,8498.18,8518.18,427
2026-03-26T23:45:00+00:00,8518.18,8522.19,8506.18,8508.68,452
2026-03-27T00:00:00+00:00,8508.68,8520.19,8494.2,8494.7,731
2026-03-27T00:15:00+00:00,8494.7,8497.2,8475.69,8478.18,1296
2026-03-27T00:30:00+00:00,8478.18,8484.19,8462.18,8464.68,1153
2026-03-27T00:45:00+00:00,8464.68,8474.19,8457.69,8469.69,840
2026-03-27T01:00:00+00:00,8469.69,8488.18,8462.19,8483.19,728
2026-03-27T01:15:00+00:00,8483.19,8484.2,8469.7,8477.7,437
2026-03-27T01:30:00+00:00,8477.7,8488.2,8476.18,8484.7,447
2026-03-27T01:45:00+00:00,8484.7,8492.2,8481.2,8491.18,325
2026-03-27T02:00:00+00:00,8491.18,8505.2,8491.18,8502.18,336
2026-03-27T02:15:00+00:00,8502.18,8503.19,8491.19,8492.7,387
2026-03-27T02:30:00+00:00,8492.7,8499.2,8487.68,8497.7,369
2026-03-27T02:45:00+00:00,8497.7,8500.2,8493.18,8493.7,237
2026-03-27T03:00:00+00:00,8493.7,8495.2,8484.18,8486.68,337
2026-03-27T03:15:00+00:00,8486.68,8491.19,8483.7,8489.69,373
2026-03-27T03:30:00+00:00,8489.69,8497.2,8486.18,8494.2,340
2026-03-27T03:45:00+00:00,8494.2,8503.18,8494.18,8501.7,264
2026-03-27T04:00:00+00:00,8501.7,8506.2,8498.69,8504.2,175
2026-03-27T04:15:00+00:00,8504.2,8510.2,8502.19,8504.19,163
2026-03-27T04:30:00+00:00,8504.19,8514.19,8504.18,8513.7,172
2026-03-27T04:45:00+00:00,8513.7,8514.2,8508.68,8512.19,226
2026-03-27T05:00:00+00:00,8512.19,8526.8,8510.28,8520.8,513
2026-03-27T05:15:00+00:00,8520.8,8520.8,8509.78,8513.08,318
2026-03-27T06:00:00+00:00,8505.58,8505.58,8487.28,8494.78,136
2026-03-27T06:15:00+00:00,8494.78,8507.78,8494.78,8501.78,166
2026-03-27T06:30:00+00:00,8501.78,8501.78,8492.28,8494.78,130
2026-03-27T06:45:00+00:00,8494.78,8495.29,8485.78,8487.3,168
2026-03-27T07:00:00+00:00,8487.3,8491.3,8483.3,8489.29,339
2026-03-27T07:15:00+00:00,8489.29,8489.29,8478.78,8479.79,236
2026-03-27T07:30:00+00:00,8479.79,8485.3,8476.79,8479.78,357
2026-03-27T07:45:00+00:00,8479.78,8483.8,8475.78,8480.28,466
2026-03-27T08:00:00+00:00,8480.28,8486.8,8463.3,8467.28,1166
2026-03-27T08:15:00+00:00,8467.28,8470.3,8439.78,8441.3,1125
2026-03-27T08:30:00+00:00,8441.3,8449.3,8431.78,8437.29,908
2026-03-27T08:45:00+00:00,8437.29,8439.79,8426.78,8427.29,1030
2026-03-27T09:00:00+00:00,8427.29,8430.29,8411.79,8421.29,1036
2026-03-27T09:15:00+00:00,8421.29,8437.8,8419.3,8431.79,1179
2026-03-27T09:30:00+00:00,8431.79,8437.29,8423.8,8429.3,886
2026-03-27T09:45:00+00:00,8429.3,8429.3,8414.8,8417.3,680
2026-03-27T10:00:00+00:00,8417.3,8428.8,8411.78,8417.28,919
2026-03-27T10:15:00+00:00,8417.28,8424.78,8412.28,8421.3,765
2026-03-27T10:30:00+00:00,8421.3,8423.78,8404.3,8407.29,720
2026-03-27T10:45:00+00:00,8407.29,8407.3,8392.28,8394.29,713
2026-03-27T11:00:00+00:00,8394.29,8396.8,8382.78,8392.78,1100
2026-03-27T11:15:00+00:00,8392.78,8405.28,8391.78,8404.78,817
2026-03-27T11:30:00+00:00,8404.78,8409.3,8399.3,8407.3,700
2026-03-27T11:45:00+00:00,8407.3,8417.78,8406.28,8409.8,525
2026-03-27T12:00:00+00:00,8409.8,8411.3,8400.8,8405.28,760
2026-03-27T12:15:00+00:00,8405.28,8412.3,8397.28,8402.3,748
2026-03-27T12:30:00+00:00,8402.3,8411.8,8398.28,8408.79,786
2026-03-27T12:45:00+00:00,8408.79,8414.3,8403.28,8406.8,1032
2026-03-27T13:00:00+00:00,8406.8,8407.79,8389.78,8393.8,1155
2026-03-27T13:15:00+00:00,8393.8,8409.79,8393.29,8405.29,813
2026-03-27T13:30:00+00:00,8405.29,8413.29,8392.78,8408.8,2966
2026-03-27T13:45:00+00:00,8408.8,8420.3,8388.78,8395.29,2187
2026-03-27T14:00:00+00:00,8395.29,8412.8,8392.79,8410.29,2163
2026-03-27T14:15:00+00:00,8410.29,8424.3,8401.78,8404.8,2397
2026-03-27T14:30:00+00:00,8404.8,8421.3,8403.78,8412.3,1879
2026-03-27T14:45:00+00:00,8412.3,8434.3,8405.79,8433.28,1659
2026-03-27T15:00:00+00:00,8433.28,8447.3,8428.78,8434.28,1489
2026-03-27T15:15:00+00:00,8434.28,8458.3,8429.28,8450.3,1881
2026-03-27T15:30:00+00:00,8450.3,8466.3,8447.29,8454.78,1715
2026-03-27T15:45:00+00:00,8454.78,8461.28,8437.29,8438.78,1098
2026-03-27T16:00:00+00:00,8438.78,8443.8,8429.79,8439.29,905
2026-03-27T16:15:00+00:00,8439.29,8440.78,8432.28,8438.79,781
2026-03-27T16:30:00+00:00,8438.79,8444.3,8432.78,8441.29,1049
2026-03-27T16:45:00+00:00,8441.29,8453.28,8437.3,8445.78,837
2026-03-27T17:00:00+00:00,8445.78,8456.3,8439.78,8443.79,1292
2026-03-27T17:15:00+00:00,8443.79,8445.3,8429.79,8433.28,739
2026-03-27T17:30:00+00:00,8433.28,8440.29,8430.78,8431.8,620
2026-03-27T17:45:00+00:00,8431.8,8436.3,8428.79,8429.29,520
2026-03-27T18:00:00+00:00,8429.29,8430.8,8421.28,8423.8,479
2026-03-27T18:15:00+00:00,8423.8,8433.3,8422.29,8429.28,779
2026-03-27T18:30:00+00:00,8429.28,8441.79,8427.29,8433.28,745
2026-03-27T18:45:00+00:00,8433.28,8437.3,8431.78,8435.3,508
2026-03-27T19:00:00+00:00,8435.3,8437.79,8426.28,8432.8,499
2026-03-27T19:15:00+00:00,8432.8,8437.8,8430.29,8433.3,538
2026-03-27T19:30:00+00:00,8433.3,8437.3,8422.28,8425.28,559
2026-03-27T19:45:00+00:00,8425.28,8443.8,8418.78,8437.59,855
2026-03-27T20:00:00+00:00,8437.59,8442.59,8427.59,8429.59,579.0958245577784
2026-03-27T20:15:00+00:00,8429.59,8429.59,8416.59,8419.59,372.6377472554991
2026-03-27T20:30:00+00:00,8419.59,8419.59,8411.59,8413.59,328.70624806782325
2026-03-29T22:45:00+00:00,8413.59,8413.59,8381.23,8402.21,470
2026-03-29T23:00:00+00:00,8402.21,8427.13,8397.12,8401.13,1207
2026-03-29T23:15:00+00:00,8401.13,8405.13,8392.61,8394.61,897
2026-03-29T23:30:00+00:00,8394.61,8395.63,8371.11,8372.13,776
2026-03-29T23:45:00+00:00,8372.13,8373.13,8357.11,8371.63,1702
2026-03-30T00:00:00+00:00,8371.63,8375.61,8350.11,8357.61,1760
2026-03-30T00:15:00+00:00,8357.61,8402.13,8353.62,8387.12,3341
2026-03-30T00:30:00+00:00,8387.12,8390.63,8376.11,8379.11,1342
2026-03-30T00:45:00+00:00,8379.11,8383.13,8364.11,8372.63,958
2026-03-30T01:00:00+00:00,8372.63,8376.63,8364.63,8372.11,1097
2026-03-30T01:15:00+00:00,8372.11,8385.12,8367.61,8381.12,1079
2026-03-30T01:30:00+00:00,8381.12,8386.63,8372.13,8386.12,1092
2026-03-30T01:45:00+00:00,8386.12,8396.61,8382.11,8389.63,614
2026-03-30T02:00:00+00:00,8389.63,8395.13,8384.11,8392.11,686
2026-03-30T02:15:00+00:00,8392.11,8392.11,8370.11,8378.11,657
2026-03-30T02:30:00+00:00,8378.11,8389.63,8373.11,8388.11,521
2026-03-30T02:45:00+00:00,8388.11,8409.12,8388.11,8401.61,639
2026-03-30T03:00:00+00:00,8401.61,8419.63,8401.12,8418.63,520
2026-03-30T03:15:00+00:00,8418.63,8428.13,8418.12,8423.13,385
2026-03-30T03:30:00+00:00,8423.13,8425.13,8415.61,8419.63,521
2026-03-30T03:45:00+00:00,8419.63,8423.13,8413.61,8415.13,415
2026-03-30T04:00:00+00:00,8415.13,8420.13,8412.11,8417.13,356
2026-03-30T04:15:00+00:00,8417.13,8429.13,8416.12,8426.11,315
2026-03-30T04:30:00+00:00,8426.11,8432.61,8423.61,8426.11,386
2026-03-30T04:45:00+00:00,8426.11,8428.13,8421.11,8422.12,389
2026-03-30T05:00:00+00:00,8422.12,8437.73,8419.71,8431.72,806
2026-03-30T05:15:00+00:00,8431.72,8432.72,8420.03,8420.03,446
2026-03-30T06:00:00+00:00,8444.03,8452.23,8444.03,8450.72,129
2026-03-30T06:15:00+00:00,8450.72,8455.21,8450.21,8452.22,214
2026-03-30T06:30:00+00:00,8452.22,8462.03,8451.21,8460.22,211
2026-03-30T06:45:00+00:00,8460.22,8471.71,8460.22,8466.21,199
2026-03-30T07:00:00+00:00,8466.21,8475.73,8457.71,8472.73,384
2026-03-30T07:15:00+00:00,8472.73,8472.73,8459.73,8463.23,556
2026-03-30T07:30:00+00:00,8463.23,8471.72,8460.72,8471.72,495
2026-03-30T07:45:00+00:00,8471.72,8484.73,8470.71,8483.21,420
2026-03-30T08:00:00+00:00,8483.21,8488.23,8474.23,8486.71,567
2026-03-30T08:15:00+00:00,8486.71,8495.23,8484.23,8490.21,398
2026-03-30T08:30:00+00:00,8490.21,8498.23,8487.72,8495.23,376
2026-03-30T08:45:00+00:00,8495.23,8500.71,8488.71,8499.72,438
2026-03-30T09:00:00+00:00,8499.72,8500.22,8483.71,8483.73,420
2026-03-30T09:15:00+00:00,8483.73,8485.73,8474.72,8478.72,565
2026-03-30T09:30:00+00:00,8478.72,8485.21,8475.21,8480.22,455
2026-03-30T09:45:00+00:00,8480.22,8481.22,8469.71,8474.72,337
2026-03-30T10:00:00+00:00,8474.72,8481.23,8470.21,8477.72,399
2026-03-30T10:15:00+00:00,8477.72,8482.73,8476.72,8480.21,359
2026-03-30T10:30:00+00:00,8480.21,8481.21,8471.22,8474.71,522
2026-03-30T10:45:00+00:00,8474.71,8482.73,8474.71,8482.21,385
2026-03-30T11:00:00+00:00,8482.21,8490.72,8481.73,8488.21,371.8195069281987
2026-03-30T11:15:00+00:00,8488.21,8530.72,8487.199999999999,8506.71,1466
2026-03-30T11:30:00+00:00,8506.71,8510.22,8492.72,8500.22,1120
2026-03-30T11:45:00+00:00,8500.22,8507.22,8492.199999999999,8496.22,468
2026-03-30T12:00:00+00:00,8496.22,8501.72,8489.21,8495.199999999999,466
2026-03-30T12:15:00+00:00,8495.199999999999,8509.21,8491.72,8506.71,517
2026-03-30T12:30:00+00:00,8506.71,8513.22,8505.21,8511.699999999999,454
2026-03-30T12:45:00+00:00,8511.699999999999,8513.22,8509.21,8512.22,273
2026-03-30T13:00:00+00:00,8512.22,8517.21,8503.699999999999,8511.699999999999,576
2026-03-30T13:15:00+00:00,8511.699999999999,8518.22,8510.22,8513.199999999999,534
2026-03-30T13:30:00+00:00,8513.199999999999,8519.22,8490.199999999999,8498.699999999999,1999
2026-03-30T13:45:00+00:00,8498.699999999999,8501.199999999999,8477.199999999999,8483.199999999999,1044
2026-03-30T14:00:00+00:00,8483.199999999999,8505.21,8482.699999999999,8501.72,1388
2026-03-30T14:15:00+00:00,8501.72,8503.72,8489.699999999999,8490.199999999999,1479
2026-03-30T14:30:00+00:00,8490.199999999999,8501.21,8485.21,8486.22,1372
2026-03-30T14:45:00+00:00,8486.22,8514.199999999999,8482.21,8513.699999999999,1845
2026-03-30T15:00:00+00:00,8513.699999999999,8526.72,8504.71,8504.72,992
2026-03-30T15:15:00+00:00,8504.72,8515.199999999999,8497.699999999999,8507.21,847
2026-03-30T15:30:00+00:00,8507.21,8532.21,8504.699999999999,8529.71,1032
2026-03-30T15:45:00+00:00,8529.71,8533.72,8520.21,8521.71,788
2026-03-30T16:00:00+00:00,8521.71,8523.72,8504.199999999999,8508.22,1050
2026-03-30T16:15:00+00:00,8508.22,8509.22,8493.199999999999,8496.699999999999,856
2026-03-30T16:30:00+00:00,8496.699999999999,8500.22,8492.72,8496.72,930
2026-03-30T16:45:00+00:00,8496.72,8497.22,8489.199999999999,8492.71,813
2026-03-30T17:00:00+00:00,8492.71,8496.72,8480.22,8481.21,759
2026-03-30T17:15:00+00:00,8481.21,8482.699999999999,8463.199999999999,8465.699999999999,984
2026-03-30T17:30:00+00:00,8465.699999999999,8474.72,8459.22,8473.21,819
2026-03-30T17:45:00+00:00,8473.21,8476.72,8463.199999999999,8466.199999999999,703
2026-03-30T18:00:00+00:00,8466.199999999999,8471.21,8462.199999999999,8469.699999999999,599
2026-03-30T18:15:00+00:00,8469.699999999999,8472.71,8459.699999999999,8459.699999999999,590
2026-03-30T18:30:00+00:00,8459.699999999999,8467.72,8456.199999999999,8458.699999999999,486
2026-03-30T18:45:00+00:00,8458.699999999999,8461.72,8446.22,8449.699999999999,348
2026-03-30T19:00:00+00:00,8449.699999999999,8450.72,8430.21,8431.71,515
2026-03-30T19:15:00+00:00,8431.71,8436.699999999999,8428.199999999999,8432.72,659
2026-03-30T19:30:00+00:00,8432.72,8448.22,8432.72,8445.71,517
2026-03-30T19:45:00+00:00,8445.71,8459.51,8441.71,8459.51,778
2026-03-30T20:00:00+00:00,8459.51,8459.51,8452.310000000001,8454.310000000001,89.46515783204289
2026-03-30T20:45:00+00:00,8454.310000000001,8455.310000000001,8453.310000000001,8453.310000000001,26.415545590433478
2026-03-30T22:45:00+00:00,8453.310000000001,8454.45,8448.43,8449.93,187.09636724681695
2026-03-30T23:00:00+00:00,8449.93,8450.85,8420.830000000002,8427.84,963
2026-03-30T23:15:00+00:00,8427.84,8439.85,8425.34,8429.34,470
2026-03-30T23:30:00+00:00,8429.34,8436.85,8422.830000000002,8435.330000000002,404
2026-03-30T23:45:00+00:00,8435.330000000002,8440.85,8428.830000000002,8439.34,454
2026-03-31T00:00:00+00:00,8439.34,8443.85,8413.830000000002,8423.34,1037
2026-03-31T00:15:00+00:00,8423.34,8424.85,8403.84,8408.85,939
2026-03-31T00:30:00+00:00,8408.85,8439.830000000002,8399.830000000002,8439.830000000002,1762
2026-03-31T00:45:00+00:00,8439.830000000002,8485.330000000002,8437.830000000002,8479.84,3694
2026-03-31T01:00:00+00:00,8479.84,8487.830000000002,8454.330000000002,8463.830000000002,2091
2026-03-31T01:15:00+00:00,8463.830000000002,8514.85,8462.830000000002,8513.330000000002,1860
2026-03-31T01:30:00+00:00,8513.330000000002,8530.85,8508.330000000002,8525.35,1583
2026-03-31T01:45:00+00:00,8525.35,8535.84,8520.330000000002,8528.85,1028
2026-03-31T02:00:00+00:00,8528.85,8529.85,8512.34,8520.84,867
2026-03-31T02:15:00+00:00,8520.84,8534.85,8517.830000000002,8518.830000000002,836
2026-03-31T02:30:00+00:00,8518.830000000002,8520.85,8510.34,8518.35,588
2026-03-31T02:45:00+00:00,8518.35,8533.85,8513.830000000002,8525.34,810
2026-03-31T03:00:00+00:00,8525.34,8538.34,8515.85,8531.84,664
2026-03-31T03:15:00+00:00,8531.84,8533.34,8520.84,8525.35,472
2026-03-31T03:30:00+00:00,8525.35,8526.85,8515.830000000002,8518.34,535
2026-03-31T03:45:00+00:00,8518.34,8520.85,8512.85,8515.34,479
2026-03-31T04:00:00+00:00,8515.34,8519.84,8505.830000000002,8509.35,475
2026-03-31T04:15:00+00:00,8509.35,8510.84,8495.330000000002,8496.85,423
2026-03-31T04:30:00+00:00,8496.85,8506.34,8495.330000000002,8499.330000000002,546
2026-03-31T04:45:00+00:00,8499.330000000002,8501.85,8484.35,8485.830000000002,437
2026-03-31T05:00:00+00:00,8485.830000000002,8487.44,8458.43,8458.43,712
2026-03-31T05:15:00+00:00,8458.43,8476.44,8448.44,8462.75,779
2026-03-31T06:00:00+00:00,8469.46,8473.64,8460.45,8470.65,138
2026-03-31T06:15:00+00:00,8470.65,8479.16,8463.14,8474.64,232
2026-03-31T06:30:00+00:00,8474.64,8479.64,8468.64,8469.14,331
2026-03-31T06:45:00+00:00,8469.14,8472.15,8462.65,8470.65,378
2026-03-31T07:00:00+00:00,8470.65,8488.66,8468.64,8470.15,1036
2026-03-31T07:15:00+00:00,8470.15,8472.65,8457.66,8471.14,838
2026-03-31T07:30:00+00:00,8471.14,8496.16,8471.14,8496.16,671
2026-03-31T07:45:00+00:00,8496.16,8512.14,8494.64,8512.14,612
2026-03-31T08:00:00+00:00,8512.14,8515.16,8500.65,8503.14,951
2026-03-31T08:15:00+00:00,8503.14,8508.66,8494.65,8494.65,798
2026-03-31T08:30:00+00:00,8494.65,8500.16,8488.66,8489.66,636
2026-03-31T08:45:00+00:00,8489.66,8498.16,8486.64,8491.65,678
2026-03-31T09:00:00+00:00,8491.65,8500.16,8489.64,8497.64,520
2026-03-31T09:15:00+00:00,8497.64,8503.66,8492.64,8494.16,548
2026-03-31T09:30:00+00:00,8494.16,8497.65,8487.14,8493.14,669
2026-03-31T09:45:00+00:00,8493.14,8503.65,8487.14,8495.15,643
2026-03-31T10:00:00+00:00,8495.15,8505.64,8494.64,8497.64,613
2026-03-31T10:15:00+00:00,8497.64,8497.64,8486.14,8493.64,514
2026-03-31T10:30:00+00:00,8493.64,8496.16,8464.14,8467.64,576
2026-03-31T10:45:00+00:00,8467.64,8482.66,8465.64,8481.15,544
2026-03-31T11:00:00+00:00,8481.15,8519.64,8476.64,8498.65,1709
2026-03-31T11:15:00+00:00,8498.65,8513.15,8495.14,8499.16,1549
2026-03-31T11:30:00+00:00,8499.16,8510.14,8490.64,8509.66,707
2026-03-31T11:45:00+00:00,8509.66,8509.66,8497.64,8508.64,895
2026-03-31T12:00:00+00:00,8508.64,8519.66,8492.14,8493.16,1140
2026-03-31T12:15:00+00:00,8493.16,8512.15,8487.64,8507.14,1289
2026-03-31T12:30:00+00:00,8507.14,8514.66,8504.16,8511.65,689
2026-03-31T12:45:00+00:00,8511.65,8513.16,8499.15,8501.64,505
2026-03-31T13:00:00+00:00,8501.64,8507.16,8495.64,8501.66,561
2026-03-31T13:15:00+00:00,8501.66,8512.16,8500.64,8508.66,442
2026-03-31T13:30:00+00:00,8508.66,8514.66,8495.14,8502.65,1519
2026-03-31T13:45:00+00:00,8502.65,8536.15,8502.65,8533.44,1104
2026-03-31T14:00:00+00:00,8533.44,8542.16,8531.14,8539.14,951
2026-03-31T14:15:00+00:00,8539.14,8552.64,8537.16,8544.66,1146
2026-03-31T14:30:00+00:00,8544.66,8546.15,8513.14,8516.64,1087
2026-03-31T14:45:00+00:00,8516.64,8519.15,8493.46,8506.66,994
2026-03-31T15:00:00+00:00,8506.66,8541.14,8506.64,8539.66,906
2026-03-31T15:15:00+00:00,8539.66,8544.65,8517.16,8518.14,1269
2026-03-31T15:30:00+00:00,8518.14,8523.14,8502.64,8519.64,1477
2026-03-31T15:45:00+00:00,8519.64,8523.65,8507.64,8511.66,900
2026-03-31T16:00:00+00:00,8511.66,8522.15,8508.64,8518.66,754
2026-03-31T16:15:00+00:00,8518.66,8524.16,8515.15,8519.14,583
2026-03-31T16:30:00+00:00,8519.14,8602.14,8515.65,8575.65,3548
2026-03-31T16:45:00+00:00,8575.65,8581.14,8550.64,8566.66,4005
2026-03-31T17:00:00+00:00,8566.66,8581.16,8556.14,8571.64,2306
2026-03-31T17:15:00+00:00,8571.64,8578.66,8562.64,8565.15,1663
2026-03-31T17:30:00+00:00,8565.15,8581.66,8561.65,8571.65,2000
2026-03-31T17:45:00+00:00,8571.65,8575.66,8562.15,8565.65,1101
2026-03-31T18:00:00+00:00,8565.65,8577.16,8564.65,8574.14,872
2026-03-31T18:15:00+00:00,8574.14,8583.66,8566.15,8572.65,805
2026-03-31T18:30:00+00:00,8572.65,8578.15,8565.65,8572.15,869
2026-03-31T18:45:00+00:00,8572.15,8578.66,8571.14,8573.16,507
2026-03-31T19:00:00+00:00,8573.16,8582.15,8568.15,8579.66,533
2026-03-31T19:15:00+00:00,8579.66,8584.66,8577.64,8580.66,490
2026-03-31T19:30:00+00:00,8580.66,8595.14,8580.15,8590.16,649
2026-03-31T19:45:00+00:00,8590.16,8600.44,8580.65,8600.44,859
2026-03-31T20:00:00+00:00,8600.44,8605.44,8593.44,8603.44,910.2927049602511
2026-03-31T20:45:00+00:00,8603.44,8605.44,8603.44,8604.44,43.626666666666665
2026-03-31T22:45:00+00:00,8604.44,8607.65,8586.63,8606.63,221.13738420474172
2026-03-31T23:00:00+00:00,8606.63,8619.04,8604.04,8616.04,962
2026-03-31T23:15:00+00:00,8616.04,8630.05,8602.53,8608.05,628
2026-03-31T23:30:00+00:00,8608.05,8618.04,8604.03,8605.55,646
2026-03-31T23:45:00+00:00,8605.55,8628.04,8605.03,8626.04,618
2026-04-01T00:00:00+00:00,8626.04,8630.05,8613.03,8615.04,922
2026-04-01T00:15:00+00:00,8615.04,8630.03,8610.03,8618.03,678
2026-04-01T00:30:00+00:00,8618.03,8634.55,8607.53,8634.03,550
2026-04-01T00:45:00+00:00,8634.03,8634.03,8616.04,8622.04,450
2026-04-01T01:00:00+00:00,8622.04,8622.05,8599.04,8609.03,1208
2026-04-01T01:15:00+00:00,8609.03,8612.53,8601.03,8611.54,575
2026-04-01T01:30:00+00:00,8611.54,8622.05,8609.53,8619.03,412
2026-04-01T01:45:00+00:00,8619.03,8623.05,8611.03,8612.05,368
2026-04-01T02:00:00+00:00,8612.05,8623.05,8608.05,8623.05,338
2026-04-01T02:15:00+00:00,8623.05,8629.05,8619.03,8620.03,283
2026-04-01T02:30:00+00:00,8620.03,8622.04,8615.04,8615.54,207
2026-04-01T02:45:00+00:00,8615.54,8618.05,8613.03,8613.05,217
2026-04-01T03:00:00+00:00,8613.05,8631.03,8612.03,8627.55,182
2026-04-01T03:15:00+00:00,8627.55,8630.53,8625.53,8628.03,155
2026-04-01T03:30:00+00:00,8628.03,8639.03,8628.03,8639.03,152
2026-04-01T03:45:00+00:00,8639.03,8642.05,8636.03,8642.05,259
2026-04-01T04:00:00+00:00,8642.05,8649.03,8640.03,8640.53,162
2026-04-01T04:15:00+00:00,8640.53,8644.55,8639.03,8643.04,160
2026-04-01T04:30:00+00:00,8643.04,8644.05,8637.03,8639.54,143
2026-04-01T04:45:00+00:00,8639.54,8648.05,8638.03,8647.04,201
2026-04-01T05:00:00+00:00,8647.04,8680.14,8645.64,8667.64,649
2026-04-01T05:15:00+00:00,8667.64,8674.65,8664.13,8669.13,330
2026-04-01T06:00:00+00:00,8665.13,8676.64,8657.13,8675.13,136
2026-04-01T06:15:00+00:00,8675.13,8694.64,8675.13,8692.14,247
2026-04-01T06:30:00+00:00,8692.14,8708.13,8691.63,8706.14,251
2026-04-01T06:45:00+00:00,8706.14,8706.15,8697.13,8699.15,181
2026-04-01T07:00:00+00:00,8699.15,8705.14,8693.15,8695.14,233
2026-04-01T07:15:00+00:00,8695.14,8695.64,8686.64,8689.65,316
2026-04-01T07:30:00+00:00,8689.65,8699.15,8687.63,8695.63,461
2026-04-01T07:45:00+00:00,8695.63,8695.63,8663.64,8665.13,818
2026-04-01T08:00:00+00:00,8665.13,8675.64,8652.63,8658.13,994
2026-04-01T08:15:00+00:00,8658.13,8680.15,8656.15,8671.15,648
2026-04-01T08:30:00+00:00,8671.15,8683.15,8670.63,8679.64,582
2026-04-01T08:45:00+00:00,8679.64,8685.65,8666.15,8681.63,815
2026-04-01T09:00:00+00:00,8681.63,8687.15,8669.14,8670.63,589
2026-04-01T09:15:00+00:00,8670.63,8672.64,8651.65,8662.65,655
2026-04-01T09:30:00+00:00,8662.65,8670.65,8661.64,8666.64,526
2026-04-01T09:45:00+00:00,8666.64,8679.65,8666.63,8670.65,705
2026-04-01T10:00:00+00:00,8670.65,8675.15,8661.63,8667.14,649
2026-04-01T10:15:00+00:00,8667.14,8676.14,8665.14,8670.63,568
2026-04-01T10:30:00+00:00,8670.63,8682.15,8667.63,8681.13,479
2026-04-01T10:45:00+00:00,8681.13,8693.65,8681.13,8691.15,542
2026-04-01T11:00:00+00:00,8691.15,8696.64,8689.63,8695.14,392
2026-04-01T11:15:00+00:00,8695.14,8697.65,8690.13,8693.64,383
2026-04-01T11:30:00+00:00,8693.64,8701.65,8692.63,8697.64,439
2026-04-01T11:45:00+00:00,8697.64,8703.65,8697.13,8698.13,330
2026-04-01T12:00:00+00:00,8698.13,8699.63,8686.63,8687.64,299
2026-04-01T12:15:00+00:00,8687.64,8691.65,8675.63,8681.14,320
2026-04-01T12:30:00+00:00,8681.14,8711.14,8669.13,8691.93,774
2026-04-01T12:45:00+00:00,8691.93,8698.63,8659.14,8663.65,2051
2026-04-01T13:00:00+00:00,8663.65,8670.65,8656.13,8665.15,946
2026-04-01T13:15:00+00:00,8665.15,8673.65,8659.63,8673.63,645
2026-04-01T13:30:00+00:00,8673.63,8689.64,8659.65,8667.14,1707
2026-04-01T13:45:00+00:00,8667.14,8683.64,8663.63,8681.95,1676
2026-04-01T14:00:00+00:00,8681.95,8686.65,8661.95,8682.14,1787
2026-04-01T14:15:00+00:00,8682.14,8689.64,8674.13,8681.65,1700
2026-04-01T14:30:00+00:00,8681.65,8696.64,8671.63,8690.14,1644
2026-04-01T14:45:00+00:00,8690.14,8702.65,8683.64,8697.15,951
2026-04-01T15:00:00+00:00,8697.15,8702.63,8693.64,8694.64,674
2026-04-01T15:15:00+00:00,8694.64,8702.64,8688.13,8688.65,689
2026-04-01T15:30:00+00:00,8688.65,8711.13,8684.63,8705.65,787
2026-04-01T15:45:00+00:00,8705.65,8711.65,8704.63,8708.15,435
2026-04-01T16:00:00+00:00,8708.15,8710.65,8699.13,8701.14,506
2026-04-01T16:15:00+00:00,8701.14,8703.15,8691.63,8694.65,386
2026-04-01T16:30:00+00:00,8694.65,8701.65,8692.63,8700.13,341
2026-04-01T16:45:00+00:00,8700.13,8702.65,8698.63,8701.63,196
2026-04-01T17:00:00+00:00,8701.63,8709.64,8700.15,8706.14,308
2026-04-01T17:15:00+00:00,8706.14,8706.65,8700.13,8702.15,201
2026-04-01T17:30:00+00:00,8702.15,8702.64,8696.64,8698.65,194
2026-04-01T17:45:00+00:00,8698.65,8700.65,8690.63,8691.14,251
2026-04-01T18:00:00+00:00,8691.14,8692.15,8683.63,8687.14,676
2026-04-01T18:15:00+00:00,8687.14,8687.14,8666.63,8667.15,780
2026-04-01T18:30:00+00:00,8667.15,8677.14,8657.65,8668.63,813
2026-04-01T18:45:00+00:00,8668.63,8671.64,8659.63,8664.64,729
2026-04-01T19:00:00+00:00,8664.64,8672.65,8662.65,8668.63,450
2026-04-01T19:15:00+00:00,8668.63,8683.13,8667.65,8682.65,318
2026-04-01T19:30:00+00:00,8682.65,8685.64,8674.65,8681.63,391
2026-04-01T19:45:00+00:00,8681.63,8686.93,8670.63,8686.93,694
2026-04-01T20:00:00+00:00,8686.93,8687.730000000001,8680.730000000001,8686.730000000001,308.45663117487106
2026-04-01T20:15:00+00:00,8686.730000000001,8687.730000000001,8680.730000000001,8681.730000000001,189.49273569053312
2026-04-01T20:30:00+00:00,8681.730000000001,8687.730000000001,8680.730000000001,8686.730000000001,112.9455899137826
2026-04-01T20:45:00+00:00,8686.730000000001,8690.730000000001,8686.730000000001,8688.730000000001,178.22220176134022
2026-04-01T22:45:00+00:00,8688.730000000001,8688.730000000001,8661.980000000001,8683.480000000001,347.1606029106029
2026-04-01T23:00:00+00:00,8683.480000000001,8696.390000000001,8678.400000000001,8692.380000000001,376
2026-04-01T23:15:00+00:00,8692.380000000001,8694.880000000001,8682.890000000001,8693.390000000001,320
2026-04-01T23:30:00+00:00,8693.390000000001,8698.880000000001,8686.880000000001,8696.890000000001,392
2026-04-01T23:45:00+00:00,8696.890000000001,8705.390000000001,8691.890000000001,8703.900000000001,368
2026-04-02T00:00:00+00:00,8703.900000000001,8714.390000000001,8695.900000000001,8710.390000000001,808
2026-04-02T00:15:00+00:00,8710.390000000001,8712.900000000001,8691.900000000001,8697.390000000001,533
2026-04-02T00:30:00+00:00,8697.390000000001,8714.900000000001,8691.890000000001,8712.880000000001,630
2026-04-02T00:45:00+00:00,8712.880000000001,8712.880000000001,8701.880000000001,8707.880000000001,689
2026-04-02T01:00:00+00:00,8707.880000000001,8707.900000000001,8662.890000000001,8686.880000000001,4145
2026-04-02T01:15:00+00:00,8686.880000000001,8686.880000000001,8630.890000000001,8636.890000000001,5910
2026-04-02T01:30:00+00:00,8636.890000000001,8636.890000000001,8612.900000000001,8619.400000000001,3436
2026-04-02T01:45:00+00:00,8619.400000000001,8624.400000000001,8606.380000000001,8617.890000000001,1865
2026-04-02T02:00:00+00:00,8617.890000000001,8619.900000000001,8592.900000000001,8596.390000000001,1826
2026-04-02T02:15:00+00:00,8596.390000000001,8607.900000000001,8590.880000000001,8591.890000000001,1108
2026-04-02T02:30:00+00:00,8591.890000000001,8591.900000000001,8577.880000000001,8582.400000000001,1171
2026-04-02T02:45:00+00:00,8582.400000000001,8590.890000000001,8581.380000000001,8584.890000000001,773
2026-04-02T03:00:00+00:00,8584.890000000001,8584.890000000001,8574.880000000001,8576.880000000001,781
2026-04-02T03:15:00+00:00,8576.880000000001,8582.900000000001,8571.380000000001,8573.390000000001,531
2026-04-02T03:30:00+00:00,8573.390000000001,8575.890000000001,8555.880000000001,8565.880000000001,806
2026-04-02T03:45:00+00:00,8565.880000000001,8566.900000000001,8556.880000000001,8557.900000000001,598
2026-04-02T04:00:00+00:00,8557.900000000001,8564.380000000001,8555.880000000001,8562.880000000001,482
2026-04-02T04:15:00+00:00,8562.880000000001,8571.380000000001,8562.380000000001,8566.880000000001,356
2026-04-02T04:30:00+00:00,8566.880000000001,8568.880000000001,8554.380000000001,8557.390000000001,384
2026-04-02T04:45:00+00:00,8557.390000000001,8563.890000000001,8552.380000000001,8558.380000000001,369
2026-04-02T05:00:00+00:00,8558.380000000001,8576.990000000002,8555.490000000002,8569.000000000002,826
2026-04-02T05:15:00+00:00,8569.000000000002,8574.000000000002,8559.480000000001,8566.28,561
2026-04-02T06:00:00+00:00,8565.48,8565.48,8549,8554.18,195
2026-04-02T06:15:00+00:00,8554.18,8559.2,8549.68,8557.19,396
2026-04-02T06:30:00+00:00,8557.19,8559.2,8551.69,8555.2,129
2026-04-02T06:45:00+00:00,8555.2,8571.2,8554.18,8571.2,126.52432778489117
2026-04-02T07:00:00+00:00,8571.2,8579.19,8570.19,8576.19,267
2026-04-02T07:15:00+00:00,8576.19,8580.7,8570.18,8580.18,271
2026-04-02T07:30:00+00:00,8580.18,8584.18,8575.69,8582.2,363
2026-04-02T07:45:00+00:00,8582.2,8598.19,8581.69,8597.19,292.9298245614035
2026-04-02T08:00:00+00:00,8597.19,8601.710000000001,8590.7,8595.7,425
2026-04-02T08:15:00+00:00,8595.7,8599.2,8592.2,8597.69,522
2026-04-02T08:30:00+00:00,8597.69,8606.210000000001,8597.69,8598.2,310
2026-04-02T08:45:00+00:00,8598.2,8602.7,8596.19,8599.7,343
2026-04-02T09:00:00+00:00,8599.7,8602.210000000001,8588.19,8589.69,271
2026-04-02T09:15:00+00:00,8589.69,8598.2,8588.7,8595.69,319
2026-04-02T09:30:00+00:00,8595.69,8596.2,8586.69,8589.19,309
2026-04-02T09:45:00+00:00,8589.19,8599.2,8588.19,8596.210000000001,288
2026-04-02T10:00:00+00:00,8596.210000000001,8600.2,8585.19,8585.7,427
2026-04-02T10:15:00+00:00,8585.7,8586.710000000001,8576.19,8577.69,409
2026-04-02T10:30:00+00:00,8577.69,8586.7,8574.19,8582.69,435
2026-04-02T10:45:00+00:00,8582.69,8584.710000000001,8576.19,8580.710000000001,346
2026-04-02T11:00:00+00:00,8580.710000000001,8588.2,8577.19,8578.2,508
2026-04-02T11:15:00+00:00,8578.2,8582.2,8567.19,8568.210000000001,404
2026-04-02T11:30:00+00:00,8568.210000000001,8573.710000000001,8562.69,8565.2,427
2026-04-02T11:45:00+00:00,8565.2,8575.210000000001,8564.19,8565.210000000001,407
2026-04-02T12:00:00+00:00,8565.210000000001,8567.2,8556.69,8560.19,463
2026-04-02T12:15:00+00:00,8560.19,8576.69,8555.69,8570.69,415
2026-04-02T12:30:00+00:00,8570.69,8576.710000000001,8569.19,8574.210000000001,377
2026-04-02T12:45:00+00:00,8574.210000000001,8581.710000000001,8566.5,8569.210000000001,372
2026-04-06T23:45:00+00:00,8569.7,8689.57,8569.7,8678.06,494
2026-04-07T00:00:00+00:00,8678.06,8742.46,8678.06,8737.95,1032
2026-04-07T00:15:00+00:00,8737.95,8760.95,8737.95,8759.47,879
2026-04-07T00:30:00+00:00,8759.47,8782.96,8753.47,8777.96,688
2026-04-07T00:45:00+00:00,8777.96,8808.95,8764.96,8773.47,815
2026-04-07T01:00:00+00:00,8773.47,8787.96,8754.95,8757.95,1045
2026-04-07T01:15:00+00:00,8757.95,8761.97,8741.45,8745.46,701
2026-04-07T01:30:00+00:00,8745.46,8745.46,8714.45,8719.97,775
2026-04-07T01:45:00+00:00,8719.97,8725.97,8691.95,8695.46,704
2026-04-07T02:00:00+00:00,8695.46,8702.95,8686.45,8689.45,769
2026-04-07T02:15:00+00:00,8689.45,8703.96,8687.47,8702.95,538
2026-04-07T02:30:00+00:00,8702.95,8709.46,8700.47,8709.45,302
2026-04-07T02:45:00+00:00,8709.45,8713.46,8700.95,8703.96,309
2026-04-07T03:00:00+00:00,8703.96,8703.97,8692.95,8694.45,331
2026-04-07T03:15:00+00:00,8694.45,8695.97,8684.96,8688.97,274
2026-04-07T03:30:00+00:00,8688.97,8695.97,8686.95,8691.96,363
2026-04-07T03:45:00+00:00,8691.96,8694.97,8683.95,8690.97,206
2026-04-07T04:00:00+00:00,8690.97,8697.97,8688.95,8689.47,361
2026-04-07T04:15:00+00:00,8689.47,8699.47,8689.46,8695.96,350
2026-04-07T04:30:00+00:00,8695.96,8703.97,8695.95,8703.47,282
2026-04-07T04:45:00+00:00,8703.47,8712.97,8701.95,8706.47,176
2026-04-07T05:00:00+00:00,8706.47,8710.46,8703.45,8709.96,182
2026-04-07T05:15:00+00:00,8709.96,8710.97,8699.95,8702.95,349.54782608695655
2026-04-07T05:30:00+00:00,8702.95,8704.97,8695.95,8698.45,539
2026-04-07T05:45:00+00:00,8698.45,8714.95,8698.45,8711.45,437
2026-04-07T06:00:00+00:00,8711.45,8725.56,8708.55,8718.06,673
2026-04-07T06:15:00+00:00,8718.06,8724.57,8713.07,8723.37,395
2026-04-07T07:00:00+00:00,8724.37,8725.56,8716.06,8719.55,219
2026-04-07T07:15:00+00:00,8719.55,8721.06,8706.55,8706.55,603
2026-04-07T07:30:00+00:00,8706.55,8714.06,8703.55,8708.06,518
2026-04-07T07:45:00+00:00,8708.06,8714.56,8695.55,8714.06,442
2026-04-07T08:00:00+00:00,8714.06,8747.07,8713.56,8741.55,2025
2026-04-07T08:15:00+00:00,8741.55,8760.07,8736.55,8750.06,1303
2026-04-07T08:30:00+00:00,8750.06,8768.57,8748.05,8765.57,925
2026-04-07T08:45:00+00:00,8765.57,8770.56,8757.57,8766.55,851
2026-04-07T09:00:00+00:00,8766.55,8773.57,8760.06,8764.57,824
2026-04-07T09:15:00+00:00,8764.57,8778.56,8761.55,8775.55,833
2026-04-07T09:30:00+00:00,8775.55,8781.57,8774.06,8775.06,562
2026-04-07T09:45:00+00:00,8775.06,8775.57,8765.55,8767.07,547
2026-04-07T10:00:00+00:00,8767.07,8770.07,8733.85,8752.07,1533
2026-04-07T10:15:00+00:00,8752.07,8765.57,8728.86,8746.05,1484
2026-04-07T10:30:00+00:00,8746.05,8750.07,8725.56,8732.57,1033
2026-04-07T10:45:00+00:00,8732.57,8733.56,8704.05,8708.57,1152
2026-04-07T11:00:00+00:00,8708.57,8718.57,8707.55,8715.06,896
2026-04-07T11:15:00+00:00,8715.06,8730.07,8715.06,8717.57,589
2026-04-07T11:30:00+00:00,8717.57,8722.07,8706.55,8719.07,984
2026-04-07T11:45:00+00:00,8719.07,8720.06,8713.55,8717.07,594
2026-04-07T12:00:00+00:00,8717.07,8726.07,8704.07,8713.05,1458
2026-04-07T12:15:00+00:00,8713.05,8731.57,8706.57,8731.05,1097
2026-04-07T12:30:00+00:00,8731.05,8733.57,8721.55,8723.56,587
2026-04-07T12:45:00+00:00,8723.56,8736.57,8706.55,8717.07,1115
2026-04-07T13:00:00+00:00,8717.07,8729.56,8714.55,8725.06,926
2026-04-07T13:15:00+00:00,8725.06,8727.57,8715.57,8723.05,574
2026-04-07T13:30:00+00:00,8723.05,8730.55,8693.55,8694.55,1963
2026-04-07T13:45:00+00:00,8694.55,8709.57,8689.05,8693.06,1515
2026-04-07T14:00:00+00:00,8693.06,8693.57,8669.56,8683.55,1587
2026-04-07T14:15:00+00:00,8683.55,8708.57,8677.57,8707.57,1632
2026-04-07T14:30:00+00:00,8707.57,8716.56,8698.55,8702.06,1460
2026-04-07T14:45:00+00:00,8702.06,8714.57,8683.55,8684.07,1478
2026-04-07T15:00:00+00:00,8684.07,8684.07,8663.55,8668.55,1346
2026-04-07T15:15:00+00:00,8668.55,8687.06,8666.56,8686.55,1952
2026-04-07T15:30:00+00:00,8686.55,8687.56,8665.55,8666.55,1358
2026-04-07T15:45:00+00:00,8666.55,8680.57,8663.55,8676.57,1191
2026-04-07T16:00:00+00:00,8676.57,8705.06,8676.55,8689.06,1826
2026-04-07T16:15:00+00:00,8689.06,8702.57,8684.05,8696.56,1337
2026-04-07T16:30:00+00:00,8696.56,8700.57,8691.05,8697.07,801
2026-04-07T16:45:00+00:00,8697.07,8706.57,8694.86,8696.55,636
2026-04-07T17:00:00+00:00,8696.55,8705.57,8693.56,8694.57,760
2026-04-07T17:15:00+00:00,8694.57,8696.57,8679.55,8682.57,541
2026-04-07T17:30:00+00:00,8682.57,8721.06,8682.57,8708.06,1203
2026-04-07T17:45:00+00:00,8708.06,8714.56,8703.55,8709.55,646
2026-04-07T18:00:00+00:00,8709.55,8713.57,8705.05,8711.05,374
2026-04-07T18:15:00+00:00,8711.05,8716.56,8704.55,8711.07,547
2026-04-07T18:30:00+00:00,8711.07,8713.07,8700.56,8703.56,449
2026-04-07T18:45:00+00:00,8703.56,8705.57,8684.05,8689.06,760
2026-04-07T19:00:00+00:00,8689.06,8697.57,8685.55,8696.56,914
2026-04-07T19:15:00+00:00,8696.56,8740.85,8695.07,8718.05,2634
2026-04-07T19:30:00+00:00,8718.05,8723.56,8704.55,8712.56,1219
2026-04-07T19:45:00+00:00,8712.56,8746.55,8709.56,8730.07,3674
2026-04-07T20:00:00+00:00,8730.07,8736.57,8722.07,8735.05,527
2026-04-07T20:15:00+00:00,8735.05,8740.55,8729.05,8734.05,255
2026-04-07T20:30:00+00:00,8734.05,8748.05,8733.57,8741.06,412
2026-04-07T20:45:00+00:00,8741.06,8744.37,8736.06,8744.37,269
2026-04-07T23:00:00+00:00,8832.91,8849.289999999999,8811.91,8839.91,1782.9456051161908
2026-04-07T23:15:00+00:00,8839.91,8862.91,8836.91,8839.91,1405.5002649059188
2026-04-07T23:30:00+00:00,8839.91,8859.91,8829.91,8850.91,1565.3841194907109
2026-04-07T23:45:00+00:00,8850.91,9129.3,8842.28,9117.32,1487.1947635394297
2026-04-08T00:00:00+00:00,9117.32,9140.21,9084.199999999999,9093.72,3082
2026-04-08T00:15:00+00:00,9093.72,9113.22,9070.199999999999,9098.71,2335
2026-04-08T00:30:00+00:00,9098.71,9117.699999999999,9082.22,9086.21,1539
2026-04-08T00:45:00+00:00,9086.21,9111.22,9083.21,9094.22,843
2026-04-08T01:00:00+00:00,9094.22,9106.71,9085.72,9103.72,714
2026-04-08T01:15:00+00:00,9103.72,9106.22,9083.71,9087.72,631
2026-04-08T01:30:00+00:00,9087.72,9103.71,9082.699999999999,9094.71,512
2026-04-08T01:45:00+00:00,9094.71,9103.71,9071.699999999999,9083.199999999999,487
2026-04-08T02:00:00+00:00,9083.199999999999,9091.72,9076.699999999999,9080.21,383
2026-04-08T02:15:00+00:00,9080.21,9094.21,9079.199999999999,9089.22,371
2026-04-08T02:30:00+00:00,9089.22,9103.72,9089.22,9098.71,383
2026-04-08T02:45:00+00:00,9098.71,9112.199999999999,9098.199999999999,9109.22,244
2026-04-08T03:00:00+00:00,9109.22,9113.72,9105.199999999999,9106.699999999999,243
2026-04-08T03:15:00+00:00,9106.699999999999,9109.22,9096.71,9098.699999999999,246
2026-04-08T03:30:00+00:00,9098.699999999999,9102.699999999999,9091.199999999999,9098.699999999999,254
2026-04-08T03:45:00+00:00,9098.699999999999,9101.199999999999,9087.72,9092.699999999999,174
2026-04-08T04:00:00+00:00,9092.699999999999,9107.22,9092.22,9103.199999999999,241
2026-04-08T04:15:00+00:00,9103.199999999999,9109.72,9100.199999999999,9103.699999999999,200
2026-04-08T04:30:00+00:00,9103.699999999999,9105.71,9096.199999999999,9099.21,267
2026-04-08T04:45:00+00:00,9099.21,9103.72,9097.199999999999,9099.22,212
2026-04-08T05:00:00+00:00,9099.22,9099.71,9093.72,9096.199999999999,358
2026-04-08T05:15:00+00:00,9096.199999999999,9105.21,9096.199999999999,9103.199999999999,220
2026-04-08T05:30:00+00:00,9103.199999999999,9106.71,9093.21,9093.22,412
2026-04-08T05:45:00+00:00,9093.22,9101.21,9088.21,9094.199999999999,463
2026-04-08T06:00:00+00:00,9094.199999999999,9109.82,9083.8,9088.81,1131
2026-04-08T06:15:00+00:00,9088.81,9102.81,9080.32,9093.599999999999,851
2026-04-08T07:00:00+00:00,8951.06,8951.06,8924.76,8928.78,270
2026-04-08T07:15:00+00:00,8928.78,8954.28,8928.77,8942.28,430
2026-04-08T07:30:00+00:00,8942.28,8942.28,8928.76,8928.76,569
2026-04-08T07:45:00+00:00,8928.76,8934.28,8924.76,8925.28,622
2026-04-08T08:00:00+00:00,8925.28,8935.77,8923.76,8934.28,898
2026-04-08T08:15:00+00:00,8934.28,8941.28,8928.26,8932.78,659
2026-04-08T08:30:00+00:00,8932.78,8948.76,8926.26,8937.76,847
2026-04-08T08:45:00+00:00,8937.76,8953.28,8937.26,8952.27,675
2026-04-08T09:00:00+00:00,8952.27,8966.28,8945.27,8965.26,490
2026-04-08T09:15:00+00:00,8965.26,8973.78,8965.26,8965.78,308
2026-04-08T09:30:00+00:00,8965.78,8972.28,8945.76,8947.28,561
2026-04-08T09:45:00+00:00,8947.28,8962.76,8946.27,8958.76,799
2026-04-08T10:00:00+00:00,8958.76,8967.28,8956.76,8961.77,709
2026-04-08T10:15:00+00:00,8961.77,8970.28,8954.76,8969.27,547
2026-04-08T10:30:00+00:00,8969.27,8974.28,8967.76,8971.28,352
2026-04-08T10:45:00+00:00,8971.28,8976.28,8965.27,8971.28,378
2026-04-08T11:00:00+00:00,8971.28,8974.77,8958.78,8970.78,482
2026-04-08T11:15:00+00:00,8970.78,8984.77,8962.76,8978.26,598
2026-04-08T11:30:00+00:00,8978.26,8982.27,8970.26,8980.27,576
2026-04-08T11:45:00+00:00,8980.27,8986.28,8973.26,8977.27,498
2026-04-08T12:00:00+00:00,8977.27,8986.28,8972.27,8982.76,696
2026-04-08T12:15:00+00:00,8982.76,8982.78,8948.76,8966.26,1686
2026-04-08T12:30:00+00:00,8966.26,8975.28,8965.27,8968.27,616
2026-04-08T12:45:00+00:00,8968.27,8974.77,8958.26,8965.77,627
2026-04-08T13:00:00+00:00,8965.77,8969.76,8956.27,8961.28,583
2026-04-08T13:15:00+00:00,8961.28,8964.77,8950.26,8951.27,636
2026-04-08T13:30:00+00:00,8951.27,8954.76,8916.27,8921.78,2523
2026-04-08T13:45:00+00:00,8921.78,8943.26,8915.76,8923.28,2005
2026-04-08T14:00:00+00:00,8923.28,8939.27,8919.27,8935.26,2078
2026-04-08T14:15:00+00:00,8935.26,8942.26,8925.26,8932.26,1513
2026-04-08T14:30:00+00:00,8932.26,8936.28,8915.27,8921.27,1893
2026-04-08T14:45:00+00:00,8921.27,8925.78,8897.26,8907.27,1567
2026-04-08T15:00:00+00:00,8907.27,8912.28,8894.26,8905.26,1164
2026-04-08T15:15:00+00:00,8905.26,8919.27,8901.76,8910.76,1144
2026-04-08T15:30:00+00:00,8910.76,8927.28,8909.27,8922.28,1176
2026-04-08T15:45:00+00:00,8922.28,8928.26,8920.76,8925.26,532
2026-04-08T16:00:00+00:00,8925.26,8934.28,8918.27,8919.27,591
2026-04-08T16:15:00+00:00,8919.27,8919.76,8912.76,8916.78,522
2026-04-08T16:30:00+00:00,8916.78,8922.28,8913.27,8918.26,345
2026-04-08T16:45:00+00:00,8918.26,8925.77,8918.26,8923.27,311
2026-04-08T17:00:00+00:00,8923.27,8926.27,8918.76,8924.27,248
2026-04-08T17:15:00+00:00,8924.27,8926.28,8911.26,8914.77,635
2026-04-08T17:30:00+00:00,8914.77,8919.28,8911.26,8918.27,559
2026-04-08T17:45:00+00:00,8918.27,8922.76,8916.26,8921.77,234
2026-04-08T18:00:00+00:00,8921.77,8927.28,8918.27,8927.26,239
2026-04-08T18:15:00+00:00,8927.26,8929.28,8904.26,8912.77,1621
2026-04-08T18:30:00+00:00,8912.77,8918.27,8904.26,8905.77,658
2026-04-08T18:45:00+00:00,8905.77,8909.26,8892.76,8894.26,640
2026-04-08T19:00:00+00:00,8894.26,8905.78,8892.26,8905.26,612
2026-04-08T19:15:00+00:00,8905.26,8909.28,8898.26,8905.27,539
2026-04-08T19:30:00+00:00,8905.27,8919.28,8905.27,8916.26,554
2026-04-08T19:45:00+00:00,8916.26,8941.27,8913.27,8936.77,724
2026-04-08T20:00:00+00:00,8936.77,8938.77,8929.26,8929.76,169
2026-04-08T20:15:00+00:00,8929.76,8932.27,8925.76,8926.27,94.15801789401239
2026-04-08T20:30:00+00:00,8926.27,8927.27,8925.26,8925.26,44.993050729673385
2026-04-08T20:45:00+00:00,8925.26,8948.07,8924.77,8948.07,69.46607009694259
2026-04-08T23:00:00+00:00,8922.31,8932.31,8922.31,8927.31,278.3176533809365
2026-04-08T23:15:00+00:00,8927.31,8928.31,8921.31,8923.31,200.9396477953092
2026-04-08T23:30:00+00:00,8923.31,8926.31,8913.56,8914.19,372.32511179002813
2026-04-08T23:45:00+00:00,8914.19,8932.45,8866.920000000002,8876.400000000001,667.245928020779
2026-04-09T00:00:00+00:00,8876.400000000001,8903.320000000002,8869.810000000001,8898.310000000001,1141
2026-04-09T00:15:00+00:00,8898.310000000001,8919.320000000002,8894.320000000002,8914.800000000001,646
2026-04-09T00:30:00+00:00,8914.800000000001,8917.320000000002,8902.320000000002,8912.300000000001,511
2026-04-09T00:45:00+00:00,8912.300000000001,8915.300000000001,8904.310000000001,8911.310000000001,521
2026-04-09T01:00:00+00:00,8911.310000000001,8922.320000000002,8909.320000000002,8921.310000000001,628
2026-04-09T01:15:00+00:00,8921.310000000001,8922.320000000002,8912.300000000001,8915.310000000001,456
2026-04-09T01:30:00+00:00,8915.310000000001,8921.320000000002,8905.800000000001,8914.310000000001,347
2026-04-09T01:45:00+00:00,8914.310000000001,8925.320000000002,8911.300000000001,8923.310000000001,258
2026-04-09T02:00:00+00:00,8923.310000000001,8927.310000000001,8916.800000000001,8920.320000000002,258
2026-04-09T02:15:00+00:00,8920.320000000002,8923.320000000002,8915.300000000001,8920.320000000002,188
2026-04-09T02:30:00+00:00,8920.320000000002,8931.320000000002,8918.320000000002,8930.300000000001,219
2026-04-09T02:45:00+00:00,8930.300000000001,8934.320000000002,8920.300000000001,8921.320000000002,185
2026-04-09T03:00:00+00:00,8921.320000000002,8923.320000000002,8917.310000000001,8923.300000000001,214
2026-04-09T03:15:00+00:00,8923.300000000001,8924.320000000002,8919.300000000001,8920.320000000002,123
2026-04-09T03:30:00+00:00,8920.320000000002,8924.310000000001,8917.800000000001,8922.300000000001,140
2026-04-09T03:45:00+00:00,8922.300000000001,8923.310000000001,8916.300000000001,8918.310000000001,182
2026-04-09T04:00:00+00:00,8918.310000000001,8923.320000000002,8917.310000000001,8918.320000000002,197
2026-04-09T04:15:00+00:00,8918.320000000002,8919.300000000001,8906.300000000001,8913.810000000001,179
2026-04-09T04:30:00+00:00,8913.810000000001,8922.320000000002,8912.800000000001,8921.300000000001,150
2026-04-09T04:45:00+00:00,8921.300000000001,8923.320000000002,8917.300000000001,8919.820000000002,128
2026-04-09T05:00:00+00:00,8919.820000000002,8923.310000000001,8914.800000000001,8918.820000000002,161
2026-04-09T05:15:00+00:00,8918.820000000002,8927.820000000002,8918.820000000002,8926.300000000001,219
2026-04-09T05:30:00+00:00,8926.300000000001,8932.320000000002,8924.300000000001,8929.310000000001,193
2026-04-09T05:45:00+00:00,8929.310000000001,8930.320000000002,8923.300000000001,8929.300000000001,125
2026-04-09T06:00:00+00:00,8929.300000000001,8946.900000000001,8928.400000000001,8940.910000000002,452
2026-04-09T06:15:00+00:00,8940.910000000002,8943.2,8933.410000000002,8941.710000000001,274
2026-04-09T07:00:00+00:00,8964.33,8969.54,8957.03,8958.03,177
2026-04-09T07:15:00+00:00,8958.03,8958.54,8947.02,8951.03,360
2026-04-09T07:30:00+00:00,8951.03,8955.54,8943.54,8947.03,462
2026-04-09T07:45:00+00:00,8947.03,8953.52,8937.52,8949.52,390
2026-04-09T08:00:00+00:00,8949.52,8952.53,8941.02,8944.54,592
2026-04-09T08:15:00+00:00,8944.54,8948.52,8940.52,8941.53,420
2026-04-09T08:30:00+00:00,8941.53,8953.52,8941.02,8953.52,430
2026-04-09T08:45:00+00:00,8953.52,8956.52,8946.04,8947.52,422
2026-04-09T09:00:00+00:00,8947.52,8951.54,8942.02,8951.53,425
2026-04-09T09:15:00+00:00,8951.53,8956.54,8949.52,8954.52,320
2026-04-09T09:30:00+00:00,8954.52,8955.54,8947.52,8949.54,267
2026-04-09T09:45:00+00:00,8949.54,8955.52,8949.52,8952.04,229
2026-04-09T10:00:00+00:00,8952.04,8957.54,8946.52,8948.54,476
2026-04-09T10:15:00+00:00,8948.54,8953.54,8943.53,8950.04,462
2026-04-09T10:30:00+00:00,8950.04,8952.54,8940.54,8950.53,355
2026-04-09T10:45:00+00:00,8950.53,8950.53,8934.02,8935.02,513
2026-04-09T11:00:00+00:00,8935.02,8943.04,8929.53,8930.03,423
2026-04-09T11:15:00+00:00,8930.03,8934.03,8925.02,8932.52,291
2026-04-09T11:30:00+00:00,8932.52,8947.52,8932.02,8947.03,400
2026-04-09T11:45:00+00:00,8947.03,8953.54,8946.52,8951.53,372
2026-04-09T12:00:00+00:00,8951.53,8956.54,8944.03,8944.52,345
2026-04-09T12:15:00+00:00,8944.52,8947.83,8940.03,8947.82,335
2026-04-09T12:30:00+00:00,8947.82,8952.03,8938.52,8944.53,663
2026-04-09T12:45:00+00:00,8944.53,8947.54,8937.03,8942.54,457
2026-04-09T13:00:00+00:00,8942.54,8945.04,8937.03,8941.03,557
2026-04-09T13:15:00+00:00,8941.03,8947.03,8937.53,8945.03,342
2026-04-09T13:30:00+00:00,8945.03,8964.54,8941.52,8962.54,1220
2026-04-09T13:45:00+00:00,8962.54,8963.54,8938.52,8941.54,971
2026-04-09T14:00:00+00:00,8941.54,8943.53,8930.52,8939.52,817
2026-04-09T14:15:00+00:00,8939.52,8940.53,8913.04,8919.02,740
2026-04-09T14:30:00+00:00,8919.02,8929.54,8917.02,8921.04,810
2026-04-09T14:45:00+00:00,8921.04,8936.54,8920.53,8936.53,900
2026-04-09T15:00:00+00:00,8936.53,8945.54,8928.52,8944.53,678
2026-04-09T15:15:00+00:00,8944.53,8959.04,8944.02,8946.03,912
2026-04-09T15:30:00+00:00,8946.03,8974.54,8945.52,8969.03,2213
2026-04-09T15:45:00+00:00,8969.03,8979.54,8965.02,8976.54,1101
2026-04-09T16:00:00+00:00,8976.54,8990.54,8974.54,8979.02,830
2026-04-09T16:15:00+00:00,8979.02,8990.04,8977.52,8982.54,501
2026-04-09T16:30:00+00:00,8982.54,8983.54,8973.53,8974.52,505
2026-04-09T16:45:00+00:00,8974.52,8982.04,8969.53,8979.52,468
2026-04-09T17:00:00+00:00,8979.52,8983.54,8975.52,8981.02,367
2026-04-09T17:15:00+00:00,8981.02,8986.04,8979.52,8980.52,350
2026-04-09T17:30:00+00:00,8980.52,8991.02,8975.02,8985.03,357
2026-04-09T17:45:00+00:00,8985.03,8987.53,8982.02,8984.54,253
2026-04-09T18:00:00+00:00,8984.54,8984.54,8965.02,8969.02,909
2026-04-09T18:15:00+00:00,8969.02,8975.04,8965.52,8967.53,556
2026-04-09T18:30:00+00:00,8967.53,8971.53,8960.53,8965.52,457
2026-04-09T18:45:00+00:00,8965.52,8969.53,8964.02,8967.03,324
2026-04-09T19:00:00+00:00,8967.03,8979.54,8963.52,8978.52,225
2026-04-09T19:15:00+00:00,8978.52,8982.53,8974.03,8980.04,290
2026-04-09T19:30:00+00:00,8980.04,8980.53,8971.02,8972.53,237
2026-04-09T19:45:00+00:00,8972.53,8972.53,8954.03,8958.03,751
2026-04-09T20:00:00+00:00,8958.03,8962.04,8957.03,8959.04,117
2026-04-09T20:15:00+00:00,8959.04,8962.03,8958.02,8960.04,49.71865743973336
2026-04-09T20:30:00+00:00,8960.04,8962.04,8960.04,8961.04,33.03618993304714
2026-04-09T20:45:00+00:00,8961.04,8963.52,8952.83,8961.34,86.38863049095607
2026-04-09T23:00:00+00:00,8943.41,8951.41,8940.41,8951.41,139.38921879414508
2026-04-09T23:15:00+00:00,8951.41,8952.41,8942.41,8946.66,212.23508366995304
2026-04-09T23:30:00+00:00,8946.66,8962.92,8941.66,8962.92,448.7886540599917
2026-04-09T23:45:00+00:00,8962.92,8973.41,8917.39,8927.89,821.1720248109348
2026-04-10T00:00:00+00:00,8927.89,8932.3,8905.289999999999,8918.3,1301
2026-04-10T00:15:00+00:00,8918.3,8920.289999999999,8904.789999999999,8919.3,705
2026-04-10T00:30:00+00:00,8919.3,8930.3,8912.3,8929.8,458
2026-04-10T00:45:00+00:00,8929.8,8949.31,8927.789999999999,8948.3,282
2026-04-10T01:00:00+00:00,8948.3,8948.3,8932.289999999999,8932.289999999999,271
2026-04-10T01:15:00+00:00,8932.289999999999,8943.8,8929.789999999999,8940.8,251
2026-04-10T01:30:00+00:00,8940.8,8953.81,8938.81,8949.81,263
2026-04-10T01:45:00+00:00,8949.81,8949.81,8934.289999999999,8936.3,158
2026-04-10T02:00:00+00:00,8936.3,8940.31,8928.289999999999,8938.789999999999,302
2026-04-10T02:15:00+00:00,8938.789999999999,8939.31,8930.3,8934.789999999999,205
2026-04-10T02:30:00+00:00,8934.789999999999,8940.81,8925.289999999999,8940.789999999999,177
2026-04-10T02:45:00+00:00,8940.789999999999,8944.289999999999,8937.289999999999,8942.289999999999,137
2026-04-10T03:00:00+00:00,8942.289999999999,8949.789999999999,8940.789999999999,8948.789999999999,114.74166671073715
2026-04-10T03:15:00+00:00,8948.789999999999,8948.789999999999,8938.81,8938.81,124
2026-04-10T03:30:00+00:00,8938.81,8944.31,8937.31,8938.289999999999,91
2026-04-10T03:45:00+00:00,8938.289999999999,8941.31,8935.8,8939.3,109
2026-04-10T04:00:00+00:00,8939.3,8944.31,8937.3,8942.81,73.56151268549544
2026-04-10T04:15:00+00:00,8942.81,8949.31,8942.289999999999,8948.31,87
2026-04-10T04:30:00+00:00,8948.31,8948.31,8942.289999999999,8946.789999999999,126.83253842077372
2026-04-10T04:45:00+00:00,8946.789999999999,8947.81,8943.289999999999,8945.81,74.82261640798227
2026-04-10T05:00:00+00:00,8945.81,8950.31,8944.289999999999,8947.3,105
2026-04-10T05:15:00+00:00,8947.3,8950.8,8944.3,8946.789999999999,94.25364616360177
2026-04-10T05:30:00+00:00,8946.789999999999,8954.31,8946.789999999999,8951.31,113
2026-04-10T05:45:00+00:00,8951.31,8957.31,8951.289999999999,8953.8,127.26123013130615
2026-04-10T06:00:00+00:00,8953.8,8957.41,8950.41,8952.39,368
2026-04-10T06:15:00+00:00,8952.39,8955.199999999999,8948.39,8954.19,210
2026-04-10T07:00:00+00:00,8947.62,8957.32,8947.62,8951.34,168
2026-04-10T07:15:00+00:00,8951.34,8968.84,8948.84,8968.33,194
2026-04-10T07:30:00+00:00,8968.33,8977.33,8966.33,8967.82,221
2026-04-10T07:45:00+00:00,8967.82,8978.34,8965.32,8977.84,297
2026-04-10T08:00:00+00:00,8977.84,8983.82,8970.32,8978.33,444
2026-04-10T08:15:00+00:00,8978.33,8982.34,8973.32,8982.32,282
2026-04-10T08:30:00+00:00,8982.32,8983.34,8976.32,8978.82,187
2026-04-10T08:45:00+00:00,8978.82,8979.83,8965.33,8970.82,285
2026-04-10T09:00:00+00:00,8970.82,8980.34,8970.82,8979.32,270
2026-04-10T09:15:00+00:00,8979.32,9007.32,8978.32,8998.34,978
2026-04-10T09:30:00+00:00,8998.34,9000.34,8992.34,8999.83,383
2026-04-10T09:45:00+00:00,8999.83,9008.82,8999.32,9005.84,421
2026-04-10T10:00:00+00:00,9005.84,9008.33,8999.32,9000.32,401
2026-04-10T10:15:00+00:00,9000.32,9018.34,9000.32,9016.32,261
2026-04-10T10:30:00+00:00,9016.32,9020.84,9012.32,9018.33,367
2026-04-10T10:45:00+00:00,9018.33,9022.84,9015.82,9016.82,297
2026-04-10T11:00:00+00:00,9016.82,9022.33,9013.82,9017.82,307
2026-04-10T11:15:00+00:00,9017.82,9022.84,9016.32,9022.32,269
2026-04-10T11:30:00+00:00,9022.32,9026.83,9021.33,9024.82,261
2026-04-10T11:45:00+00:00,9024.82,9028.84,9019.33,9021.32,266
2026-04-10T12:00:00+00:00,9021.32,9026.34,9019.33,9025.34,384
2026-04-10T12:15:00+00:00,9025.34,9029.34,9020.82,9027.62,460
2026-04-10T12:30:00+00:00,9027.62,9054.64,9027.62,9030.84,617
2026-04-10T12:45:00+00:00,9030.84,9032.33,9016.63,9025.82,359
2026-04-10T13:00:00+00:00,9025.82,9030.83,9022.32,9024.33,544
2026-04-10T13:15:00+00:00,9024.33,9025.34,9016.32,9019.32,367
2026-04-10T13:30:00+00:00,9019.32,9022.34,9006.32,9009.83,1186
2026-04-10T13:45:00+00:00,9009.83,9015.34,8999.32,9015.34,792
2026-04-10T14:00:00+00:00,9015.34,9022.32,9006.82,9022.32,800
2026-04-10T14:15:00+00:00,9022.32,9027.84,9020.32,9020.34,507
2026-04-10T14:30:00+00:00,9020.34,9024.34,9001.82,9005.34,758
2026-04-10T14:45:00+00:00,9005.34,9013.34,9000.82,9008.83,731
2026-04-10T15:00:00+00:00,9008.83,9016.34,9002.83,9012.82,475
2026-04-10T15:15:00+00:00,9012.82,9017.34,9002.33,9004.33,538
2026-04-10T15:30:00+00:00,9004.33,9008.34,8989.33,8991.83,1025
2026-04-10T15:45:00+00:00,8991.83,8994.33,8980.35,8982.34,712.207740009187
2026-04-10T16:00:00+00:00,8982.34,8990.86,8977.85,8989.34,590
2026-04-10T16:15:00+00:00,8989.34,8991.85,8983.36,8984.36,490
2026-04-10T16:30:00+00:00,8984.36,8987.86,8976.34,8977.86,499
2026-04-10T16:45:00+00:00,8977.86,8990.86,8977.84,8989.36,408
2026-04-10T17:00:00+00:00,8989.36,8989.36,8977.84,8982.85,333
2026-04-10T17:15:00+00:00,8982.85,8983.86,8976.84,8980.86,476
2026-04-10T17:30:00+00:00,8980.86,8986.86,8977.84,8983.34,376
2026-04-10T17:45:00+00:00,8983.34,8990.36,8982.84,8989.36,237
2026-04-10T18:00:00+00:00,8989.36,8989.36,8981.85,8986.86,308
2026-04-10T18:15:00+00:00,8986.86,8994.86,8986.84,8991.35,236
2026-04-10T18:30:00+00:00,8991.35,8996.36,8990.86,8992.35,286
2026-04-10T18:45:00+00:00,8992.35,8994.86,8989.84,8993.85,153
2026-04-10T19:00:00+00:00,8993.85,8997.35,8992.84,8996.84,139
2026-04-10T19:15:00+00:00,8996.84,8997.36,8992.34,8992.86,130
2026-04-10T19:30:00+00:00,8992.86,8992.86,8984.84,8987.36,178.37536656891496
2026-04-10T19:45:00+00:00,8987.36,8997.34,8984.84,8992.36,415
2026-04-10T20:00:00+00:00,8992.36,8993.86,8990.84,8992.34,74
2026-04-10T20:15:00+00:00,8992.34,8999.35,8992.34,8998.35,44.75473263571404
2026-04-10T20:30:00+00:00,8998.35,9003.84,8998.34,9003.84,58
2026-04-12T23:45:00+00:00,9003.32,9003.32,8899.04,8910.52,299
2026-04-13T00:00:00+00:00,8910.52,8918.42,8887.92,8911.94,1014
2026-04-13T00:15:00+00:00,8911.94,8912.92,8894.92,8907.43,529
2026-04-13T00:30:00+00:00,8907.43,8924.94,8907.43,8923.92,377
2026-04-13T00:45:00+00:00,8923.92,8931.94,8920.93,8922.43,317
2026-04-13T01:00:00+00:00,8922.43,8925.93,8909.92,8921.92,462
2026-04-13T01:15:00+00:00,8921.92,8921.94,8915.92,8919.92,304
2026-04-13T01:30:00+00:00,8919.92,8933.93,8916.92,8924.42,261
2026-04-13T01:45:00+00:00,8924.42,8928.94,8921.92,8923.44,263
2026-04-13T02:00:00+00:00,8923.44,8923.44,8907.42,8910.94,186
2026-04-13T02:15:00+00:00,8910.94,8916.93,8907.43,8912.44,195
2026-04-13T02:30:00+00:00,8912.44,8913.43,8904.92,8906.94,156.43179555260537
2026-04-13T02:45:00+00:00,8906.94,8915.93,8905.92,8914.42,142
2026-04-13T03:00:00+00:00,8914.42,8914.93,8901.92,8901.92,162
2026-04-13T03:15:00+00:00,8901.92,8914.93,8901.92,8914.44,138.08446866485014
2026-04-13T03:30:00+00:00,8914.44,8914.93,8905.94,8909.93,113
2026-04-13T03:45:00+00:00,8909.93,8912.42,8901.44,8901.44,164
2026-04-13T04:00:00+00:00,8901.44,8905.94,8897.92,8904.44,141
2026-04-13T04:15:00+00:00,8904.44,8908.92,8903.43,8905.92,167
2026-04-13T04:30:00+00:00,8905.92,8911.94,8905.42,8907.92,141
2026-04-13T04:45:00+00:00,8907.92,8916.94,8907.92,8914.43,150
2026-04-13T05:00:00+00:00,8914.43,8915.93,8910.94,8912.92,184
2026-04-13T05:15:00+00:00,8912.92,8915.44,8909.92,8911.43,170.41929002009377
2026-04-13T05:30:00+00:00,8911.43,8912.93,8905.92,8907.42,165
2026-04-13T05:45:00+00:00,8907.42,8913.94,8907.42,8910.92,164.79273625852574
2026-04-13T06:00:00+00:00,8910.92,8918.04,8907.52,8908.54,439
2026-04-13T06:15:00+00:00,8908.54,8920.52,8908.54,8916.84,276
2026-04-13T07:00:00+00:00,8914.84,8928.54,8914.84,8928.52,100
2026-04-13T07:15:00+00:00,8928.52,8942.04,8927.03,8942.04,322
2026-04-13T07:30:00+00:00,8942.04,8945.52,8933.52,8945.52,220
2026-04-13T07:45:00+00:00,8945.52,8952.54,8943.03,8951.54,301
2026-04-13T08:00:00+00:00,8951.54,8961.54,8946.03,8946.54,496
2026-04-13T08:15:00+00:00,8946.54,8956.54,8944.02,8952.02,316
2026-04-13T08:30:00+00:00,8952.02,8955.54,8943.03,8946.03,456
2026-04-13T08:45:00+00:00,8946.03,8948.53,8940.52,8947.02,323
2026-04-13T09:00:00+00:00,8947.02,8956.53,8944.53,8948.54,465
2026-04-13T09:15:00+00:00,8948.54,8954.04,8946.52,8949.02,291
2026-04-13T09:30:00+00:00,8949.02,8953.54,8948.52,8949.52,200
2026-04-13T09:45:00+00:00,8949.52,8950.54,8944.53,8948.02,179
2026-04-13T10:00:00+00:00,8948.02,8951.54,8943.52,8951.04,189
2026-04-13T10:15:00+00:00,8951.04,8951.04,8945.03,8948.53,218
2026-04-13T10:30:00+00:00,8948.53,8951.53,8947.02,8949.02,199
2026-04-13T10:45:00+00:00,8949.02,8955.53,8947.04,8955.53,289
2026-04-13T11:00:00+00:00,8955.53,8963.53,8952.52,8954.03,485
2026-04-13T11:15:00+00:00,8954.03,8955.04,8945.02,8946.53,312
2026-04-13T11:30:00+00:00,8946.53,8950.54,8934.54,8941.53,418
2026-04-13T11:45:00+00:00,8941.53,8944.54,8931.52,8932.52,548
2026-04-13T12:00:00+00:00,8932.52,8941.54,8927.53,8939.53,450
2026-04-13T12:15:00+00:00,8939.53,8942.03,8936.53,8939.54,279
2026-04-13T12:30:00+00:00,8939.54,8947.04,8938.54,8945.54,349
2026-04-13T12:45:00+00:00,8945.54,8959.53,8945.54,8956.54,434
2026-04-13T13:00:00+00:00,8956.54,8964.54,8956.52,8962.02,305
2026-04-13T13:15:00+00:00,8962.02,8970.04,8960.03,8967.02,296
2026-04-13T13:30:00+00:00,8967.02,8969.52,8959.54,8966.52,835
2026-04-13T13:45:00+00:00,8966.52,9012.02,8964.52,9001.53,1723
2026-04-13T14:00:00+00:00,9001.53,9003.54,8989.53,9002.52,956
2026-04-13T14:15:00+00:00,9002.52,9006.54,8991.02,9003.54,1256
2026-04-13T14:30:00+00:00,9003.54,9009.03,9000.02,9008.54,716
2026-04-13T14:45:00+00:00,9008.54,9009.54,8995.52,9007.02,649
2026-04-13T15:00:00+00:00,9007.02,9007.02,8994.52,8999.54,845
2026-04-13T15:15:00+00:00,8999.54,9001.02,8989.53,8992.03,553
2026-04-13T15:30:00+00:00,8992.03,8998.52,8985.52,8993.52,814
2026-04-13T15:45:00+00:00,8993.52,8997.53,8989.52,8996.53,452
2026-04-13T16:00:00+00:00,8996.53,9009.54,8992.52,9004.02,814
2026-04-13T16:15:00+00:00,9004.02,9026.54,9002.53,9022.53,724
2026-04-13T16:30:00+00:00,9022.53,9030.54,9016.52,9026.04,1373
2026-04-13T16:45:00+00:00,9026.04,9036.03,9021.02,9025.54,829
2026-04-13T17:00:00+00:00,9025.54,9028.54,9023.52,9025.54,301
2026-04-13T17:15:00+00:00,9025.54,9031.54,9025.03,9027.04,337
2026-04-13T17:30:00+00:00,9027.04,9029.54,9024.52,9025.52,301
2026-04-13T17:45:00+00:00,9025.52,9025.54,9021.52,9022.04,255
2026-04-13T18:00:00+00:00,9022.04,9028.54,9022.04,9027.53,200
2026-04-13T18:15:00+00:00,9027.53,9028.03,9021.52,9024.53,158
2026-04-13T18:30:00+00:00,9024.53,9026.54,9023.02,9026.54,224.39605873261206
2026-04-13T18:45:00+00:00,9026.54,9034.52,9026.54,9031.53,263
2026-04-13T19:00:00+00:00,9031.53,9035.53,9028.02,9029.54,172
2026-04-13T19:15:00+00:00,9029.54,9036.52,9029.53,9035.52,137
2026-04-13T19:30:00+00:00,9035.52,9038.52,9031.53,9033.52,185
2026-04-13T19:45:00+00:00,9033.52,9043.03,9028.53,9036.53,521
2026-04-13T20:00:00+00:00,9036.53,9038.04,9033.02,9034.02,151
2026-04-13T20:15:00+00:00,9034.02,9037.54,9033.02,9036.03,87
2026-04-13T20:30:00+00:00,9036.03,9037.04,9034.52,9035.02,56
2026-04-13T20:45:00+00:00,9035.02,9038.84,9032.82,9032.82,53
2026-04-13T23:00:00+00:00,9038.51,9043.51,9032.51,9039.51,224.6206359591311
2026-04-13T23:15:00+00:00,9039.51,9039.51,9032.51,9033.51,124.6020412456284
2026-04-13T23:30:00+00:00,9033.51,9033.51,9024.51,9029.51,208.43670278666696
2026-04-13T23:45:00+00:00,9029.51,9033.51,9008.4,9008.91,384.80866072292235
2026-04-14T00:00:00+00:00,9008.91,9010.32,8968.810000000001,8980.82,1223
2026-04-14T00:15:00+00:00,8980.82,8996.32,8973.810000000001,8974.800000000001,699
2026-04-14T00:30:00+00:00,8974.800000000001,8980.800000000001,8954.800000000001,8957.810000000001,456
2026-04-14T00:45:00+00:00,8957.810000000001,8961.310000000001,8937.800000000001,8943.300000000001,358
2026-04-14T01:00:00+00:00,8943.300000000001,8954.82,8934.300000000001,8953.800000000001,322
2026-04-14T01:15:00+00:00,8953.800000000001,8958.810000000001,8949.82,8952.82,259
2026-04-14T01:30:00+00:00,8952.82,8965.310000000001,8944.800000000001,8965.310000000001,337
2026-04-14T01:45:00+00:00,8965.310000000001,8975.300000000001,8965.310000000001,8974.800000000001,286
2026-04-14T02:00:00+00:00,8974.800000000001,8979.800000000001,8970.810000000001,8978.32,162
2026-04-14T02:15:00+00:00,8978.32,8980.82,8969.810000000001,8970.300000000001,164
2026-04-14T02:30:00+00:00,8970.300000000001,8970.300000000001,8959.800000000001,8961.32,241
2026-04-14T02:45:00+00:00,8961.32,8962.32,8958.300000000001,8962.32,150
2026-04-14T03:00:00+00:00,8962.32,8962.82,8953.810000000001,8956.810000000001,163
2026-04-14T03:15:00+00:00,8956.810000000001,8959.82,8946.800000000001,8946.800000000001,217
2026-04-14T03:30:00+00:00,8946.800000000001,8946.82,8937.810000000001,8942.800000000001,209
2026-04-14T03:45:00+00:00,8942.800000000001,8950.82,8936.810000000001,8950.32,158
2026-04-14T04:00:00+00:00,8950.32,8958.32,8947.800000000001,8956.82,183
2026-04-14T04:15:00+00:00,8956.82,8964.82,8956.300000000001,8957.810000000001,140
2026-04-14T04:30:00+00:00,8957.810000000001,8963.82,8957.310000000001,8957.310000000001,101
2026-04-14T04:45:00+00:00,8957.310000000001,8967.32,8957.300000000001,8966.300000000001,103
2026-04-14T05:00:00+00:00,8966.300000000001,8972.310000000001,8962.810000000001,8970.32,142.4935567010309
2026-04-14T05:15:00+00:00,8970.32,8972.300000000001,8965.800000000001,8967.300000000001,115
2026-04-14T05:30:00+00:00,8967.300000000001,8967.82,8958.300000000001,8961.310000000001,161
2026-04-14T05:45:00+00:00,8961.310000000001,8968.82,8960.800000000001,8965.310000000001,155
2026-04-14T06:00:00+00:00,8965.310000000001,8965.310000000001,8948.4,8952.4,329
2026-04-14T06:15:00+00:00,8952.4,8960.2,8952.4,8958.720000000001,204
2026-04-14T07:00:00+00:00,8970.03,8999.73,8970.03,8998.21,188
2026-04-14T07:15:00+00:00,8998.21,8999.73,8988.71,8991.73,421
2026-04-14T07:30:00+00:00,8991.73,8996.23,8985.72,8987.71,405
2026-04-14T07:45:00+00:00,8987.71,8990.72,8979.71,8987.21,359
2026-04-14T08:00:00+00:00,8987.21,8992.23,8982.71,8986.72,528
2026-04-14T08:15:00+00:00,8986.72,8990.23,8981.73,8986.22,397
2026-04-14T08:30:00+00:00,8986.22,8991.23,8975.71,8980.72,378
2026-04-14T08:45:00+00:00,8980.72,8984.72,8978.71,8981.73,224
2026-04-14T09:00:00+00:00,8981.73,8984.73,8974.23,8977.71,251
2026-04-14T09:15:00+00:00,8977.71,8980.23,8974.71,8975.72,245
2026-04-14T09:30:00+00:00,8975.72,8976.23,8966.72,8967.72,278
2026-04-14T09:45:00+00:00,8967.72,8968.23,8960.71,8965.21,204
2026-04-14T10:00:00+00:00,8965.21,8968.21,8961.73,8963.71,221
2026-04-14T10:15:00+00:00,8963.71,8967.73,8961.72,8961.72,224
2026-04-14T10:30:00+00:00,8961.72,8962.23,8945.71,8946.72,277
2026-04-14T10:45:00+00:00,8946.72,8960.72,8945.21,8956.22,251
2026-04-14T11:00:00+00:00,8956.22,8957.23,8946.72,8947.72,224
2026-04-14T11:15:00+00:00,8947.72,8960.73,8946.72,8960.23,228
2026-04-14T11:30:00+00:00,8960.23,8970.23,8959.73,8969.23,191
2026-04-14T11:45:00+00:00,8969.23,8986.22,8968.71,8978.71,635
2026-04-14T12:00:00+00:00,8978.71,8984.23,8965.71,8968.21,393
2026-04-14T12:15:00+00:00,8968.21,8980.02,8963.71,8980.02,331
2026-04-14T12:30:00+00:00,8980.02,8987.23,8970.22,8973.73,453
2026-04-14T12:45:00+00:00,8973.73,8976.73,8969.72,8974.73,288
2026-04-14T13:00:00+00:00,8974.73,8983.21,8969.73,8981.73,331
2026-04-14T13:15:00+00:00,8981.73,8984.73,8974.23,8975.71,281
2026-04-14T13:30:00+00:00,8975.71,8986.23,8963.21,8982.72,1046
2026-04-14T13:45:00+00:00,8982.72,8986.73,8980.72,8983.73,580
2026-04-14T14:00:00+00:00,8983.73,8993.73,8982.71,8987.71,735
2026-04-14T14:15:00+00:00,8987.71,8988.72,8977.71,8986.72,548
2026-04-14T14:30:00+00:00,8986.72,8993.71,8983.21,8988.23,390
2026-04-14T14:45:00+00:00,8988.23,8995.73,8987.71,8994.72,342
2026-04-14T15:00:00+00:00,8994.72,8994.73,8987.21,8992.71,534
2026-04-14T15:15:00+00:00,8992.71,9002.73,8989.71,8998.22,593
2026-04-14T15:30:00+00:00,8998.22,9004.73,8996.72,8998.71,396
2026-04-14T15:45:00+00:00,8998.71,9003.23,8995.71,9002.23,246
2026-04-14T16:00:00+00:00,9002.23,9004.73,8998.22,8999.71,185
2026-04-14T16:15:00+00:00,8999.71,9004.73,8997.73,9001.72,196
2026-04-14T16:30:00+00:00,9001.72,9002.73,8997.72,8999.71,173
2026-04-14T16:45:00+00:00,8999.71,8999.73,8994.21,8995.21,129
2026-04-14T17:00:00+00:00,8995.21,9001.71,8995.21,8998.73,199
2026-04-14T17:15:00+00:00,8998.73,9005.73,8998.72,9003.72,153.77839029768467
2026-04-14T17:30:00+00:00,9003.72,9008.73,9001.71,9008.23,126
2026-04-14T17:45:00+00:00,9008.23,9009.73,9003.71,9005.71,131
2026-04-14T18:00:00+00:00,9005.71,9015.72,9005.71,9013.21,136.33887043189367
2026-04-14T18:15:00+00:00,9013.21,9013.73,9003.23,9007.73,296
2026-04-14T18:30:00+00:00,9007.73,9012.23,9007.71,9009.71,211
2026-04-14T18:45:00+00:00,9009.71,9013.23,9007.71,9012.71,136
2026-04-14T19:00:00+00:00,9012.71,9021.73,9012.21,9021.73,140
2026-04-14T19:15:00+00:00,9021.73,9023.73,9019.21,9022.72,134
2026-04-14T19:30:00+00:00,9022.72,9024.73,9016.72,9017.71,161
2026-04-14T19:45:00+00:00,9017.71,9021.22,9009.71,9015.73,287
2026-04-14T20:00:00+00:00,9015.73,9019.21,9015.73,9017.71,78.40961295380727
2026-04-14T20:15:00+00:00,9016.71,9017.23,9014.71,9015.73,27
2026-04-14T20:30:00+00:00,9015.73,9017.23,9015.71,9016.71,40
2026-04-14T20:45:00+00:00,9016.71,9018.03,9014.71,9018.03,42
2026-04-14T23:00:00+00:00,9013.51,9019.51,9011.51,9015.51,69.81440631994727
2026-04-14T23:15:00+00:00,9015.51,9018.51,9012.51,9016.51,96.50834441884385
2026-04-14T23:30:00+00:00,9016.51,9024.51,9012.51,9022.51,276.78870225928875
2026-04-14T23:45:00+00:00,9022.51,9035.51,9012.35,9021.359999999999,379.7505243754907
2026-04-15T00:00:00+00:00,9021.359999999999,9023.27,8998.75,9002.25,601
2026-04-15T00:15:00+00:00,9002.25,9005.27,8998.26,9001.75,334
2026-04-15T00:30:00+00:00,9001.75,9005.77,8993.75,8995.25,282
2026-04-15T00:45:00+00:00,8995.25,8998.25,8992.26,8996.75,177
2026-04-15T01:00:00+00:00,8996.75,8998.27,8989.27,8998.26,176
2026-04-15T01:15:00+00:00,8998.26,9002.76,8994.76,9001.25,166
2026-04-15T01:30:00+00:00,9001.25,9002.27,8988.77,8989.26,180
2026-04-15T01:45:00+00:00,8989.26,8997.26,8986.75,8995.25,134
2026-04-15T02:00:00+00:00,8995.25,8999.76,8993.26,8994.76,147
2026-04-15T02:15:00+00:00,8994.76,8997.25,8992.25,8992.26,71
2026-04-15T02:30:00+00:00,8992.26,8994.77,8986.26,8991.76,132
2026-04-15T02:45:00+00:00,8991.76,8997.27,8990.25,8992.25,103
2026-04-15T03:00:00+00:00,8992.25,8992.25,8987.25,8988.76,116
2026-04-15T03:15:00+00:00,8988.76,8989.27,8982.25,8982.27,125
2026-04-15T03:30:00+00:00,8982.27,8990.77,8982.27,8987.27,131.45305875227135
2026-04-15T03:45:00+00:00,8987.27,8992.27,8986.25,8987.26,148
2026-04-15T04:00:00+00:00,8987.26,8996.27,8987.26,8995.27,94
2026-04-15T04:15:00+00:00,8995.27,8995.77,8991.26,8992.26,58
2026-04-15T04:30:00+00:00,8992.26,8995.26,8986.26,8987.27,138
2026-04-15T04:45:00+00:00,8987.27,8990.77,8986.27,8989.26,109
2026-04-15T05:00:00+00:00,8989.26,8996.77,8987.25,8990.27,401
2026-04-15T05:15:00+00:00,8990.27,8991.27,8984.25,8984.76,168
2026-04-15T05:30:00+00:00,8984.76,8988.77,8981.76,8982.27,157
2026-04-15T05:45:00+00:00,8982.27,8988.27,8979.25,8987.77,223
2026-04-15T06:00:00+00:00,8987.77,8991.369999999999,8980.85,8988.869999999999,348
2026-04-15T06:15:00+00:00,8988.869999999999,8999.869999999999,8988.869999999999,8999.15,295
2026-04-15T07:00:00+00:00,8987.67,8993.39,8983.68,8990.38,85
2026-04-15T07:15:00+00:00,8990.38,8991.38,8983.87,8985.88,234
2026-04-15T07:30:00+00:00,8985.88,8988.88,8984.38,8986.38,160
2026-04-15T07:45:00+00:00,8986.38,8986.39,8981.39,8982.88,226
2026-04-15T08:00:00+00:00,8982.88,8985.39,8978.38,8983.89,248
2026-04-15T08:15:00+00:00,8983.89,8986.39,8980.37,8986.39,206
2026-04-15T08:30:00+00:00,8986.39,8993.39,8984.88,8991.38,230
2026-04-15T08:45:00+00:00,8991.38,8995.39,8988.39,8994.39,145.672435105068
2026-04-15T09:00:00+00:00,8994.39,8997.39,8975.88,8983.38,564
2026-04-15T09:15:00+00:00,8983.38,8987.39,8977.88,8980.39,355
2026-04-15T09:30:00+00:00,8980.39,8984.39,8977.39,8978.39,337
2026-04-15T09:45:00+00:00,8978.39,8983.88,8977.37,8979.89,208
2026-04-15T10:00:00+00:00,8979.89,8988.88,8978.87,8984.88,354
2026-04-15T10:15:00+00:00,8984.88,8985.39,8970.38,8973.88,640
2026-04-15T10:30:00+00:00,8973.88,8987.89,8971.37,8986.38,534
2026-04-15T10:45:00+00:00,8986.38,8991.38,8983.37,8987.37,296
2026-04-15T11:00:00+00:00,8987.37,8990.39,8984.87,8988.39,212
2026-04-15T11:15:00+00:00,8988.39,8990.89,8985.37,8986.37,205
2026-04-15T11:30:00+00:00,8986.37,8993.39,8985.88,8991.39,298
2026-04-15T11:45:00+00:00,8991.39,9008.67,8988.37,8998.39,517
2026-04-15T12:00:00+00:00,8998.39,8998.88,8985.87,8987.89,446
2026-04-15T12:15:00+00:00,8987.89,8987.89,8977.87,8981.39,173
2026-04-15T12:30:00+00:00,8981.39,8985.39,8976.37,8984.87,214
2026-04-15T12:45:00+00:00,8984.87,8988.89,8981.88,8987.39,179
2026-04-15T13:00:00+00:00,8987.39,8988.89,8983.87,8985.88,224
2026-04-15T13:15:00+00:00,8985.88,8994.39,8983.38,8993.38,199
2026-04-15T13:30:00+00:00,8993.38,8995.89,8981.37,8982.39,928
2026-04-15T13:45:00+00:00,8982.39,8998.39,8980.38,8997.38,680
2026-04-15T14:00:00+00:00,8997.38,8997.39,8987.88,8993.37,545
2026-04-15T14:15:00+00:00,8993.37,8999.39,8986.89,8997.37,500
2026-04-15T14:30:00+00:00,8997.37,8998.38,8980.37,8987.88,462
2026-04-15T14:45:00+00:00,8987.88,8989.39,8983.37,8986.87,313
2026-04-15T15:00:00+00:00,8986.87,8987.39,8981.87,8983.37,475
2026-04-15T15:15:00+00:00,8983.37,8987.69,8975.87,8981.89,469
2026-04-15T15:30:00+00:00,8981.89,8982.39,8969.38,8974.89,504
2026-04-15T15:45:00+00:00,8974.89,8978.38,8971.87,8973.39,269
2026-04-15T16:00:00+00:00,8973.39,8981.39,8970.39,8980.38,279
2026-04-15T16:15:00+00:00,8980.38,8984.39,8978.37,8984.37,261
2026-04-15T16:30:00+00:00,8984.37,8985.39,8974.87,8976.88,325
2026-04-15T16:45:00+00:00,8976.88,8981.39,8972.87,8978.37,340
2026-04-15T17:00:00+00:00,8978.37,8985.88,8978.37,8979.88,208
2026-04-15T17:15:00+00:00,8979.88,8982.39,8977.37,8981.37,204
2026-04-15T17:30:00+00:00,8981.37,8986.39,8978.89,8981.39,175
2026-04-15T17:45:00+00:00,8981.39,8982.39,8978.37,8978.37,118
2026-04-15T18:00:00+00:00,8978.37,8987.38,8973.87,8982.88,538
2026-04-15T18:15:00+00:00,8982.88,8986.38,8982.37,8983.87,190
2026-04-15T18:30:00+00:00,8983.87,8987.39,8981.87,8983.38,127
2026-04-15T18:45:00+00:00,8983.38,8989.39,8983.37,8988.37,135
2026-04-15T19:00:00+00:00,8988.37,8989.88,8984.38,8984.89,190
2026-04-15T19:15:00+00:00,8984.89,8989.39,8984.37,8989.38,104
2026-04-15T19:30:00+00:00,8989.38,8990.39,8981.37,8986.37,154
2026-04-15T19:45:00+00:00,8986.37,8993.38,8984.88,8985.39,320
2026-04-15T20:00:00+00:00,8985.39,8987.39,8982.39,8983.38,118.16979714500376
2026-04-15T20:15:00+00:00,8983.38,8989.360000000002,8983.38,8984.880000000001,50.9051593323217
2026-04-15T20:30:00+00:00,8984.880000000001,8987.87,8984.37,8987.87,41.19566468444274
2026-04-15T20:45:00+00:00,8987.87,8989.380000000001,8984.360000000002,8986.660000000002,65
2026-04-15T23:00:00+00:00,8996.51,8999.41,8995.41,8995.41,89.17901599597494
2026-04-15T23:15:00+00:00,8995.41,8995.41,8991.41,8991.41,85.31996022274784
2026-04-15T23:30:00+00:00,8991.41,8998.41,8990.41,8997.41,129.9239594863814
2026-04-15T23:45:00+00:00,8997.41,9020.09,8996.41,9011.57,307.9799611998709
2026-04-16T00:00:00+00:00,9011.57,9021.97,8988.49,9004.47,842
2026-04-16T00:15:00+00:00,9004.47,9009.47,8988.48,8989.99,333
2026-04-16T00:30:00+00:00,8989.99,8994.99,8986.98,8987.98,216
2026-04-16T00:45:00+00:00,8987.98,8987.98,8972.47,8972.98,234
2026-04-16T01:00:00+00:00,8972.98,8983.48,8970.97,8980.47,238
2026-04-16T01:15:00+00:00,8980.47,8981.98,8972.98,8976.47,206
2026-04-16T01:30:00+00:00,8976.47,8988.48,8974.47,8976.98,333
2026-04-16T01:45:00+00:00,8976.98,8978.49,8962.47,8965.47,187
2026-04-16T02:00:00+00:00,8965.47,8968.47,8962.99,8963.97,204
2026-04-16T02:15:00+00:00,8963.97,8966.49,8960.47,8960.99,146
2026-04-16T02:30:00+00:00,8960.99,8971.99,8960.48,8969.97,146
2026-04-16T02:45:00+00:00,8969.97,8972.49,8967.47,8970.48,161
2026-04-16T03:00:00+00:00,8970.48,8976.49,8970.47,8972.48,211
2026-04-16T03:15:00+00:00,8972.48,8973.48,8956.48,8957.99,145
2026-04-16T03:30:00+00:00,8957.99,8968.99,8954.47,8956.47,161
2026-04-16T03:45:00+00:00,8956.47,8962.48,8954.48,8954.49,134
2026-04-16T04:00:00+00:00,8954.49,8957.49,8950.47,8957.49,144
2026-04-16T04:15:00+00:00,8957.49,8961.48,8949.47,8950.49,106
2026-04-16T04:30:00+00:00,8950.49,8957.49,8948.48,8955.49,160
2026-04-16T04:45:00+00:00,8955.49,8956.48,8951.47,8952.47,172
2026-04-16T05:00:00+00:00,8952.47,8953.47,8946.97,8949.48,207
2026-04-16T05:15:00+00:00,8949.48,8953.47,8945.48,8950.99,120
2026-04-16T05:30:00+00:00,8950.99,8955.99,8950.48,8952.47,110
2026-04-16T05:45:00+00:00,8952.47,8959.99,8951.47,8959.49,115
2026-04-16T06:00:00+00:00,8959.49,8963.09,8954.08,8963.07,355
2026-04-16T06:15:00+00:00,8963.07,8967.08,8959.08,8963.39,275
2026-04-16T07:00:00+00:00,8950.65,8956.35,8945.63,8951.83,100
2026-04-16T07:15:00+00:00,8951.83,8953.35,8948.84,8952.84,128
2026-04-16T07:30:00+00:00,8952.84,8956.85,8949.33,8955.83,181
2026-04-16T07:45:00+00:00,8955.83,8956.35,8946.34,8947.84,135
2026-04-16T08:00:00+00:00,8947.84,8947.84,8928.33,8930.33,342
2026-04-16T08:15:00+00:00,8930.33,8935.34,8926.83,8929.83,244
2026-04-16T08:30:00+00:00,8929.83,8931.33,8925.33,8928.33,224
2026-04-16T08:45:00+00:00,8928.33,8931.85,8926.35,8928.83,116
2026-04-16T09:00:00+00:00,8928.83,8932.84,8927.33,8932.34,155
2026-04-16T09:15:00+00:00,8932.34,8934.34,8929.35,8932.35,124
2026-04-16T09:30:00+00:00,8932.35,8933.35,8925.33,8927.33,131
2026-04-16T09:45:00+00:00,8927.33,8928.33,8924.33,8925.33,98
2026-04-16T10:00:00+00:00,8925.33,8936.84,8925.33,8936.84,128
2026-04-16T10:15:00+00:00,8936.84,8938.35,8935.33,8935.84,98
2026-04-16T10:30:00+00:00,8935.84,8937.34,8933.33,8934.33,139
2026-04-16T10:45:00+00:00,8934.33,8941.35,8932.83,8940.33,157
2026-04-16T11:00:00+00:00,8940.33,8941.33,8932.34,8933.35,139.99273021001616
2026-04-16T11:15:00+00:00,8933.35,8938.34,8933.34,8937.84,106
2026-04-16T11:30:00+00:00,8937.84,8942.85,8936.33,8939.35,153
2026-04-16T11:45:00+00:00,8939.35,8941.83,8937.35,8940.85,212
2026-04-16T12:00:00+00:00,8940.85,8943.35,8935.83,8938.35,214
2026-04-16T12:15:00+00:00,8938.35,8941.35,8935.35,8941.33,130
2026-04-16T12:30:00+00:00,8941.33,8943.33,8934.83,8938.34,252
2026-04-16T12:45:00+00:00,8938.34,8940.84,8936.83,8940.35,151
2026-04-16T13:00:00+00:00,8940.35,8945.83,8938.35,8942.85,129.6215738284704
2026-04-16T13:15:00+00:00,8942.85,8944.35,8939.33,8944.35,219
2026-04-16T13:30:00+00:00,8944.35,8957.83,8942.33,8945.85,874
2026-04-16T13:45:00+00:00,8945.85,8947.35,8918.83,8935.33,1145
2026-04-16T14:00:00+00:00,8935.33,8939.85,8926.34,8934.35,968
2026-04-16T14:15:00+00:00,8934.35,8936.35,8916.83,8920.33,931
2026-04-16T14:30:00+00:00,8920.33,8922.85,8910.85,8922.33,796
2026-04-16T14:45:00+00:00,8922.33,8928.33,8919.85,8922.34,675
2026-04-16T15:00:00+00:00,8922.34,8937.35,8922.34,8931.34,537
2026-04-16T15:15:00+00:00,8931.34,8936.35,8919.33,8920.34,495
2026-04-16T15:30:00+00:00,8920.34,8930.34,8910.33,8919.35,1081
2026-04-16T15:45:00+00:00,8919.35,8923.35,8915.33,8922.33,453
2026-04-16T16:00:00+00:00,8922.33,8927.35,8919.83,8925.35,263
2026-04-16T16:15:00+00:00,8925.35,8927.34,8917.84,8919.35,276
2026-04-16T16:30:00+00:00,8919.35,8920.35,8907.33,8915.33,830
2026-04-16T16:45:00+00:00,8915.33,8919.35,8911.83,8913.33,381
2026-04-16T17:00:00+00:00,8913.33,8914.35,8906.83,8906.83,410
2026-04-16T17:15:00+00:00,8906.83,8917.35,8905.33,8913.35,418
2026-04-16T17:30:00+00:00,8913.35,8920.35,8912.35,8919.35,280
2026-04-16T17:45:00+00:00,8919.35,8920.33,8913.35,8918.34,346
2026-04-16T18:00:00+00:00,8918.34,8923.83,8916.33,8921.85,496
2026-04-16T18:15:00+00:00,8921.85,8925.35,8917.34,8919.85,319
2026-04-16T18:30:00+00:00,8919.85,8926.35,8918.84,8924.33,202
2026-04-16T18:45:00+00:00,8924.33,8926.34,8921.83,8925.35,194
2026-04-16T19:00:00+00:00,8925.35,8930.35,8925.33,8927.35,185
2026-04-16T19:15:00+00:00,8927.35,8931.85,8927.35,8928.35,137
2026-04-16T19:30:00+00:00,8928.35,8931.85,8927.83,8929.34,177
2026-04-16T19:45:00+00:00,8929.34,8936.35,8926.33,8933.34,322
2026-04-16T20:00:00+00:00,8933.34,8934.33,8928.33,8929.83,107
2026-04-16T20:15:00+00:00,8929.83,8931.35,8928.35,8930.85,46.118113778884975
2026-04-16T20:30:00+00:00,8930.85,8933.85,8930.83,8931.33,37.04554079696395
2026-04-16T20:45:00+00:00,8931.33,8941.13,8931.33,8941.13,51.00811126389773
2026-04-16T23:00:00+00:00,8943.55,8943.55,8934.55,8934.55,96.71231280883094
2026-04-16T23:15:00+00:00,8934.55,8941.55,8934.55,8936.55,128.778501096288
2026-04-16T23:30:00+00:00,8936.55,8942.55,8934.55,8935.55,173.97767779405572
2026-04-16T23:45:00+00:00,8935.55,8947.84,8927.85,8932.35,300.7863320114435
2026-04-17T00:00:00+00:00,8932.35,8944.25,8918.25,8922.73,802
2026-04-17T00:15:00+00:00,8922.73,8922.74,8899.73,8906.74,725
2026-04-17T00:30:00+00:00,8906.74,8919.75,8904.74,8916.24,435
2026-04-17T00:45:00+00:00,8916.24,8929.73,8909.74,8917.74,367
2026-04-17T01:00:00+00:00,8917.74,8917.74,8896.74,8903.75,344
2026-04-17T01:15:00+00:00,8903.75,8909.25,8897.23,8905.23,281
2026-04-17T01:30:00+00:00,8905.23,8918.74,8902.75,8915.24,183
2026-04-17T01:45:00+00:00,8915.24,8925.25,8915.24,8924.24,206
2026-04-17T02:00:00+00:00,8924.24,8929.73,8916.23,8929.73,218
2026-04-17T02:15:00+00:00,8929.73,8931.25,8916.23,8916.23,138
2026-04-17T02:30:00+00:00,8916.23,8925.75,8914.24,8921.25,204
2026-04-17T02:45:00+00:00,8921.25,8924.75,8918.24,8921.24,106
2026-04-17T03:00:00+00:00,8921.24,8925.73,8917.73,8918.23,98
2026-04-17T03:15:00+00:00,8918.23,8923.25,8917.74,8920.24,120
2026-04-17T03:30:00+00:00,8920.24,8924.75,8916.73,8924.23,106
2026-04-17T03:45:00+00:00,8924.23,8929.75,8924.23,8926.74,107
2026-04-17T04:00:00+00:00,8926.74,8932.25,8923.74,8929.74,91
2026-04-17T04:15:00+00:00,8929.74,8932.25,8926.75,8926.75,81.09979529170931
2026-04-17T04:30:00+00:00,8926.75,8933.25,8924.75,8931.75,87
2026-04-17T04:45:00+00:00,8931.75,8934.75,8931.23,8932.74,89
2026-04-17T05:00:00+00:00,8932.74,8934.75,8928.73,8931.75,122
2026-04-17T05:15:00+00:00,8931.75,8933.74,8929.73,8932.75,60.303523035230356
2026-04-17T05:30:00+00:00,8932.75,8934.74,8928.23,8930.25,101
2026-04-17T05:45:00+00:00,8930.25,8936.25,8930.25,8934.24,108
2026-04-17T06:00:00+00:00,8934.24,8944.35,8930.35,8940.34,361
2026-04-17T06:15:00+00:00,8940.34,8944.64,8939.35,8943.64,251
2026-04-17T07:00:00+00:00,8942.72,8946.93,8934.42,8945.91,83
2026-04-17T07:15:00+00:00,8945.91,8949.43,8943.41,8947.91,118
2026-04-17T07:30:00+00:00,8947.91,8952.93,8946.91,8952.43,131
2026-04-17T07:45:00+00:00,8952.43,8956.93,8949.91,8955.41,147
2026-04-17T08:00:00+00:00,8955.41,8956.43,8950.91,8952.93,158
2026-04-17T08:15:00+00:00,8952.93,8957.43,8951.91,8956.43,179
2026-04-17T08:30:00+00:00,8956.43,8962.92,8953.41,8960.42,149
2026-04-17T08:45:00+00:00,8960.42,8963.43,8957.91,8962.92,144
2026-04-17T09:00:00+00:00,8962.92,8963.93,8959.42,8960.91,115
2026-04-17T09:15:00+00:00,8960.91,8964.41,8956.42,8963.43,178
2026-04-17T09:30:00+00:00,8963.43,8968.43,8961.42,8966.43,157
2026-04-17T09:45:00+00:00,8966.43,8971.93,8964.41,8969.41,175
2026-04-17T10:00:00+00:00,8969.41,8969.41,8963.42,8967.42,167
2026-04-17T10:15:00+00:00,8967.42,8967.42,8961.93,8964.43,106
2026-04-17T10:30:00+00:00,8964.43,8964.43,8958.91,8959.93,133
2026-04-17T10:45:00+00:00,8959.93,8961.41,8957.41,8960.43,136.73598553345388
2026-04-17T11:00:00+00:00,8960.43,8964.93,8955.41,8955.41,149.36567164179104
2026-04-17T11:15:00+00:00,8955.41,8955.42,8950.41,8950.91,197
2026-04-17T11:30:00+00:00,8950.91,8955.93,8950.91,8955.41,157
2026-04-17T11:45:00+00:00,8955.41,8959.41,8953.92,8957.43,141
2026-04-17T12:00:00+00:00,8957.43,8963.92,8955.92,8962.42,185
2026-04-17T12:15:00+00:00,8962.42,8977.93,8959.41,8976.92,644
2026-04-17T12:30:00+00:00,8976.92,8984.43,8975.41,8979.42,443
2026-04-17T12:45:00+00:00,8979.42,9027.43,8978.41,9021.43,2533
2026-04-17T13:00:00+00:00,9021.43,9045.43,9016.41,9034.43,1627
2026-04-17T13:15:00+00:00,9034.43,9036.41,9017.41,9019.42,1249
2026-04-17T13:30:00+00:00,9019.42,9026.43,9012.41,9016.43,1826
2026-04-17T13:45:00+00:00,9016.43,9025.92,9001.41,9023.43,1743
2026-04-17T14:00:00+00:00,9023.43,9032.41,9018.91,9025.43,895
2026-04-17T14:15:00+00:00,9025.43,9035.43,9017.42,9029.93,942
2026-04-17T14:30:00+00:00,9029.93,9049.43,9025.41,9046.93,887
2026-04-17T14:45:00+00:00,9046.93,9048.42,9033.41,9033.41,805
2026-04-17T15:00:00+00:00,9033.41,9036.91,9022.41,9025.41,1151
2026-04-17T15:15:00+00:00,9025.41,9030.43,9016.91,9018.42,719
2026-04-17T15:30:00+00:00,9018.42,9027.93,9016.91,9018.42,772
2026-04-17T15:45:00+00:00,9018.42,9027.92,9017.41,9023.42,661
2026-04-17T16:00:00+00:00,9023.42,9029.92,9019.41,9026.92,396.70590060184895
2026-04-17T16:15:00+00:00,9026.92,9030.91,9022.91,9027.42,410
2026-04-17T16:30:00+00:00,9027.42,9032.91,9026.9,9029.41,262
2026-04-17T16:45:00+00:00,9029.41,9030.92,9026.9,9027.92,223
2026-04-17T17:00:00+00:00,9027.92,9029.92,9012.9,9019.91,659
2026-04-17T17:15:00+00:00,9019.91,9021.9,8999.4,9006.41,1061
2026-04-17T17:30:00+00:00,9006.41,9010.42,9002.92,9004.41,626
2026-04-17T17:45:00+00:00,9004.41,9015.91,9003.4,9012.91,272
2026-04-17T18:00:00+00:00,9012.91,9014.92,9005.91,9006.91,404
2026-04-17T18:15:00+00:00,9006.91,9015.92,9004.42,9009.92,558
2026-04-17T18:30:00+00:00,9009.92,9014.91,9006.42,9009.9,279
2026-04-17T18:45:00+00:00,9009.9,9010.91,9003.4,9006.9,320
2026-04-17T19:00:00+00:00,9006.9,9010.92,9004.9,9009.91,281
2026-04-17T19:15:00+00:00,9009.91,9011.91,9007.9,9008.9,165
2026-04-17T19:30:00+00:00,9008.9,9020.92,9008.9,9020.91,222
2026-04-17T19:45:00+00:00,9020.91,9020.92,9015.41,9017.42,389
2026-04-17T20:00:00+00:00,9017.42,9019.9,9015.91,9018.91,64.58309859154929
2026-04-17T20:15:00+00:00,9018.91,9018.92,9015.9,9016.9,82.6014888337469
2026-04-17T20:30:00+00:00,9016.9,9020.41,9015.92,9020.199999999999,55
2026-04-19T23:45:00+00:00,9021.71,9021.71,8930.88,8932.39,239
2026-04-20T00:00:00+00:00,8932.39,8934.3,8897.78,8903.78,1224
2026-04-20T00:15:00+00:00,8903.78,8921.8,8903.29,8915.29,932
2026-04-20T00:30:00+00:00,8915.29,8917.3,8895.78,8906.3,568
2026-04-20T00:45:00+00:00,8906.3,8922.28,8904.29,8922.28,322
2026-04-20T01:00:00+00:00,8922.28,8942.79,8922.28,8941.29,423
2026-04-20T01:15:00+00:00,8941.29,8949.3,8939.29,8949.3,314
2026-04-20T01:30:00+00:00,8949.3,8953.29,8943.29,8944.3,343
2026-04-20T01:45:00+00:00,8944.3,8944.3,8935.29,8935.78,204
2026-04-20T02:00:00+00:00,8935.78,8939.3,8932.78,8937.3,180
2026-04-20T02:15:00+00:00,8937.3,8948.8,8937.29,8948.3,112
2026-04-20T02:30:00+00:00,8948.3,8954.8,8948.28,8950.28,104
2026-04-20T02:45:00+00:00,8950.28,8950.28,8940.29,8942.28,105
2026-04-20T03:00:00+00:00,8942.28,8948.3,8940.28,8940.3,144
2026-04-20T03:15:00+00:00,8940.3,8944.8,8939.78,8943.28,92
2026-04-20T03:30:00+00:00,8943.28,8948.28,8943.28,8947.28,130
2026-04-20T03:45:00+00:00,8947.28,8951.29,8943.29,8944.28,102
2026-04-20T04:00:00+00:00,8944.28,8948.28,8941.78,8948.28,89
2026-04-20T04:15:00+00:00,8948.28,8948.28,8941.79,8942.28,73
2026-04-20T04:30:00+00:00,8942.28,8946.28,8941.3,8946.28,82
2026-04-20T04:45:00+00:00,8946.28,8953.29,8945.29,8953.28,115
2026-04-20T05:00:00+00:00,8953.28,8954.29,8946.28,8947.3,102
2026-04-20T05:15:00+00:00,8947.3,8951.3,8941.28,8942.79,126
2026-04-20T05:30:00+00:00,8942.79,8944.28,8936.28,8936.28,200
2026-04-20T05:45:00+00:00,8936.28,8951.3,8935.78,8950.28,195
2026-04-20T06:00:00+00:00,8950.28,8958.4,8940.38,8948.89,513
2026-04-20T06:15:00+00:00,8948.89,8949.88,8943.88,8945.69,224
2026-04-20T07:00:00+00:00,8945.69,8956.39,8945.69,8956.39,169
2026-04-20T07:15:00+00:00,8956.39,8962.4,8948.9,8952.89,399
2026-04-20T07:30:00+00:00,8952.89,8956.4,8941.88,8945.4,902
2026-04-20T07:45:00+00:00,8945.4,8945.4,8937.88,8943.4,447
2026-04-20T08:00:00+00:00,8943.4,8945.9,8935.38,8940.89,649
2026-04-20T08:15:00+00:00,8940.89,8948.9,8937.88,8947.89,609
2026-04-20T08:30:00+00:00,8947.89,8949.88,8943.88,8947.38,349
2026-04-20T08:45:00+00:00,8947.38,8955.9,8947.38,8953.38,420
2026-04-20T09:00:00+00:00,8953.38,8964.9,8952.88,8960.89,419
2026-04-20T09:15:00+00:00,8960.89,8967.9,8958.88,8967.9,274
2026-04-20T09:30:00+00:00,8967.9,8970.89,8965.38,8968.89,280
2026-04-20T09:45:00+00:00,8968.89,8969.9,8964.38,8965.9,227
2026-04-20T10:00:00+00:00,8965.9,8976.89,8964.38,8971.4,259
2026-04-20T10:15:00+00:00,8971.4,8976.9,8967.88,8969.4,262
2026-04-20T10:30:00+00:00,8969.4,8969.9,8957.89,8959.89,173
2026-04-20T10:45:00+00:00,8959.89,8963.4,8958.38,8959.38,274
2026-04-20T11:00:00+00:00,8959.38,8960.89,8949.89,8957.39,388
2026-04-20T11:15:00+00:00,8957.39,8958.89,8953.38,8954.4,300
2026-04-20T11:30:00+00:00,8954.4,8960.9,8952.38,8959.39,584
2026-04-20T11:45:00+00:00,8959.39,8966.4,8958.38,8964.9,374
2026-04-20T12:00:00+00:00,8964.9,8968.39,8959.9,8965.9,612
2026-04-20T12:15:00+00:00,8965.9,8972.89,8963.89,8965.4,431
2026-04-20T12:30:00+00:00,8965.4,8969.9,8956.88,8959.9,387
2026-04-20T12:45:00+00:00,8959.9,8966.9,8955.88,8958.38,418
2026-04-20T13:00:00+00:00,8958.38,8972.39,8953.89,8968.88,1013
2026-04-20T13:15:00+00:00,8968.88,8979.4,8965.89,8978.89,655
2026-04-20T13:30:00+00:00,8978.89,8988.39,8976.88,8987.39,1511
2026-04-20T13:45:00+00:00,8987.39,8989.9,8980.88,8985.9,987
2026-04-20T14:00:00+00:00,8985.9,8985.9,8958.38,8964.88,820
2026-04-20T14:15:00+00:00,8964.88,8971.88,8960.88,8971.39,994
2026-04-20T14:30:00+00:00,8971.39,8975.4,8960.88,8968.9,986
2026-04-20T14:45:00+00:00,8968.9,8970.89,8940.38,8959.9,1925
2026-04-20T15:00:00+00:00,8959.9,8962.88,8949.88,8954.89,1017
2026-04-20T15:15:00+00:00,8954.89,8972.4,8952.89,8970.38,1224
2026-04-20T15:30:00+00:00,8970.38,8971.89,8957.88,8962.88,794
2026-04-20T15:45:00+00:00,8962.88,8965.9,8959.88,8963.89,543
2026-04-20T16:00:00+00:00,8963.89,8964.9,8956.88,8963.9,386
2026-04-20T16:15:00+00:00,8963.9,8964.9,8957.38,8961.4,290
2026-04-20T16:30:00+00:00,8961.4,8963.9,8955.88,8957.89,472
2026-04-20T16:45:00+00:00,8957.89,8961.4,8955.88,8957.4,245
2026-04-20T17:00:00+00:00,8957.4,8963.4,8955.88,8962.88,428
2026-04-20T17:15:00+00:00,8962.88,8963.4,8956.88,8956.9,247.92063492063494
2026-04-20T17:30:00+00:00,8956.9,8962.4,8953.88,8958.9,401
2026-04-20T17:45:00+00:00,8958.9,8959.4,8952.89,8954.4,140
2026-04-20T18:00:00+00:00,8954.4,8960.9,8952.38,8956.88,392
2026-04-20T18:15:00+00:00,8956.88,8958.9,8950.39,8952.9,345
2026-04-20T18:30:00+00:00,8952.9,8953.89,8948.89,8950.89,234
2026-04-20T18:45:00+00:00,8950.89,8955.4,8950.88,8953.9,154
2026-04-20T19:00:00+00:00,8953.9,8958.9,8953.88,8957.39,97.75764705882352
2026-04-20T19:15:00+00:00,8957.39,8957.39,8952.88,8952.89,85
2026-04-20T19:30:00+00:00,8952.89,8957.9,8949.88,8955.39,362
2026-04-20T19:45:00+00:00,8955.39,8966.89,8955.38,8966.4,223
2026-04-20T20:00:00+00:00,8966.4,8973.88,8965.38,8973.88,84
2026-04-20T20:15:00+00:00,8973.88,8977.9,8972.38,8976.89,110
2026-04-20T20:30:00+00:00,8976.89,8988.9,8975.38,8987.89,241
2026-04-20T20:45:00+00:00,8987.89,8994.68,8986.38,8991.68,130
2026-04-20T23:00:00+00:00,9000.01,9001.01,8996.01,8999.01,86.53173101522427
2026-04-20T23:15:00+00:00,8999.01,8999.01,8997.01,8997.01,129.9252567311155
2026-04-20T23:30:00+00:00,8997.01,8997.01,8989.01,8990.01,158.23947470548475
2026-04-20T23:45:00+00:00,8990.01,8993.01,8969.67,8970.17,442.59646050349517
2026-04-21T00:00:00+00:00,8970.17,8976.56,8956.08,8965.07,807
2026-04-21T00:15:00+00:00,8965.07,8971.08,8945.56,8949.06,443
2026-04-21T00:30:00+00:00,8949.06,8949.58,8925.56,8927.58,473
2026-04-21T00:45:00+00:00,8927.58,8941.58,8926.57,8927.58,572
2026-04-21T01:00:00+00:00,8927.58,8927.58,8907.57,8915.08,428
2026-04-21T01:15:00+00:00,8915.08,8935.08,8914.07,8932.07,322
2026-04-21T01:30:00+00:00,8932.07,8941.07,8925.57,8937.07,310
2026-04-21T01:45:00+00:00,8937.07,8943.58,8931.57,8942.57,288
2026-04-21T02:00:00+00:00,8942.57,8944.58,8932.06,8933.56,187
2026-04-21T02:15:00+00:00,8933.56,8934.58,8929.56,8934.06,174
2026-04-21T02:30:00+00:00,8934.06,8942.07,8929.56,8938.06,279
2026-04-21T02:45:00+00:00,8938.06,8938.58,8933.07,8936.56,166
2026-04-21T03:00:00+00:00,8936.56,8939.58,8931.06,8933.07,122
2026-04-21T03:15:00+00:00,8933.07,8933.07,8924.06,8929.58,186
2026-04-21T03:30:00+00:00,8929.58,8929.58,8921.56,8921.58,92
2026-04-21T03:45:00+00:00,8921.58,8926.58,8921.58,8926.08,102
2026-04-21T04:00:00+00:00,8926.08,8931.57,8924.56,8928.07,103
2026-04-21T04:15:00+00:00,8928.07,8931.58,8927.57,8931.57,86
2026-04-21T04:30:00+00:00,8931.57,8936.58,8928.56,8935.57,147.8168168168168
2026-04-21T04:45:00+00:00,8935.57,8938.58,8935.06,8936.57,102
2026-04-21T05:00:00+00:00,8936.57,8944.58,8934.06,8943.57,178
2026-04-21T05:15:00+00:00,8943.57,8945.56,8941.06,8941.06,89.16770186335404
2026-04-21T05:30:00+00:00,8941.06,8945.56,8939.57,8945.07,129
2026-04-21T05:45:00+00:00,8945.07,8945.57,8939.56,8941.57,151.4109907120743
2026-04-21T06:00:00+00:00,8941.57,8950.17,8937.16,8946.17,501
2026-04-21T06:15:00+00:00,8946.17,8951.18,8945.16,8947.47,266
2026-04-21T07:00:00+00:00,8949.14,8949.14,8936.14,8941.83,104
2026-04-21T07:15:00+00:00,8941.83,8945.85,8939.85,8945.84,405
2026-04-21T07:30:00+00:00,8945.84,8947.84,8939.33,8946.83,250.38095238095238
2026-04-21T07:45:00+00:00,8946.83,8954.84,8945.83,8946.85,351
2026-04-21T08:00:00+00:00,8946.85,8946.85,8933.83,8934.35,563
2026-04-21T08:15:00+00:00,8934.35,8948.83,8933.83,8947.35,398
2026-04-21T08:30:00+00:00,8947.35,8957.84,8943.34,8955.33,344
2026-04-21T08:45:00+00:00,8955.33,8957.34,8949.84,8949.84,210
2026-04-21T09:00:00+00:00,8949.84,8955.83,8942.84,8953.84,300
2026-04-21T09:15:00+00:00,8953.84,8959.84,8953.35,8954.85,245
2026-04-21T09:30:00+00:00,8954.85,8957.85,8954.33,8957.33,211
2026-04-21T09:45:00+00:00,8957.33,8967.85,8956.84,8962.83,279
2026-04-21T10:00:00+00:00,8962.83,8965.34,8959.35,8960.84,343
2026-04-21T10:15:00+00:00,8960.84,8961.84,8957.83,8959.35,201
2026-04-21T10:30:00+00:00,8959.35,8969.34,8958.84,8964.83,180
2026-04-21T10:45:00+00:00,8964.83,8969.84,8964.83,8966.84,194
2026-04-21T11:00:00+00:00,8966.84,8966.84,8952.84,8954.35,660
2026-04-21T11:15:00+00:00,8954.35,8958.85,8951.84,8957.83,312
2026-04-21T11:30:00+00:00,8957.83,8966.35,8957.83,8958.35,244
2026-04-21T11:45:00+00:00,8958.35,8958.85,8953.84,8956.34,197
2026-04-21T12:00:00+00:00,8956.34,8960.35,8954.85,8956.84,236
2026-04-21T12:15:00+00:00,8956.84,8959.84,8950.83,8959.84,381
2026-04-21T12:30:00+00:00,8959.84,8962.35,8940.85,8944.34,852
2026-04-21T12:45:00+00:00,8944.34,8948.33,8934.83,8937.35,596
2026-04-21T13:00:00+00:00,8937.35,8941.85,8933.84,8933.84,482
2026-04-21T13:15:00+00:00,8933.84,8937.84,8932.83,8936.83,402
2026-04-21T13:30:00+00:00,8936.83,8940.35,8926.83,8939.83,1396
2026-04-21T13:45:00+00:00,8939.83,8944.84,8929.84,8931.85,946
2026-04-21T14:00:00+00:00,8931.85,8936.85,8927.33,8931.33,659
2026-04-21T14:15:00+00:00,8931.33,8934.83,8920.33,8924.34,623
2026-04-21T14:30:00+00:00,8924.34,8926.84,8906.33,8907.83,1030
2026-04-21T14:45:00+00:00,8907.83,8907.85,8876.85,8879.85,1419
2026-04-21T15:00:00+00:00,8879.85,8887.85,8861.83,8884.85,1950
2026-04-21T15:15:00+00:00,8884.85,8888.85,8875.35,8878.33,1587
2026-04-21T15:30:00+00:00,8878.33,8882.33,8867.33,8877.85,1411
2026-04-21T15:45:00+00:00,8877.85,8886.85,8876.33,8879.83,1187
2026-04-21T16:00:00+00:00,8879.83,8891.85,8879.83,8882.84,1291
2026-04-21T16:15:00+00:00,8882.84,8884.35,8875.33,8876.83,581
2026-04-21T16:30:00+00:00,8876.83,8884.35,8872.83,8874.34,679
2026-04-21T16:45:00+00:00,8874.34,8881.85,8865.85,8866.85,415
2026-04-21T17:00:00+00:00,8866.85,8873.85,8851.83,8855.85,1497
2026-04-21T17:15:00+00:00,8855.85,8859.85,8846.33,8859.33,743
2026-04-21T17:30:00+00:00,8859.33,8885.84,8858.83,8879.33,1911
2026-04-21T17:45:00+00:00,8879.33,8879.33,8866.85,8869.85,715
2026-04-21T18:00:00+00:00,8869.85,8877.35,8866.83,8871.83,600
2026-04-21T18:15:00+00:00,8871.83,8874.35,8859.83,8863.85,1032
2026-04-21T18:30:00+00:00,8863.85,8870.84,8863.33,8864.85,528
2026-04-21T18:45:00+00:00,8864.85,8880.35,8860.83,8874.35,1503
2026-04-21T19:00:00+00:00,8874.35,8884.35,8873.83,8878.33,1067
2026-04-21T19:15:00+00:00,8878.33,8890.85,8875.83,8890.85,887
2026-04-21T19:30:00+00:00,8890.85,8891.85,8843.85,8847.83,2081
2026-04-21T19:45:00+00:00,8847.83,8861.85,8841.83,8847.84,2213
2026-04-21T20:00:00+00:00,8847.84,8881.34,8843.83,8875.33,1755
2026-04-21T20:15:00+00:00,8875.33,8887.84,8874.84,8879.35,604
2026-04-21T20:30:00+00:00,8879.35,8883.85,8877.85,8881.85,260
2026-04-21T20:45:00+00:00,8881.85,8883.15,8877.83,8882.65,190
2026-04-21T23:00:00+00:00,8881.51,8890.51,8880.51,8889.51,217.2247100116649
2026-04-21T23:15:00+00:00,8889.51,8894.51,8887.51,8891.51,295.68775749681083
2026-04-21T23:30:00+00:00,8891.51,8898.51,8888.51,8898.51,530.0637794897139
2026-04-21T23:45:00+00:00,8898.51,8925.720000000001,8898.51,8924.2,644.07158786592
2026-04-22T00:00:00+00:00,8924.2,8927.12,8904.62,8905.12,1132
2026-04-22T00:15:00+00:00,8905.12,8912.12,8896.61,8897.12,559
2026-04-22T00:30:00+00:00,8897.12,8916.11,8896.62,8913.6,292
2026-04-22T00:45:00+00:00,8913.6,8915.62,8907.61,8911.12,284
2026-04-22T01:00:00+00:00,8911.12,8913.1,8897.11,8897.11,258
2026-04-22T01:15:00+00:00,8897.11,8897.12,8882.11,8883.62,273
2026-04-22T01:30:00+00:00,8883.62,8898.12,8882.1,8889.1,243
2026-04-22T01:45:00+00:00,8889.1,8899.12,8885.12,8895.61,197
2026-04-22T02:00:00+00:00,8895.61,8898.12,8888.1,8891.1,223
2026-04-22T02:15:00+00:00,8891.1,8892.12,8885.61,8891.12,203.69308078855818
2026-04-22T02:30:00+00:00,8891.12,8898.11,8886.11,8896.6,167
2026-04-22T02:45:00+00:00,8896.6,8903.12,8896.11,8899.1,111
2026-04-22T03:00:00+00:00,8899.1,8903.62,8891.1,8891.62,146
2026-04-22T03:15:00+00:00,8891.62,8892.12,8883.12,8889.12,104
2026-04-22T03:30:00+00:00,8889.12,8895.12,8888.1,8892.11,147
2026-04-22T03:45:00+00:00,8892.11,8894.61,8885.1,8885.6,115
2026-04-22T04:00:00+00:00,8885.6,8887.1,8879.1,8883.6,131
2026-04-22T04:15:00+00:00,8883.6,8885.1,8879.62,8880.61,130
2026-04-22T04:30:00+00:00,8880.61,8880.61,8875.11,8875.62,142
2026-04-22T04:45:00+00:00,8875.62,8878.62,8867.1,8868.12,229
2026-04-22T05:00:00+00:00,8868.12,8874.62,8864.6,8874.61,179
2026-04-22T05:15:00+00:00,8874.61,8893.12,8874.1,8883.6,1052
2026-04-22T05:30:00+00:00,8883.6,8886.62,8878.1,8879.61,303
2026-04-22T05:45:00+00:00,8879.61,8880.12,8872.1,8874.12,235
2026-04-22T06:00:00+00:00,8874.12,8874.12,8863.2,8864.220000000001,442
2026-04-22T06:15:00+00:00,8864.220000000001,8878.52,8863.720000000001,8878.01,245
2026-04-22T07:00:00+00:00,8851.15,8863.35,8851.15,8856.36,198
2026-04-22T07:15:00+00:00,8856.36,8861.35,8847.35,8859.85,411
2026-04-22T07:30:00+00:00,8859.85,8861.36,8853.84,8860.34,301
2026-04-22T07:45:00+00:00,8860.34,8860.36,8846.34,8847.36,292
2026-04-22T08:00:00+00:00,8847.36,8849.35,8839.84,8841.34,475
2026-04-22T08:15:00+00:00,8841.34,8841.36,8822.84,8824.85,587
2026-04-22T08:30:00+00:00,8824.85,8829.34,8815.86,8828.34,713
2026-04-22T08:45:00+00:00,8828.34,8834.85,8825.84,8832.84,420
2026-04-22T09:00:00+00:00,8832.84,8843.86,8830.84,8843.36,735
2026-04-22T09:15:00+00:00,8843.36,8847.86,8840.36,8846.35,445
2026-04-22T09:30:00+00:00,8846.35,8847.86,8840.85,8847.34,261
2026-04-22T09:45:00+00:00,8847.34,8847.36,8829.85,8837.86,500
2026-04-22T10:00:00+00:00,8837.86,8841.86,8822.84,8827.85,758
2026-04-22T10:15:00+00:00,8827.85,8835.85,8827.35,8834.85,368
2026-04-22T10:30:00+00:00,8834.85,8841.34,8834.34,8838.84,352
2026-04-22T10:45:00+00:00,8838.84,8844.86,8837.36,8843.34,288
2026-04-22T11:00:00+00:00,8843.34,8843.86,8830.85,8830.85,371
2026-04-22T11:15:00+00:00,8830.85,8837.35,8829.35,8833.84,353
2026-04-22T11:30:00+00:00,8833.84,8838.35,8829.35,8831.86,556
2026-04-22T11:45:00+00:00,8831.86,8840.36,8831.35,8838.84,382
2026-04-22T12:00:00+00:00,8838.84,8846.36,8835.85,8844.84,344
2026-04-22T12:15:00+00:00,8844.84,8844.85,8830.34,8830.36,417
2026-04-22T12:30:00+00:00,8830.36,8830.36,8821.84,8822.85,856
2026-04-22T12:45:00+00:00,8822.85,8825.86,8816.34,8816.85,539
2026-04-22T13:00:00+00:00,8816.85,8827.86,8814.84,8819.34,828
2026-04-22T13:15:00+00:00,8819.34,8829.84,8814.84,8826.84,1036
2026-04-22T13:30:00+00:00,8826.84,8828.85,8818.36,8822.84,1731
2026-04-22T13:45:00+00:00,8822.84,8832.86,8820.34,8825.35,1342
2026-04-22T14:00:00+00:00,8825.35,8829.85,8811.84,8817.36,925
2026-04-22T14:15:00+00:00,8817.36,8826.84,8817.34,8821.84,796
2026-04-22T14:30:00+00:00,8821.84,8822.86,8808.34,8808.86,1291
2026-04-22T14:45:00+00:00,8808.86,8811.86,8799.84,8806.36,814
2026-04-22T15:00:00+00:00,8806.36,8812.86,8802.86,8807.84,1096
2026-04-22T15:15:00+00:00,8807.84,8820.86,8805.84,8817.85,700
2026-04-22T15:30:00+00:00,8817.85,8819.86,8794.86,8797.35,709
2026-04-22T15:45:00+00:00,8797.35,8809.36,8795.84,8807.34,540
2026-04-22T16:00:00+00:00,8807.34,8820.85,8807.34,8813.36,528
2026-04-22T16:15:00+00:00,8813.36,8813.85,8804.84,8805.84,459
2026-04-22T16:30:00+00:00,8805.84,8805.84,8792.84,8792.84,552
2026-04-22T16:45:00+00:00,8792.84,8800.35,8790.86,8796.85,447
2026-04-22T17:00:00+00:00,8796.85,8815.34,8795.84,8808.85,870
2026-04-22T17:15:00+00:00,8808.85,8814.34,8805.84,8811.36,328
2026-04-22T17:30:00+00:00,8811.36,8817.86,8811.36,8816.36,272
2026-04-22T17:45:00+00:00,8816.36,8818.36,8811.84,8816.85,366
2026-04-22T18:00:00+00:00,8816.85,8816.85,8813.36,8814.36,275
2026-04-22T18:15:00+00:00,8814.36,8814.36,8805.34,8811.35,365
2026-04-22T18:30:00+00:00,8811.35,8816.86,8810.84,8814.86,306.3403382880574
2026-04-22T18:45:00+00:00,8814.86,8815.86,8809.84,8812.84,202
2026-04-22T19:00:00+00:00,8812.84,8812.86,8801.86,8811.86,445
2026-04-22T19:15:00+00:00,8811.86,8820.36,8811.86,8819.84,186
2026-04-22T19:30:00+00:00,8819.84,8823.84,8816.84,8822.85,241.6807453416149
2026-04-22T19:45:00+00:00,8822.85,8827.86,8820.84,8825.86,330
2026-04-22T20:00:00+00:00,8825.86,8825.86,8817.85,8818.87,228.10098743267503
2026-04-22T20:15:00+00:00,8818.87,8821.86,8817.37,8819.87,172
2026-04-22T20:30:00+00:00,8819.87,8820.37,8816.35,8819.36,199.9647411852963
2026-04-22T20:45:00+00:00,8819.36,8824.67,8819.35,8824.67,121
2026-04-22T23:00:00+00:00,8824.01,8827.01,8821.01,8825.01,139.69876019284382
2026-04-22T23:15:00+00:00,8825.01,8827.01,8823.01,8826.01,128.5245969223168
2026-04-22T23:30:00+00:00,8826.01,8830.01,8817.01,8827.01,281.12369130015134
2026-04-22T23:45:00+00:00,8827.01,8839.01,8773.94,8798.43,681.2721523375619
2026-04-23T00:00:00+00:00,8798.43,8799.33,8743.85,8744.85,1523
2026-04-23T00:15:00+00:00,8744.85,8800.35,8730.33,8798.85,3874
2026-04-23T00:30:00+00:00,8798.85,8806.84,8785.83,8790.33,989
2026-04-23T00:45:00+00:00,8790.33,8814.85,8789.33,8803.85,687
2026-04-23T01:00:00+00:00,8803.85,8803.85,8785.83,8788.85,675
2026-04-23T01:15:00+00:00,8788.85,8790.85,8770.33,8770.85,293
2026-04-23T01:30:00+00:00,8770.85,8784.84,8767.84,8771.34,490
2026-04-23T01:45:00+00:00,8771.34,8773.85,8759.34,8763.84,394
2026-04-23T02:00:00+00:00,8763.84,8768.84,8753.34,8753.34,381
2026-04-23T02:15:00+00:00,8753.34,8766.85,8751.84,8754.83,525
2026-04-23T02:30:00+00:00,8754.83,8758.34,8749.83,8755.85,449
2026-04-23T02:45:00+00:00,8755.85,8768.85,8755.84,8763.83,461
2026-04-23T03:00:00+00:00,8763.83,8765.35,8752.84,8755.34,477
2026-04-23T03:15:00+00:00,8755.34,8766.35,8753.33,8760.33,381
2026-04-23T03:30:00+00:00,8760.33,8760.33,8749.83,8751.35,572
2026-04-23T03:45:00+00:00,8751.35,8762.85,8751.33,8754.85,504
2026-04-23T04:00:00+00:00,8754.85,8757.33,8745.35,8756.34,275
2026-04-23T04:15:00+00:00,8756.34,8759.84,8752.84,8755.34,285
2026-04-23T04:30:00+00:00,8755.34,8760.85,8754.84,8759.84,243
2026-04-23T04:45:00+00:00,8759.84,8765.85,8757.85,8764.85,224.17185338865835
2026-04-23T05:00:00+00:00,8764.85,8767.83,8760.33,8763.83,202
2026-04-23T05:15:00+00:00,8763.83,8766.85,8761.83,8761.83,171
2026-04-23T05:30:00+00:00,8761.83,8768.83,8759.84,8762.83,277
2026-04-23T05:45:00+00:00,8762.83,8774.35,8762.83,8772.83,221
2026-04-23T06:00:00+00:00,8772.83,8785.45,8771.43,8783.94,351
2026-04-23T06:15:00+00:00,8783.94,8802.43,8782.93,8798.23,386
2026-04-23T07:00:00+00:00,8807.38,8808.6,8803.58,8805.09,177
2026-04-23T07:15:00+00:00,8805.09,8808.1,8798.59,8805.59,398
2026-04-23T07:30:00+00:00,8805.59,8809.08,8800.59,8809.08,497
2026-04-23T07:45:00+00:00,8809.08,8812.58,8799.59,8801.6,463
2026-04-23T08:00:00+00:00,8801.6,8802.6,8791.1,8793.6,570
2026-04-23T08:15:00+00:00,8793.6,8806.59,8792.6,8800.1,497
2026-04-23T08:30:00+00:00,8800.1,8801.09,8782.58,8783.58,695
2026-04-23T08:45:00+00:00,8783.58,8787.6,8782.58,8784.09,421
2026-04-23T09:00:00+00:00,8784.09,8784.09,8770.1,8778.59,669
2026-04-23T09:15:00+00:00,8778.59,8790.09,8777.58,8784.59,676
2026-04-23T09:30:00+00:00,8784.59,8789.09,8781.58,8784.08,505
2026-04-23T09:45:00+00:00,8784.08,8784.6,8776.08,8777.58,424
2026-04-23T10:00:00+00:00,8777.58,8777.58,8764.58,8766.58,560
2026-04-23T10:15:00+00:00,8766.58,8783.59,8766.58,8778.08,466
2026-04-23T10:30:00+00:00,8778.08,8787.6,8777.59,8781.09,450
2026-04-23T10:45:00+00:00,8781.09,8797.59,8780.58,8796.08,372
2026-04-23T11:00:00+00:00,8796.08,8800.1,8787.58,8792.59,474
2026-04-23T11:15:00+00:00,8792.59,8795.6,8782.58,8786.08,407
2026-04-23T11:30:00+00:00,8786.08,8796.09,8780.08,8795.59,821
2026-04-23T11:45:00+00:00,8795.59,8813.09,8794.58,8809.1,930
2026-04-23T12:00:00+00:00,8809.1,8829.6,8807.58,8828.6,928
2026-04-23T12:15:00+00:00,8828.6,8831.1,8820.58,8825.08,452
2026-04-23T12:30:00+00:00,8825.08,8827.59,8817.6,8821.58,681
2026-04-23T12:45:00+00:00,8821.58,8825.6,8811.58,8825.59,1314
2026-04-23T13:00:00+00:00,8825.59,8831.1,8818.58,8824.59,710
2026-04-23T13:15:00+00:00,8824.59,8833.1,8824.59,8832.08,345
2026-04-23T13:30:00+00:00,8832.08,8848.6,8831.58,8838.6,1134
2026-04-23T13:45:00+00:00,8838.6,8845.6,8833.59,8838.09,989
2026-04-23T14:00:00+00:00,8838.09,8841.6,8825.59,8833.58,1355
2026-04-23T14:15:00+00:00,8833.58,8840.6,8830.59,8837.09,1005
2026-04-23T14:30:00+00:00,8837.09,8841.59,8833.08,8840.1,941
2026-04-23T14:45:00+00:00,8840.1,8845.09,8837.6,8842.58,806
2026-04-23T15:00:00+00:00,8842.58,8843.59,8833.58,8836.09,824
2026-04-23T15:15:00+00:00,8836.09,8846.58,8835.58,8843.09,653
2026-04-23T15:30:00+00:00,8843.09,8843.6,8828.59,8828.59,660
2026-04-23T15:45:00+00:00,8828.59,8831.6,8818.58,8828.09,1300
2026-04-23T16:00:00+00:00,8828.09,8830.6,8822.08,8828.58,770
2026-04-23T16:15:00+00:00,8828.58,8832.6,8825.58,8830.08,686
2026-04-23T16:30:00+00:00,8830.08,8836.6,8828.09,8835.59,416
2026-04-23T16:45:00+00:00,8835.59,8838.08,8828.1,8832.58,508
2026-04-23T17:00:00+00:00,8832.58,8834.6,8791.08,8793.6,2816
2026-04-23T17:15:00+00:00,8793.6,8793.6,8771.58,8772.1,2287
2026-04-23T17:30:00+00:00,8772.1,8789.09,8750.58,8754.59,2818
2026-04-23T17:45:00+00:00,8754.59,8795.6,8745.58,8792.58,5109
2026-04-23T18:00:00+00:00,8792.58,8807.6,8789.59,8802.09,2518
2026-04-23T18:15:00+00:00,8802.09,8811.6,8800.58,8811.58,1141
2026-04-23T18:30:00+00:00,8811.58,8818.58,8805.58,8811.59,748
2026-04-23T18:45:00+00:00,8811.59,8812.6,8796.58,8800.1,866
2026-04-23T19:00:00+00:00,8800.1,8805.1,8795.08,8802.1,1053
2026-04-23T19:15:00+00:00,8802.1,8805.1,8794.59,8796.58,460
2026-04-23T19:30:00+00:00,8796.58,8799.1,8784.09,8788.58,844
2026-04-23T19:45:00+00:00,8788.58,8807.6,8787.09,8803.08,875
2026-04-23T20:00:00+00:00,8803.08,8808.6,8799.08,8800.09,265
2026-04-23T20:15:00+00:00,8800.09,8803.59,8795.59,8802.59,210
2026-04-23T20:30:00+00:00,8802.59,8803.59,8800.08,8803.59,136
2026-04-23T20:45:00+00:00,8803.59,8803.59,8791.89,8791.89,163
2026-04-23T23:00:00+00:00,8812.11,8818.11,8812.11,8818.11,423.4463284399999
2026-04-23T23:15:00+00:00,8818.11,8822.11,8810.11,8810.11,332.16714804871583
2026-04-23T23:30:00+00:00,8810.11,8820.11,8806.11,8816.11,635.721398108167
2026-04-23T23:45:00+00:00,8816.11,8844.6,8810.11,8826.1,931.8181243695392
2026-04-24T00:00:00+00:00,8826.1,8830.510000000002,8786.500000000002,8814.000000000002,1162
2026-04-24T00:15:00+00:00,8814.000000000002,8819.010000000002,8800.490000000002,8805.000000000002,662
2026-04-24T00:30:00+00:00,8805.000000000002,8809.510000000002,8790.990000000002,8791.510000000002,647
2026-04-24T00:45:00+00:00,8791.510000000002,8799.000000000002,8787.500000000002,8793.500000000002,573
2026-04-24T01:00:00+00:00,8793.500000000002,8793.500000000002,8782.000000000002,8785.990000000002,689
2026-04-24T01:15:00+00:00,8785.990000000002,8787.500000000002,8773.490000000002,8775.000000000002,323
2026-04-24T01:30:00+00:00,8775.000000000002,8777.500000000002,8763.490000000002,8769.490000000002,614
2026-04-24T01:45:00+00:00,8769.490000000002,8804.510000000002,8768.990000000002,8801.490000000002,521
2026-04-24T02:00:00+00:00,8801.490000000002,8802.010000000002,8785.490000000002,8792.500000000002,513
2026-04-24T02:15:00+00:00,8792.500000000002,8793.510000000002,8780.490000000002,8782.010000000002,483
2026-04-24T02:30:00+00:00,8782.010000000002,8785.510000000002,8775.500000000002,8783.990000000002,413
2026-04-24T02:45:00+00:00,8783.990000000002,8786.500000000002,8778.500000000002,8784.510000000002,378
2026-04-24T03:00:00+00:00,8784.510000000002,8787.510000000002,8772.990000000002,8778.010000000002,503
2026-04-24T03:15:00+00:00,8778.010000000002,8784.510000000002,8776.490000000002,8776.500000000002,343
2026-04-24T03:30:00+00:00,8776.500000000002,8783.510000000002,8773.490000000002,8776.490000000002,392
2026-04-24T03:45:00+00:00,8776.490000000002,8783.010000000002,8773.490000000002,8773.500000000002,321
2026-04-24T04:00:00+00:00,8773.500000000002,8782.510000000002,8770.510000000002,8781.000000000002,362
2026-04-24T04:15:00+00:00,8781.000000000002,8786.510000000002,8777.490000000002,8785.490000000002,220
2026-04-24T04:30:00+00:00,8785.490000000002,8799.500000000002,8785.490000000002,8799.500000000002,202
2026-04-24T04:45:00+00:00,8799.500000000002,8805.510000000002,8798.490000000002,8802.990000000002,263
2026-04-24T05:00:00+00:00,8802.990000000002,8805.510000000002,8796.990000000002,8798.490000000002,262
2026-04-24T05:15:00+00:00,8798.490000000002,8804.510000000002,8798.490000000002,8803.510000000002,306
2026-04-24T05:30:00+00:00,8803.510000000002,8813.510000000002,8803.510000000002,8811.510000000002,193
2026-04-24T05:45:00+00:00,8811.510000000002,8819.510000000002,8811.000000000002,8816.000000000002,298
2026-04-24T06:00:00+00:00,8816.000000000002,8820.11,8806.590000000002,8812.11,443
2026-04-24T06:15:00+00:00,8812.11,8815.1,8803.6,8805.910000000002,328
2026-04-24T07:00:00+00:00,8776.69,8785.88,8776.69,8784.38,99
2026-04-24T07:15:00+00:00,8784.38,8786.89,8778.87,8784.88,338
2026-04-24T07:30:00+00:00,8784.88,8784.88,8771.89,8776.38,393
2026-04-24T07:45:00+00:00,8776.38,8783.89,8774.87,8782.87,289
2026-04-24T08:00:00+00:00,8782.87,8784.38,8766.39,8767.88,645
2026-04-24T08:15:00+00:00,8767.88,8785.37,8764.89,8767.89,848
2026-04-24T08:30:00+00:00,8767.89,8767.89,8758.87,8759.87,581
2026-04-24T08:45:00+00:00,8759.87,8764.88,8752.37,8758.39,629
2026-04-24T09:00:00+00:00,8758.39,8765.39,8754.87,8763.38,662
2026-04-24T09:15:00+00:00,8763.38,8764.89,8751.87,8754.39,789
2026-04-24T09:30:00+00:00,8754.39,8764.87,8752.87,8763.89,427
2026-04-24T09:45:00+00:00,8763.89,8764.89,8757.88,8761.38,448
2026-04-24T10:00:00+00:00,8761.38,8768.89,8761.38,8764.89,439
2026-04-24T10:15:00+00:00,8764.89,8773.89,8764.37,8771.88,352
2026-04-24T10:30:00+00:00,8771.88,8773.89,8769.37,8773.37,290
2026-04-24T10:45:00+00:00,8773.37,8776.39,8771.87,8773.88,179
2026-04-24T11:00:00+00:00,8773.88,8806.39,8772.87,8801.39,2142
2026-04-24T11:15:00+00:00,8801.39,8825.39,8796.89,8824.89,2169
2026-04-24T11:30:00+00:00,8824.89,8827.39,8801.88,8802.37,879
2026-04-24T11:45:00+00:00,8802.37,8808.88,8797.88,8807.39,630
2026-04-24T12:00:00+00:00,8807.39,8810.89,8800.87,8804.38,715
2026-04-24T12:15:00+00:00,8804.38,8809.37,8797.87,8804.88,892
2026-04-24T12:30:00+00:00,8804.88,8804.88,8777.39,8779.39,700
2026-04-24T12:45:00+00:00,8779.39,8782.39,8764.37,8773.38,788
2026-04-24T13:00:00+00:00,8773.38,8783.39,8773.38,8778.39,628
2026-04-24T13:15:00+00:00,8778.39,8781.89,8768.87,8772.89,580
2026-04-24T13:30:00+00:00,8772.89,8776.89,8752.87,8766.87,1812
2026-04-24T13:45:00+00:00,8766.87,8770.39,8754.37,8760.87,1652
2026-04-24T14:00:00+00:00,8760.87,8771.87,8750.88,8762.37,2134
2026-04-24T14:15:00+00:00,8762.37,8770.39,8753.87,8763.38,1364
2026-04-24T14:30:00+00:00,8763.38,8768.88,8759.87,8762.87,1458
2026-04-24T14:45:00+00:00,8762.87,8765.89,8754.87,8759.87,721
2026-04-24T15:00:00+00:00,8759.87,8762.87,8752.87,8754.88,662
2026-04-24T15:15:00+00:00,8754.88,8755.89,8745.87,8748.88,699
2026-04-24T15:30:00+00:00,8748.88,8774.39,8743.37,8767.38,877
2026-04-24T15:45:00+00:00,8767.38,8777.38,8759.4,8762.380000000001,2408.026593998293
2026-04-24T16:00:00+00:00,8762.380000000001,8763.4,8752.39,8755.9,851
2026-04-24T16:15:00+00:00,8755.9,8760.380000000001,8753.39,8755.39,535
2026-04-24T16:30:00+00:00,8755.39,8759.9,8746.380000000001,8749.39,515
2026-04-24T16:45:00+00:00,8749.39,8756.4,8748.380000000001,8752.9,380
2026-04-24T17:00:00+00:00,8752.9,8755.4,8749.380000000001,8750.380000000001,387
2026-04-24T17:15:00+00:00,8750.380000000001,8751.4,8744.880000000001,8750.4,216
2026-04-24T17:30:00+00:00,8750.4,8754.9,8746.4,8751.39,385
2026-04-24T17:45:00+00:00,8751.39,8758.39,8748.39,8751.39,380
2026-04-24T18:00:00+00:00,8751.39,8752.4,8744.380000000001,8745.380000000001,272
2026-04-24T18:15:00+00:00,8745.380000000001,8746.880000000001,8742.380000000001,8743.380000000001,300
2026-04-24T18:30:00+00:00,8743.380000000001,8747.89,8742.880000000001,8745.9,208
2026-04-24T18:45:00+00:00,8745.9,8746.4,8742.380000000001,8744.4,229
2026-04-24T19:00:00+00:00,8744.4,8747.4,8743.880000000001,8745.39,209
2026-04-24T19:15:00+00:00,8745.39,8748.880000000001,8741.380000000001,8743.89,246
2026-04-24T19:30:00+00:00,8743.89,8746.4,8742.380000000001,8743.880000000001,174
2026-04-24T19:45:00+00:00,8743.880000000001,8749.9,8739.89,8747.39,326
2026-04-24T20:00:00+00:00,8747.39,8747.39,8740.4,8743.380000000001,147
2026-04-24T20:15:00+00:00,8743.380000000001,8745.89,8743.380000000001,8744.89,87
2026-04-24T20:30:00+00:00,8744.89,8750.9,8744.89,8750.9,101.16859259259259
2026-04-26T23:45:00+00:00,8750.39,8750.39,8736.86,8737.87,176
2026-04-27T00:00:00+00:00,8737.87,8751.27,8730.25,8741.75,870
2026-04-27T00:15:00+00:00,8741.75,8750.77,8729.26,8732.25,446
2026-04-27T00:30:00+00:00,8732.25,8735.27,8726.27,8731.25,353
2026-04-27T00:45:00+00:00,8731.25,8737.26,8725.25,8732.75,361
2026-04-27T01:00:00+00:00,8732.75,8753.27,8732.75,8739.77,894
2026-04-27T01:15:00+00:00,8739.77,8746.77,8733.25,8740.27,506
2026-04-27T01:30:00+00:00,8740.27,8749.25,8738.25,8748.27,518
2026-04-27T01:45:00+00:00,8748.27,8760.27,8748.25,8760.25,349
2026-04-27T02:00:00+00:00,8760.25,8763.25,8752.26,8758.27,264
2026-04-27T02:15:00+00:00,8758.27,8767.76,8757.26,8760.76,212
2026-04-27T02:30:00+00:00,8760.76,8765.75,8757.25,8760.26,268
2026-04-27T02:45:00+00:00,8760.26,8769.27,8760.26,8767.27,160
2026-04-27T03:00:00+00:00,8767.27,8772.27,8761.26,8764.27,256
2026-04-27T03:15:00+00:00,8764.27,8765.25,8759.75,8763.27,156
2026-04-27T03:30:00+00:00,8763.27,8772.77,8760.25,8771.26,224
2026-04-27T03:45:00+00:00,8771.26,8774.25,8766.27,8767.26,156
2026-04-27T04:00:00+00:00,8767.26,8768.27,8764.75,8767.27,142
2026-04-27T04:15:00+00:00,8767.27,8776.27,8765.75,8772.77,97.3391089108911
2026-04-27T04:30:00+00:00,8772.77,8774.27,8769.76,8771.27,95
2026-04-27T04:45:00+00:00,8771.27,8775.26,8768.25,8770.76,172
2026-04-27T05:00:00+00:00,8770.76,8771.26,8762.76,8762.76,190.5341812400636
2026-04-27T05:15:00+00:00,8762.76,8763.27,8757.76,8759.77,163
2026-04-27T05:30:00+00:00,8759.77,8760.27,8749.26,8753.25,265
2026-04-27T05:45:00+00:00,8753.25,8756.27,8752.26,8753.27,181
2026-04-27T06:00:00+00:00,8753.27,8758.87,8749.86,8758.37,371
2026-04-27T06:15:00+00:00,8758.37,8760.17,8753.85,8759.15,234
2026-04-27T07:00:00+00:00,8760.15,8763.86,8750.85,8755.87,169
2026-04-27T07:15:00+00:00,8755.87,8756.86,8747.85,8750.86,401
2026-04-27T07:30:00+00:00,8750.86,8752.35,8743.87,8744.85,346
2026-04-27T07:45:00+00:00,8744.85,8748.37,8739.85,8740.85,381
2026-04-27T08:00:00+00:00,8740.85,8743.85,8730.85,8733.36,626
2026-04-27T08:15:00+00:00,8733.36,8743.86,8732.85,8741.86,408
2026-04-27T08:30:00+00:00,8741.86,8746.36,8740.85,8745.36,273
2026-04-27T08:45:00+00:00,8745.36,8749.37,8744.86,8749.35,202
2026-04-27T09:00:00+00:00,8749.35,8751.87,8746.85,8751.35,197
2026-04-27T09:15:00+00:00,8751.35,8751.85,8746.85,8748.87,149
2026-04-27T09:30:00+00:00,8748.87,8752.85,8748.85,8752.37,116
2026-04-27T09:45:00+00:00,8752.37,8754.87,8751.86,8753.36,133
2026-04-27T10:00:00+00:00,8753.36,8754.87,8750.36,8751.87,165
2026-04-27T10:15:00+00:00,8751.87,8756.36,8750.35,8754.86,120
2026-04-27T10:30:00+00:00,8754.86,8763.86,8754.36,8763.86,184
2026-04-27T10:45:00+00:00,8763.86,8765.85,8759.35,8760.37,266
2026-04-27T11:00:00+00:00,8760.37,8761.36,8754.85,8754.87,190
2026-04-27T11:15:00+00:00,8754.87,8762.37,8753.35,8760.86,203
2026-04-27T11:30:00+00:00,8760.86,8764.37,8759.85,8761.35,180
2026-04-27T11:45:00+00:00,8761.35,8763.37,8755.86,8757.36,142
2026-04-27T12:00:00+00:00,8757.36,8758.86,8753.85,8755.87,249
2026-04-27T12:15:00+00:00,8755.87,8756.87,8739.85,8743.35,292
2026-04-27T12:30:00+00:00,8743.35,8743.86,8734.85,8738.35,367
2026-04-27T12:45:00+00:00,8738.35,8738.87,8719.87,8722.87,482
2026-04-27T13:00:00+00:00,8722.87,8726.87,8717.86,8719.37,742
2026-04-27T13:15:00+00:00,8719.37,8724.87,8718.85,8724.87,359
2026-04-27T13:30:00+00:00,8724.87,8738.37,8724.87,8727.37,1054
2026-04-27T13:45:00+00:00,8727.37,8738.87,8717.86,8735.87,998
2026-04-27T14:00:00+00:00,8735.87,8737.86,8724.87,8734.37,920
2026-04-27T14:15:00+00:00,8734.37,8734.86,8726.87,8727.35,629
2026-04-27T14:30:00+00:00,8727.35,8727.85,8713.85,8718.35,835
2026-04-27T14:45:00+00:00,8718.35,8719.37,8704.86,8708.35,417
2026-04-27T15:00:00+00:00,8708.35,8708.87,8691.85,8700.86,570
2026-04-27T15:15:00+00:00,8700.86,8704.37,8693.35,8701.86,562
2026-04-27T15:30:00+00:00,8701.86,8704.87,8694.86,8701.36,429
2026-04-27T15:45:00+00:00,8701.36,8703.87,8696.85,8702.36,257
2026-04-27T16:00:00+00:00,8702.36,8705.36,8698.85,8703.85,253
2026-04-27T16:15:00+00:00,8703.85,8706.87,8699.85,8700.85,192
2026-04-27T16:30:00+00:00,8700.85,8703.85,8699.86,8699.86,155
2026-04-27T16:45:00+00:00,8699.86,8702.87,8699.36,8701.37,100
2026-04-27T17:00:00+00:00,8701.37,8703.87,8697.85,8699.85,169
2026-04-27T17:15:00+00:00,8699.85,8702.37,8692.85,8701.37,289
2026-04-27T17:30:00+00:00,8701.37,8707.87,8700.85,8700.87,163
2026-04-27T17:45:00+00:00,8700.87,8701.37,8697.35,8698.86,91.93048128342247
2026-04-27T18:00:00+00:00,8698.86,8699.87,8696.87,8698.85,115.52689243027888
2026-04-27T18:15:00+00:00,8698.85,8700.87,8697.85,8700.36,81.08844953173778
2026-04-27T18:30:00+00:00,8700.36,8702.87,8698.86,8699.86,100
2026-04-27T18:45:00+00:00,8699.86,8703.87,8698.85,8702.37,94
2026-04-27T19:00:00+00:00,8702.37,8709.87,8701.86,8708.85,80
2026-04-27T19:15:00+00:00,8708.85,8713.37,8707.87,8711.86,105
2026-04-27T19:30:00+00:00,8711.86,8713.87,8710.85,8711.35,97
2026-04-27T19:45:00+00:00,8711.35,8714.87,8704.37,8706.87,221
2026-04-27T20:00:00+00:00,8706.87,8707.37,8704.35,8705.37,55
2026-04-27T20:15:00+00:00,8705.37,8705.37,8702.85,8704.85,33
2026-04-27T20:30:00+00:00,8704.85,8706.37,8704.85,8705.87,28
2026-04-27T20:45:00+00:00,8705.87,8706.37,8697.17,8697.17,57
2026-04-27T23:00:00+00:00,8714.33,8716.33,8712.33,8714.33,64.88182911007976
2026-04-27T23:15:00+00:00,8714.33,8714.33,8709.33,8709.33,88.28611476409266
2026-04-27T23:30:00+00:00,8709.33,8710.33,8705.33,8709.33,143.27930262646896
2026-04-27T23:45:00+00:00,8709.33,8717.61,8700.33,8716.619999999999,315.93970837099823
2026-04-28T00:00:00+00:00,8716.619999999999,8724.01,8697.5,8698.5,700
2026-04-28T00:15:00+00:00,8698.5,8702.5,8691,8695.52,372
2026-04-28T00:30:00+00:00,8695.52,8706.52,8693.5,8705.02,369
2026-04-28T00:45:00+00:00,8705.02,8716.51,8705,8710.51,224
2026-04-28T01:00:00+00:00,8710.51,8716.51,8703,8711,292
2026-04-28T01:15:00+00:00,8711,8723.51,8711,8722.51,221
2026-04-28T01:30:00+00:00,8722.51,8733.52,8716,8732.02,230
2026-04-28T01:45:00+00:00,8732.02,8732.5,8712.5,8714.02,336
2026-04-28T02:00:00+00:00,8714.02,8726.52,8711.5,8722.5,309
2026-04-28T02:15:00+00:00,8722.5,8726.52,8720,8722.51,165
2026-04-28T02:30:00+00:00,8722.51,8722.51,8714.51,8717,130
2026-04-28T02:45:00+00:00,8717,8718.02,8710.51,8710.51,116.22965693223702
2026-04-28T03:00:00+00:00,8710.51,8715.51,8707.51,8715,163
2026-04-28T03:15:00+00:00,8715,8717.5,8709,8714.52,111
2026-04-28T03:30:00+00:00,8714.52,8721.02,8714.5,8718.52,110
2026-04-28T03:45:00+00:00,8718.52,8720.52,8714.52,8715.52,113.75254833040421
2026-04-28T04:00:00+00:00,8715.52,8717.52,8713,8714.51,129
2026-04-28T04:15:00+00:00,8714.51,8716.02,8709.5,8709.51,120.81162324649299
2026-04-28T04:30:00+00:00,8709.51,8713.52,8708,8713.5,79
2026-04-28T04:45:00+00:00,8713.5,8716.52,8712,8713.51,117
2026-04-28T05:00:00+00:00,8713.51,8715.02,8704.52,8707.51,160
2026-04-28T05:15:00+00:00,8707.51,8713.52,8706.5,8707.02,135
2026-04-28T05:30:00+00:00,8707.02,8707.02,8698,8704.02,258
2026-04-28T05:45:00+00:00,8704.02,8711.5,8701.51,8707.5,204
2026-04-28T06:00:00+00:00,8707.5,8708.119999999999,8703.6,8707.1,345
2026-04-28T06:15:00+00:00,8707.1,8713.92,8704.619999999999,8713.92,272
2026-04-28T07:00:00+00:00,8711.76,8711.76,8695.95,8698.94,134
2026-04-28T07:15:00+00:00,8698.94,8701.46,8696.94,8699.46,423
2026-04-28T07:30:00+00:00,8699.46,8710.96,8699.46,8708.44,355
2026-04-28T07:45:00+00:00,8708.44,8716.96,8708.44,8715.46,321
2026-04-28T08:00:00+00:00,8715.46,8715.95,8696.44,8707.95,785
2026-04-28T08:15:00+00:00,8707.95,8724.96,8707.95,8724.96,560
2026-04-28T08:30:00+00:00,8724.96,8726.46,8721.94,8722.94,394
2026-04-28T08:45:00+00:00,8722.94,8728.45,8720.96,8728.45,362
2026-04-28T09:00:00+00:00,8728.45,8730.96,8723.44,8727.96,485
2026-04-28T09:15:00+00:00,8727.96,8730.96,8719.94,8721.45,370
2026-04-28T09:30:00+00:00,8721.45,8721.96,8711.94,8713.94,343
2026-04-28T09:45:00+00:00,8713.94,8714.95,8707.94,8708.95,318
2026-04-28T10:00:00+00:00,8708.95,8717.96,8705.95,8707.45,381
2026-04-28T10:15:00+00:00,8707.45,8713.95,8704.94,8709.94,396
2026-04-28T10:30:00+00:00,8709.94,8718.46,8709.44,8715.45,340
2026-04-28T10:45:00+00:00,8715.45,8719.46,8711.46,8717.95,246
2026-04-28T11:00:00+00:00,8717.95,8722.96,8702.94,8702.95,455
2026-04-28T11:15:00+00:00,8702.95,8702.96,8685.44,8687.45,501
2026-04-28T11:30:00+00:00,8687.45,8687.96,8675.94,8680.95,670
2026-04-28T11:45:00+00:00,8680.95,8682.96,8669.45,8674.94,707
2026-04-28T12:00:00+00:00,8674.94,8679.96,8669.95,8677.96,794
2026-04-28T12:15:00+00:00,8677.96,8687.46,8662.94,8667.96,1486
2026-04-28T12:30:00+00:00,8667.96,8679.46,8659.95,8676.44,674
2026-04-28T12:45:00+00:00,8676.44,8700.95,8675.96,8696.94,555
2026-04-28T13:00:00+00:00,8696.94,8697.95,8685.94,8685.96,612
2026-04-28T13:15:00+00:00,8685.96,8696.45,8681.94,8691.94,843
2026-04-28T13:30:00+00:00,8691.94,8705.96,8682.94,8702.44,1899
2026-04-28T13:45:00+00:00,8702.44,8703.95,8683.94,8685.26,1069
2026-04-28T14:00:00+00:00,8685.26,8685.96,8672.46,8672.94,821
2026-04-28T14:15:00+00:00,8672.94,8683.95,8665.94,8679.44,823
2026-04-28T14:30:00+00:00,8679.44,8679.96,8659.45,8666.94,1127
2026-04-28T14:45:00+00:00,8666.94,8677.96,8655.94,8677.45,1635
2026-04-28T15:00:00+00:00,8677.45,8687.96,8672.95,8680.94,1007
2026-04-28T15:15:00+00:00,8680.94,8686.96,8677.96,8680.94,684
2026-04-28T15:30:00+00:00,8680.94,8682.96,8674.94,8675.96,786
2026-04-28T15:45:00+00:00,8675.96,8678.96,8671.96,8677.95,641
2026-04-28T16:00:00+00:00,8677.95,8681.96,8674.95,8679.96,467
2026-04-28T16:15:00+00:00,8679.96,8679.96,8671.44,8677.44,361
2026-04-28T16:30:00+00:00,8677.44,8679.94,8672.44,8673.44,349
2026-04-28T16:45:00+00:00,8673.44,8682.46,8672.44,8676.95,448
2026-04-28T17:00:00+00:00,8676.95,8678.46,8669.45,8671.94,302
2026-04-28T17:15:00+00:00,8671.94,8674.96,8667.94,8672.94,229
2026-04-28T17:30:00+00:00,8672.94,8683.95,8672.94,8681.44,223
2026-04-28T17:45:00+00:00,8681.44,8682.96,8678.94,8681.45,164
2026-04-28T18:00:00+00:00,8681.45,8681.96,8674.94,8675.95,212
2026-04-28T18:15:00+00:00,8675.95,8681.95,8675.44,8678.96,414
2026-04-28T18:30:00+00:00,8678.96,8679.45,8672.44,8679.45,146
2026-04-28T18:45:00+00:00,8679.45,8680.46,8675.94,8675.94,149
2026-04-28T19:00:00+00:00,8675.94,8682.95,8674.46,8679.45,175
2026-04-28T19:15:00+00:00,8679.45,8679.94,8674.44,8674.94,149
2026-04-28T19:30:00+00:00,8674.94,8677.95,8670.95,8675.94,128
2026-04-28T19:45:00+00:00,8675.94,8679.94,8672.94,8677.46,292
2026-04-28T20:00:00+00:00,8677.46,8681.45,8675.44,8679.94,132
2026-04-28T20:15:00+00:00,8679.94,8680.46,8677.45,8677.96,44
2026-04-28T20:30:00+00:00,8677.96,8677.96,8675.94,8676.45,39
2026-04-28T20:45:00+00:00,8676.45,8677.25,8671.75,8671.75,50
2026-04-28T23:00:00+00:00,8678.43,8679.43,8677.43,8679.43,42.23264845637701
2026-04-28T23:15:00+00:00,8679.43,8683.43,8679.43,8683.43,47.8369053291764
2026-04-28T23:30:00+00:00,8683.43,8689.43,8677.43,8685.43,130.2367599600662
2026-04-28T23:45:00+00:00,8685.43,8689.85,8680.34,8687.84,237.0271857385277
2026-04-29T00:00:00+00:00,8687.84,8699.73,8684.74,8684.75,678
2026-04-29T00:15:00+00:00,8684.75,8685.25,8670.24,8671.74,376
2026-04-29T00:30:00+00:00,8671.74,8679.75,8668.73,8678.73,289
2026-04-29T00:45:00+00:00,8678.73,8685.74,8671.73,8683.73,274
2026-04-29T01:00:00+00:00,8683.73,8687.73,8666.23,8675.25,695
2026-04-29T01:15:00+00:00,8675.25,8684.75,8674.74,8680.73,335
2026-04-29T01:30:00+00:00,8680.73,8717.23,8680.73,8709.23,1128
2026-04-29T01:45:00+00:00,8709.23,8715.75,8705.73,8710.74,465
2026-04-29T02:00:00+00:00,8710.74,8718.75,8705.74,8715.75,342
2026-04-29T02:15:00+00:00,8715.75,8722.24,8708.74,8709.75,323
2026-04-29T02:30:00+00:00,8709.75,8709.75,8699.74,8701.74,210
2026-04-29T02:45:00+00:00,8701.74,8702.23,8696.74,8697.75,180
2026-04-29T03:00:00+00:00,8697.75,8703.74,8694.73,8695.73,193
2026-04-29T03:15:00+00:00,8695.73,8701.75,8694.24,8701.75,163
2026-04-29T03:30:00+00:00,8701.75,8702.25,8695.23,8695.24,82
2026-04-29T03:45:00+00:00,8695.24,8702.73,8692.23,8701.75,168
2026-04-29T04:00:00+00:00,8701.75,8702.25,8696.73,8700.73,116
2026-04-29T04:15:00+00:00,8700.73,8700.75,8695.25,8699.73,114.0140892318014
2026-04-29T04:30:00+00:00,8699.73,8701.75,8697.73,8699.74,114
2026-04-29T04:45:00+00:00,8699.74,8704.25,8697.73,8697.73,138
2026-04-29T05:00:00+00:00,8697.73,8697.74,8690.73,8691.73,142
2026-04-29T05:15:00+00:00,8691.73,8696.25,8691.73,8694.73,93
2026-04-29T05:30:00+00:00,8694.73,8694.75,8685.74,8686.74,131
2026-04-29T05:45:00+00:00,8686.74,8688.74,8683.73,8688.25,157
2026-04-29T06:00:00+00:00,8688.25,8693.35,8685.35,8690.34,496
2026-04-29T06:15:00+00:00,8690.34,8690.35,8684.33,8687.65,240
2026-04-29T07:00:00+00:00,8677.47,8677.47,8666.67,8670.15,118
2026-04-29T07:15:00+00:00,8670.15,8670.17,8660.15,8665.17,276
2026-04-29T07:30:00+00:00,8665.17,8669.67,8657.15,8657.15,390
2026-04-29T07:45:00+00:00,8657.15,8660.67,8651.65,8657.17,365
2026-04-29T08:00:00+00:00,8657.17,8664.66,8643.46,8647.66,848
2026-04-29T08:15:00+00:00,8647.66,8654.66,8642.65,8652.16,523
2026-04-29T08:30:00+00:00,8652.16,8652.67,8634.67,8645.17,539
2026-04-29T08:45:00+00:00,8645.17,8648.16,8636.67,8644.17,447
2026-04-29T09:00:00+00:00,8644.17,8647.67,8640.15,8644.65,553
2026-04-29T09:15:00+00:00,8644.65,8650.15,8641.17,8647.16,397
2026-04-29T09:30:00+00:00,8647.16,8654.17,8642.15,8642.67,584
2026-04-29T09:45:00+00:00,8642.67,8643.16,8633.16,8636.16,463
2026-04-29T10:00:00+00:00,8636.16,8646.17,8633.67,8646.17,389
2026-04-29T10:15:00+00:00,8646.17,8657.15,8646.17,8654.66,284
2026-04-29T10:30:00+00:00,8654.66,8658.67,8647.15,8648.16,273
2026-04-29T10:45:00+00:00,8648.16,8650.67,8646.67,8650.17,287
2026-04-29T11:00:00+00:00,8650.17,8653.17,8645.16,8649.15,412
2026-04-29T11:15:00+00:00,8649.15,8653.17,8648.15,8649.66,329
2026-04-29T11:30:00+00:00,8649.66,8658.67,8648.65,8655.16,391
2026-04-29T11:45:00+00:00,8655.16,8661.16,8653.65,8657.17,327
2026-04-29T12:00:00+00:00,8657.17,8659.17,8652.65,8653.17,315
2026-04-29T12:15:00+00:00,8653.17,8656.17,8644.16,8649.66,442
2026-04-29T12:30:00+00:00,8649.66,8650.15,8634.65,8644.17,538
2026-04-29T12:45:00+00:00,8644.17,8647.17,8639.65,8646.16,366
2026-04-29T13:00:00+00:00,8646.16,8650.17,8643.15,8645.17,451
2026-04-29T13:15:00+00:00,8645.17,8646.17,8629.16,8630.67,636
2026-04-29T13:30:00+00:00,8630.67,8635.17,8611.15,8611.17,1360
2026-04-29T13:45:00+00:00,8611.17,8622.17,8605.65,8618.65,906
2026-04-29T14:00:00+00:00,8618.65,8632.17,8612.65,8629.67,816
2026-04-29T14:15:00+00:00,8629.67,8634.15,8628.16,8629.16,538
2026-04-29T14:30:00+00:00,8629.16,8635.16,8625.67,8630.65,577
2026-04-29T14:45:00+00:00,8630.65,8636.17,8626.16,8632.65,407
2026-04-29T15:00:00+00:00,8632.65,8635.17,8619.16,8621.17,459
2026-04-29T15:15:00+00:00,8621.17,8633.65,8620.15,8633.15,703
2026-04-29T15:30:00+00:00,8633.15,8633.15,8623.15,8625.65,781
2026-04-29T15:45:00+00:00,8625.65,8630.67,8606.65,8617.67,1476
2026-04-29T16:00:00+00:00,8617.67,8628.15,8616.15,8623.15,622.3796918622686
2026-04-29T16:15:00+00:00,8623.15,8627.64,8622.13,8622.65,431
2026-04-29T16:30:00+00:00,8622.65,8622.65,8612.63,8620.64,568
2026-04-29T16:45:00+00:00,8620.64,8622.64,8613.64,8617.65,443
2026-04-29T17:00:00+00:00,8617.65,8618.65,8610.65,8613.63,389
2026-04-29T17:15:00+00:00,8613.63,8620.65,8611.63,8618.63,540
2026-04-29T17:30:00+00:00,8618.63,8622.15,8615.63,8617.65,280
2026-04-29T17:45:00+00:00,8617.65,8625.63,8616.65,8622.64,394
2026-04-29T18:00:00+00:00,8622.64,8624.939999999999,8603.63,8609.13,701
2026-04-29T18:15:00+00:00,8609.13,8618.14,8608.63,8612.13,509
2026-04-29T18:30:00+00:00,8612.13,8617.64,8599.13,8599.65,1390
2026-04-29T18:45:00+00:00,8599.65,8620.65,8594.65,8620.14,898
2026-04-29T19:00:00+00:00,8620.14,8628.65,8614.13,8627.65,620
2026-04-29T19:15:00+00:00,8627.65,8631.65,8621.65,8622.15,466
2026-04-29T19:30:00+00:00,8622.15,8624.63,8612.65,8623.65,430
2026-04-29T19:45:00+00:00,8623.65,8629.65,8620.65,8628.14,419
2026-04-29T20:00:00+00:00,8628.14,8638.939999999999,8606.63,8608.15,1506
2026-04-29T20:15:00+00:00,8608.15,8617.14,8605.13,8615.13,480
2026-04-29T20:30:00+00:00,8615.13,8620.15,8614.63,8617.13,277
2026-04-29T20:45:00+00:00,8617.13,8619.14,8609.949999999999,8611.449999999999,199
2026-04-29T23:00:00+00:00,8630.12,8632.12,8628.12,8631.12,137.94464214101114
2026-04-29T23:15:00+00:00,8631.12,8633.38,8622.38,8625.38,174.90314647972457
2026-04-29T23:30:00+00:00,8625.38,8631.38,8617.38,8618.38,387.51521091738334
2026-04-29T23:45:00+00:00,8618.38,8649.89,8613.38,8644.4,628.2679153823906
2026-04-30T00:00:00+00:00,8644.4,8668.289999999999,8643.289999999999,8654.289999999999,1275
2026-04-30T00:15:00+00:00,8654.289999999999,8658.8,8642.289999999999,8645.8,359
2026-04-30T00:30:00+00:00,8645.8,8663.8,8645.8,8657.3,335
2026-04-30T00:45:00+00:00,8657.3,8663.289999999999,8656.28,8658.8,275
2026-04-30T01:00:00+00:00,8658.8,8675.3,8658.78,8669.78,399
2026-04-30T01:15:00+00:00,8669.78,8682.3,8667.28,8680.3,329
2026-04-30T01:30:00+00:00,8680.3,8687.289999999999,8667.28,8671.28,413
2026-04-30T01:45:00+00:00,8671.28,8687.28,8668.78,8686.8,283
2026-04-30T02:00:00+00:00,8686.8,8688.789999999999,8680.289999999999,8686.789999999999,261
2026-04-30T02:15:00+00:00,8686.789999999999,8689.28,8678.78,8680.28,187
2026-04-30T02:30:00+00:00,8680.28,8687.289999999999,8662.28,8679.789999999999,1297
2026-04-30T02:45:00+00:00,8679.789999999999,8680.8,8666.3,8676.3,514
2026-04-30T03:00:00+00:00,8676.3,8681.3,8671.28,8671.789999999999,451
2026-04-30T03:15:00+00:00,8671.789999999999,8673.289999999999,8668.28,8669.3,421
2026-04-30T03:30:00+00:00,8669.3,8675.789999999999,8667.289999999999,8673.789999999999,272
2026-04-30T03:45:00+00:00,8673.789999999999,8676.289999999999,8666.28,8666.8,196
2026-04-30T04:00:00+00:00,8666.8,8667.3,8661.289999999999,8664.289999999999,490
2026-04-30T04:15:00+00:00,8664.289999999999,8666.3,8646.28,8646.28,284
2026-04-30T04:30:00+00:00,8646.28,8646.289999999999,8638.289999999999,8645.78,297
2026-04-30T04:45:00+00:00,8645.78,8651.8,8645.78,8646.789999999999,341
2026-04-30T05:00:00+00:00,8646.789999999999,8655.3,8646.28,8653.8,516
2026-04-30T05:15:00+00:00,8653.8,8656.3,8649.28,8651.28,303
2026-04-30T05:30:00+00:00,8651.28,8664.289999999999,8651.28,8662.3,408
2026-04-30T05:45:00+00:00,8662.3,8672.3,8662.289999999999,8663.289999999999,373
2026-04-30T06:00:00+00:00,8663.289999999999,8670.89,8656.88,8664.89,792
2026-04-30T06:15:00+00:00,8664.89,8665.9,8658.38,8661.19,370
2026-04-30T07:00:00+00:00,8650.78,8679.49,8650.78,8673.97,199
2026-04-30T07:15:00+00:00,8673.97,8676.49,8668.97,8675.97,550
2026-04-30T07:30:00+00:00,8675.97,8682.99,8669.99,8681.47,504
2026-04-30T07:45:00+00:00,8681.47,8688.99,8678.98,8683.47,567
2026-04-30T08:00:00+00:00,8683.47,8695.48,8681.97,8693.49,815
2026-04-30T08:15:00+00:00,8693.49,8694.49,8686.48,8693.49,602
2026-04-30T08:30:00+00:00,8693.49,8696.98,8687.97,8691.47,621
2026-04-30T08:45:00+00:00,8691.47,8695.49,8688.47,8688.47,386
2026-04-30T09:00:00+00:00,8688.47,8696.49,8686.98,8693.49,628
2026-04-30T09:15:00+00:00,8693.49,8703.49,8687.98,8702.98,636
2026-04-30T09:30:00+00:00,8702.98,8717.48,8702.48,8712.47,956
2026-04-30T09:45:00+00:00,8712.47,8720.49,8712.47,8716.47,462
2026-04-30T10:00:00+00:00,8716.47,8726.49,8716.47,8721.49,462
2026-04-30T10:15:00+00:00,8721.49,8732.48,8719.98,8731.47,440
2026-04-30T10:30:00+00:00,8731.47,8737.48,8721.48,8725.97,1080
2026-04-30T10:45:00+00:00,8725.97,8737.98,8721.97,8736.47,561
2026-04-30T11:00:00+00:00,8736.47,8753.48,8735.47,8747.47,740
2026-04-30T11:15:00+00:00,8747.47,8761.79,8746.47,8755.98,554
2026-04-30T11:30:00+00:00,8755.98,8755.99,8746.97,8750.97,561
2026-04-30T11:45:00+00:00,8750.97,8755.49,8746.47,8748.98,445
2026-04-30T12:00:00+00:00,8748.98,8751.49,8744.47,8750.49,370
2026-04-30T12:15:00+00:00,8750.49,8760.99,8750.49,8757.97,470
2026-04-30T12:30:00+00:00,8757.97,8760.49,8742.49,8744.97,568
2026-04-30T12:45:00+00:00,8744.97,8758.47,8744.48,8748.97,570
2026-04-30T13:00:00+00:00,8748.97,8757.49,8747.47,8749.98,784
2026-04-30T13:15:00+00:00,8749.98,8752.49,8741.97,8744.48,478
2026-04-30T13:30:00+00:00,8744.48,8747.49,8728.48,8738.49,1400
2026-04-30T13:45:00+00:00,8738.49,8741.48,8724.99,8726.97,1003
2026-04-30T14:00:00+00:00,8726.97,8735.47,8720.97,8733.97,1062
2026-04-30T14:15:00+00:00,8733.97,8761.98,8728.47,8760.97,986
2026-04-30T14:30:00+00:00,8760.97,8767.49,8753.47,8757.48,1177
2026-04-30T14:45:00+00:00,8757.48,8768.48,8755.47,8756.47,764
2026-04-30T15:00:00+00:00,8756.47,8763.99,8751.47,8761.97,725
2026-04-30T15:15:00+00:00,8761.97,8770.49,8751.98,8765.97,577
2026-04-30T15:30:00+00:00,8765.97,8773.49,8756.47,8758.97,682
2026-04-30T15:45:00+00:00,8758.97,8765.49,8754.48,8762.99,440
2026-04-30T16:00:00+00:00,8762.99,8769.49,8760.48,8767.48,427
2026-04-30T16:15:00+00:00,8767.48,8767.49,8762.47,8764.48,195
2026-04-30T16:30:00+00:00,8764.48,8767.49,8762.48,8764.97,278
2026-04-30T16:45:00+00:00,8764.97,8764.97,8758.47,8761.47,259
2026-04-30T17:00:00+00:00,8761.47,8769.48,8761.47,8767.98,254
2026-04-30T17:15:00+00:00,8767.98,8767.98,8760.98,8764.98,198
2026-04-30T17:30:00+00:00,8764.98,8775.49,8764.98,8768.47,391
2026-04-30T17:45:00+00:00,8768.47,8770.99,8766.98,8766.99,206
2026-04-30T18:00:00+00:00,8766.99,8772.99,8766.48,8769.48,203
2026-04-30T18:15:00+00:00,8769.48,8775.49,8769.48,8772.49,132
2026-04-30T18:30:00+00:00,8772.49,8775.98,8771.97,8774.49,147
2026-04-30T18:45:00+00:00,8774.49,8776.97,8772.48,8772.49,128
2026-04-30T19:00:00+00:00,8772.49,8785.49,8771.97,8784.47,234
2026-04-30T19:15:00+00:00,8784.47,8787.49,8779.98,8781.99,164
2026-04-30T19:30:00+00:00,8781.99,8782.49,8777.47,8779.48,179
2026-04-30T19:45:00+00:00,8779.48,8780.47,8772.48,8773.49,421
2026-04-30T20:00:00+00:00,8773.49,8781.49,8773.49,8779.97,330
2026-04-30T20:15:00+00:00,8779.97,8784.47,8779.97,8782.47,71
2026-04-30T20:30:00+00:00,8782.47,8782.98,8777.48,8777.48,120
2026-04-30T20:45:00+00:00,8777.48,8782.97,8773.77,8773.78,131
2026-04-30T23:00:00+00:00,8779.38,8779.38,8772.38,8775.38,80.50565447862864
2026-04-30T23:15:00+00:00,8775.38,8781.38,8775.38,8780.38,80.3344959123512
2026-04-30T23:30:00+00:00,8780.38,8791.38,8776.38,8784.38,112.95075034058442
2026-04-30T23:45:00+00:00,8784.38,8797.38,8775.509999999998,8776.509999999998,432.2937681852004
2026-05-01T00:00:00+00:00,8776.509999999998,8787.429999999998,8754.909999999998,8756.419999999998,978
2026-05-01T00:15:00+00:00,8756.419999999998,8757.929999999998,8741.919999999998,8746.409999999998,640
2026-05-01T00:30:00+00:00,8746.409999999998,8750.419999999998,8731.909999999998,8745.429999999998,552
2026-05-01T00:45:00+00:00,8745.429999999998,8748.919999999998,8742.909999999998,8747.929999999998,294
2026-05-01T01:00:00+00:00,8747.929999999998,8757.919999999998,8743.919999999998,8743.919999999998,297
2026-05-01T01:15:00+00:00,8743.919999999998,8760.909999999998,8734.909999999998,8758.409999999998,263
2026-05-01T01:30:00+00:00,8758.409999999998,8768.909999999998,8756.929999999998,8767.929999999998,199
2026-05-01T01:45:00+00:00,8767.929999999998,8776.929999999998,8766.409999999998,8770.419999999998,188
2026-05-01T02:00:00+00:00,8770.419999999998,8776.429999999998,8767.909999999998,8768.929999999998,173
2026-05-01T02:15:00+00:00,8768.929999999998,8778.929999999998,8768.409999999998,8775.929999999998,126.87924016282224
2026-05-01T02:30:00+00:00,8775.929999999998,8777.929999999998,8771.409999999998,8771.429999999998,128
2026-05-01T02:45:00+00:00,8771.429999999998,8771.429999999998,8763.919999999998,8770.419999999998,104.15722851432378
2026-05-01T03:00:00+00:00,8770.419999999998,8771.919999999998,8766.909999999998,8768.919999999998,113
2026-05-01T03:15:00+00:00,8768.919999999998,8773.929999999998,8766.409999999998,8772.419999999998,83
2026-05-01T03:30:00+00:00,8772.419999999998,8777.909999999998,8769.919999999998,8770.919999999998,103
2026-05-01T03:45:00+00:00,8770.919999999998,8777.929999999998,8770.919999999998,8772.919999999998,73
2026-05-01T04:00:00+00:00,8772.919999999998,8774.409999999998,8767.909999999998,8769.929999999998,158.35687928307854
2026-05-01T04:15:00+00:00,8769.929999999998,8774.419999999998,8767.409999999998,8773.429999999998,116
2026-05-01T04:30:00+00:00,8773.429999999998,8773.429999999998,8768.929999999998,8769.429999999998,132
2026-05-01T04:45:00+00:00,8769.429999999998,8770.929999999998,8764.919999999998,8764.919999999998,91
2026-05-01T05:00:00+00:00,8764.919999999998,8769.429999999998,8762.909999999998,8767.429999999998,116
2026-05-01T05:15:00+00:00,8767.429999999998,8767.429999999998,8752.929999999998,8752.929999999998,129
2026-05-01T05:30:00+00:00,8752.929999999998,8754.929999999998,8748.909999999998,8749.409999999998,104
2026-05-01T05:45:00+00:00,8749.409999999998,8754.429999999998,8745.919999999998,8753.909999999998,118
2026-05-01T06:00:00+00:00,8753.909999999998,8759.009999999998,8746.009999999998,8758.029999999999,418
2026-05-01T06:15:00+00:00,8758.029999999999,8759.029999999999,8751.519999999999,8756.309999999998,194.6023316062176
2026-05-01T07:00:00+00:00,8734.21,8734.43,8728.41,8733.43,68
2026-05-01T07:15:00+00:00,8733.43,8737.93,8728.41,8730.43,125
2026-05-01T07:30:00+00:00,8730.43,8730.43,8719.42,8722.41,101
2026-05-01T07:45:00+00:00,8722.41,8727.91,8715.72,8720.43,143
2026-05-01T08:00:00+00:00,8720.43,8724.41,8717.91,8721.41,95
2026-05-01T08:15:00+00:00,8721.41,8724.93,8719.43,8722.92,96
2026-05-01T08:30:00+00:00,8722.92,8722.92,8715.92,8717.91,75
2026-05-01T08:45:00+00:00,8717.91,8719.93,8715.41,8718.41,83
2026-05-01T09:00:00+00:00,8718.41,8718.42,8709.92,8713.43,112
2026-05-01T09:15:00+00:00,8713.43,8716.43,8713.42,8715.43,82
2026-05-01T09:30:00+00:00,8715.43,8719.42,8713.41,8717.43,59.06819866567828
2026-05-01T09:45:00+00:00,8717.43,8719.43,8717.41,8719.42,55
2026-05-01T10:00:00+00:00,8719.42,8719.42,8712.41,8717.41,73.3628762541806
2026-05-01T10:15:00+00:00,8717.41,8718.92,8715.91,8715.92,51
2026-05-01T10:30:00+00:00,8715.92,8717.41,8709.42,8712.42,62.25052631578947
2026-05-01T10:45:00+00:00,8712.42,8718.92,8712.41,8718.41,39
2026-05-01T11:00:00+00:00,8718.41,8719.91,8710.41,8712.42,96
2026-05-01T11:15:00+00:00,8712.42,8719.43,8712.41,8718.42,72.3967213114754
2026-05-01T11:30:00+00:00,8718.42,8719.41,8716.41,8717.41,78
2026-05-01T11:45:00+00:00,8717.41,8719.41,8716.42,8718.41,62.76456110815103
2026-05-01T12:00:00+00:00,8718.41,8733.93,8715.41,8729.93,295.0697412823397
2026-05-01T12:15:00+00:00,8729.93,8734.93,8725.41,8732.42,349
2026-05-01T12:30:00+00:00,8732.42,8732.43,8720.43,8720.92,196
2026-05-01T12:45:00+00:00,8720.92,8721.92,8713.93,8714.43,160
2026-05-01T13:00:00+00:00,8714.43,8724.93,8713.43,8723.42,122
2026-05-01T13:15:00+00:00,8723.42,8724.43,8719.41,8722.43,114
2026-05-01T13:30:00+00:00,8722.43,8723.43,8707.91,8720.42,893
2026-05-01T13:45:00+00:00,8720.42,8755.73,8712.42,8755.71,1044
2026-05-01T14:00:00+00:00,8755.71,8755.72,8737.42,8749.41,530
2026-05-01T14:15:00+00:00,8749.41,8753.43,8742.43,8742.43,418
2026-05-01T14:30:00+00:00,8742.43,8742.43,8730.91,8731.91,454
2026-05-01T14:45:00+00:00,8731.91,8738.93,8723.43,8733.93,475
2026-05-01T15:00:00+00:00,8733.93,8734.43,8713.91,8726.43,784
2026-05-01T15:15:00+00:00,8726.43,8729.41,8720.41,8725.92,268
2026-05-01T15:30:00+00:00,8725.92,8732.92,8722.92,8731.93,263
2026-05-01T15:45:00+00:00,8731.93,8734.92,8717.93,8724.9,462.04428044280445
2026-05-01T16:00:00+00:00,8724.9,8728.91,8721.39,8723.4,200
2026-05-01T16:15:00+00:00,8723.4,8728.41,8711.89,8714.89,361
2026-05-01T16:30:00+00:00,8714.89,8716.41,8708.4,8712.41,261
2026-05-01T16:45:00+00:00,8712.41,8718.41,8711.39,8714.41,254
2026-05-01T17:00:00+00:00,8714.41,8720.39,8713.4,8720.39,198
2026-05-01T17:15:00+00:00,8720.39,8722.9,8717.41,8722.4,121
2026-05-01T17:30:00+00:00,8722.4,8723.41,8718.39,8721.41,83
2026-05-01T17:45:00+00:00,8721.41,8726.39,8720.39,8722.41,229
2026-05-01T18:00:00+00:00,8722.41,8724.41,8713.41,8714.4,131
2026-05-01T18:15:00+00:00,8714.4,8720.89,8710.9,8719.91,187
2026-05-01T18:30:00+00:00,8719.91,8724.41,8716.89,8718.39,255
2026-05-01T18:45:00+00:00,8718.39,8721.39,8713.89,8717.39,184
2026-05-01T19:00:00+00:00,8717.39,8722.4,8715.9,8721.9,122
2026-05-01T19:15:00+00:00,8721.9,8729.41,8721.9,8725.91,103
2026-05-01T19:30:00+00:00,8725.91,8725.91,8721.39,8722.9,118
2026-05-01T19:45:00+00:00,8722.9,8724.4,8709.4,8715.89,347
2026-05-01T20:00:00+00:00,8715.89,8715.89,8712.39,8712.91,88
2026-05-01T20:15:00+00:00,8712.91,8713.41,8710.9,8712.39,44.410092819801555
2026-05-01T20:30:00+00:00,8712.39,8713.41,8711.39,8711.89,40.70557029177719
2026-05-03T23:45:00+00:00,8710.91,8725.41,8710.91,8720.92,121
2026-05-04T00:00:00+00:00,8720.92,8733.82,8709.3,8709.32,900
2026-05-04T00:15:00+00:00,8709.32,8716.3,8689.31,8689.31,777
2026-05-04T00:30:00+00:00,8689.31,8697.82,8675.32,8675.32,598
2026-05-04T00:45:00+00:00,8675.32,8713.32,8674.32,8710.8,462
2026-05-04T01:00:00+00:00,8710.8,8723.3,8703.32,8722.82,489
2026-05-04T01:15:00+00:00,8722.82,8738.32,8719.8,8721.8,527
2026-05-04T01:30:00+00:00,8721.8,8725.8,8716.31,8717.31,440
2026-05-04T01:45:00+00:00,8717.31,8718.32,8709.8,8711.81,237
2026-05-04T02:00:00+00:00,8711.81,8714.82,8701.31,8708.31,331
2026-05-04T02:15:00+00:00,8708.31,8708.31,8692.3,8695.3,312
2026-05-04T02:30:00+00:00,8695.3,8701.32,8690.31,8692.32,331
2026-05-04T02:45:00+00:00,8692.32,8699.32,8691.3,8693.81,203
2026-05-04T03:00:00+00:00,8693.81,8694.3,8687.31,8690.81,192
2026-05-04T03:15:00+00:00,8690.81,8701.31,8690.3,8697.81,211
2026-05-04T03:30:00+00:00,8697.81,8697.81,8688.3,8691.32,105
2026-05-04T03:45:00+00:00,8691.32,8701.3,8691.31,8694.3,379
2026-05-04T04:00:00+00:00,8694.3,8696.3,8687.81,8690.3,178
2026-05-04T04:15:00+00:00,8690.3,8691.31,8685.8,8686.8,131
2026-05-04T04:30:00+00:00,8686.8,8688.32,8683.8,8686.8,161.0206489675516
2026-05-04T04:45:00+00:00,8686.8,8691.32,8684.31,8690.3,117
2026-05-04T05:00:00+00:00,8690.3,8694.32,8688.31,8693.8,169
2026-05-04T05:15:00+00:00,8693.8,8700.81,8690.82,8692.32,209
2026-05-04T05:30:00+00:00,8692.32,8699.81,8688.32,8699.81,170
2026-05-04T05:45:00+00:00,8699.81,8702.32,8699.31,8700.32,168
2026-05-04T06:00:00+00:00,8700.32,8702.92,8693.9,8700.91,475
2026-05-04T06:15:00+00:00,8700.91,8701.42,8694.9,8701.22,230
2026-05-04T07:00:00+00:00,8700.22,8700.42,8687.91,8687.92,107
2026-05-04T07:15:00+00:00,8687.92,8689.92,8684.4,8685.91,237
2026-05-04T07:30:00+00:00,8685.91,8689.91,8682.4,8687.4,178
2026-05-04T07:45:00+00:00,8687.4,8688.92,8672.92,8672.92,167
2026-05-04T08:00:00+00:00,8672.92,8673.42,8655.9,8658.91,488
2026-05-04T08:15:00+00:00,8658.91,8659.92,8652.9,8657.9,360
2026-05-04T08:30:00+00:00,8657.9,8661.92,8656.9,8656.91,283
2026-05-04T08:45:00+00:00,8656.91,8658.92,8653.9,8654.9,212
2026-05-04T09:00:00+00:00,8654.9,8661.91,8651.4,8661.42,232
2026-05-04T09:15:00+00:00,8661.42,8662.42,8655.91,8658.91,179
2026-05-04T09:30:00+00:00,8658.91,8665.42,8658.91,8663.42,162
2026-05-04T09:45:00+00:00,8663.42,8667.91,8661.9,8661.91,104
2026-05-04T10:00:00+00:00,8661.91,8663.92,8603.91,8613.91,2694
2026-05-04T10:15:00+00:00,8613.91,8625.92,8598.42,8624.4,1614
2026-05-04T10:30:00+00:00,8624.4,8645.42,8621.4,8643.42,1469
2026-05-04T10:45:00+00:00,8643.42,8649.41,8640.9,8640.9,483
2026-05-04T11:00:00+00:00,8640.9,8652.42,8637.4,8643.9,825
2026-05-04T11:15:00+00:00,8643.9,8651.42,8643.4,8645.4,440
2026-05-04T11:30:00+00:00,8645.4,8648.92,8638.4,8644.91,711
2026-05-04T11:45:00+00:00,8644.91,8653.92,8640.42,8651.41,440
2026-05-04T12:00:00+00:00,8651.41,8660.42,8651.41,8659.4,394
2026-05-04T12:15:00+00:00,8659.4,8675.92,8656.9,8673.9,695
2026-05-04T12:30:00+00:00,8673.9,8682.92,8669.9,8682.91,509
2026-05-04T12:45:00+00:00,8682.91,8685.92,8674.4,8676.9,462
2026-05-04T13:00:00+00:00,8676.9,8686.41,8658.4,8673.91,1322
2026-05-04T13:15:00+00:00,8673.91,8675.92,8665.4,8669.41,405
2026-05-04T13:30:00+00:00,8669.41,8679.41,8661.4,8673.91,1093
2026-05-04T13:45:00+00:00,8673.91,8684.9,8671.4,8682.91,720
2026-05-04T14:00:00+00:00,8682.91,8689.92,8673.91,8683.92,807
2026-05-04T14:15:00+00:00,8683.92,8698.92,8682.9,8692.92,543
2026-05-04T14:30:00+00:00,8692.92,8698.42,8690.4,8690.9,457
2026-05-04T14:45:00+00:00,8690.9,8694.91,8673.4,8674.91,737
2026-05-04T15:00:00+00:00,8674.91,8680.9,8665.9,8670.92,975
2026-05-04T15:15:00+00:00,8670.92,8675.4,8635.9,8649.91,2170
2026-05-04T15:30:00+00:00,8649.91,8651.92,8640.9,8649.92,1526
2026-05-04T15:45:00+00:00,8649.92,8651.42,8633.91,8646.41,1323
2026-05-04T16:00:00+00:00,8646.41,8649.92,8623.4,8629.4,1504
2026-05-04T16:15:00+00:00,8629.4,8646.42,8623.9,8631.92,1244
2026-05-04T16:30:00+00:00,8631.92,8634.92,8619.9,8619.92,762
2026-05-04T16:45:00+00:00,8619.92,8622.9,8615.91,8617.9,591
2026-05-04T17:00:00+00:00,8617.9,8633.41,8616.92,8632.41,628
2026-05-04T17:15:00+00:00,8632.41,8645.42,8629.41,8641.92,738
2026-05-04T17:30:00+00:00,8641.92,8642.92,8632.9,8637.9,369
2026-05-04T17:45:00+00:00,8637.9,8639.92,8636.4,8636.4,146
2026-05-04T18:00:00+00:00,8636.4,8641.42,8635.9,8638.91,193
2026-05-04T18:15:00+00:00,8638.91,8638.91,8625.91,8630.9,238
2026-05-04T18:30:00+00:00,8630.9,8631.92,8624.91,8625.92,237
2026-05-04T18:45:00+00:00,8625.92,8629.42,8622.92,8628.92,307
2026-05-04T19:00:00+00:00,8628.92,8638.42,8624.91,8636.41,523
2026-05-04T19:15:00+00:00,8636.41,8637.91,8631.4,8633.91,263
2026-05-04T19:30:00+00:00,8633.91,8636.42,8631.4,8632.92,185
2026-05-04T19:45:00+00:00,8632.92,8637.9,8631.4,8635.91,365
2026-05-04T20:00:00+00:00,8635.91,8637.41,8632.91,8634.9,98
2026-05-04T20:15:00+00:00,8634.9,8636.4,8632.4,8636.4,59
2026-05-04T20:30:00+00:00,8636.4,8636.91,8634.9,8634.91,38
2026-05-04T20:45:00+00:00,8634.91,8650.71,8628.22,8643.22,46
2026-05-04T23:00:00+00:00,8630.21,8635.21,8629.21,8634.21,99.15786644660847
2026-05-04T23:15:00+00:00,8634.21,8634.21,8631.21,8633.21,58.19765069229672
2026-05-04T23:30:00+00:00,8633.21,8637.21,8631.21,8632.21,133.38634453790445
2026-05-04T23:45:00+00:00,8632.21,8637.21,8619.77,8630.77,222.26004260885696
2026-05-05T00:00:00+00:00,8630.77,8659.68,8630.77,8648.19,831
2026-05-05T00:15:00+00:00,8648.19,8653.19,8630.18,8631.67,609
2026-05-05T00:30:00+00:00,8631.67,8637.69,8627.17,8627.69,372
2026-05-05T00:45:00+00:00,8627.69,8633.69,8623.17,8623.67,297
2026-05-05T01:00:00+00:00,8623.67,8625.18,8608.67,8625.18,434
2026-05-05T01:15:00+00:00,8625.18,8628.18,8614.67,8618.17,330
2026-05-05T01:30:00+00:00,8618.17,8628.17,8616.17,8618.67,409
2026-05-05T01:45:00+00:00,8618.67,8628.19,8616.17,8617.69,289
2026-05-05T02:00:00+00:00,8617.69,8635.19,8617.69,8635.19,245
2026-05-05T02:15:00+00:00,8635.19,8637.19,8634.17,8636.67,158
2026-05-05T02:30:00+00:00,8636.67,8648.19,8636.18,8647.19,124
2026-05-05T02:45:00+00:00,8647.19,8648.17,8638.17,8641.17,213.04781281790437
2026-05-05T03:00:00+00:00,8641.17,8641.18,8630.19,8640.19,138
2026-05-05T03:15:00+00:00,8640.19,8642.17,8636.67,8637.19,86
2026-05-05T03:30:00+00:00,8637.19,8641.69,8636.19,8640.17,94
2026-05-05T03:45:00+00:00,8640.17,8645.19,8640.17,8642.69,102
2026-05-05T04:00:00+00:00,8642.69,8650.19,8641.67,8646.18,116
2026-05-05T04:15:00+00:00,8646.18,8646.18,8635.68,8636.19,176
2026-05-05T04:30:00+00:00,8636.19,8642.19,8622.17,8641.67,607
2026-05-05T04:45:00+00:00,8641.67,8651.18,8641.67,8649.18,211
2026-05-05T05:00:00+00:00,8649.18,8651.69,8642.18,8651.67,219
2026-05-05T05:15:00+00:00,8651.67,8657.18,8650.17,8651.19,173
2026-05-05T05:30:00+00:00,8651.19,8671.19,8648.17,8667.69,606
2026-05-05T05:45:00+00:00,8667.69,8670.17,8661.18,8666.18,333
2026-05-05T06:00:00+00:00,8666.18,8672.789999999999,8663.77,8666.27,687
2026-05-05T06:15:00+00:00,8666.27,8667.789999999999,8655.77,8657.59,411
2026-05-05T07:00:00+00:00,8667.6,8680.28,8667.6,8678.28,168
2026-05-05T07:15:00+00:00,8678.28,8687.8,8675.8,8681.79,327
2026-05-05T07:30:00+00:00,8681.79,8696.8,8680.79,8688.79,705
2026-05-05T07:45:00+00:00,8688.79,8689.79,8675.78,8677.28,482
2026-05-05T08:00:00+00:00,8677.28,8689.8,8676.79,8687.79,442
2026-05-05T08:15:00+00:00,8687.79,8694.3,8685.78,8689.79,422
2026-05-05T08:30:00+00:00,8689.79,8693.8,8687.78,8688.78,355
2026-05-05T08:45:00+00:00,8688.78,8692.3,8687.29,8690.28,355
2026-05-05T09:00:00+00:00,8690.28,8690.79,8680.79,8687.28,405
2026-05-05T09:15:00+00:00,8687.28,8688.8,8683.78,8687.8,319
2026-05-05T09:30:00+00:00,8687.8,8694.8,8686.29,8693.28,333
2026-05-05T09:45:00+00:00,8693.28,8695.8,8686.78,8691.29,236
2026-05-05T10:00:00+00:00,8691.29,8692.3,8688.28,8689.28,247
2026-05-05T10:15:00+00:00,8689.28,8691.3,8686.28,8691.3,149
2026-05-05T10:30:00+00:00,8691.3,8702.79,8689.78,8690.78,360
2026-05-05T10:45:00+00:00,8690.78,8695.8,8689.3,8695.3,208
2026-05-05T11:00:00+00:00,8695.3,8697.29,8679.28,8681.28,480
2026-05-05T11:15:00+00:00,8681.28,8686.79,8676.79,8684.79,413
2026-05-05T11:30:00+00:00,8684.79,8691.3,8683.79,8688.78,249
2026-05-05T11:45:00+00:00,8688.78,8688.8,8685.29,8687.78,237
2026-05-05T12:00:00+00:00,8687.78,8696.29,8679.28,8693.78,647
2026-05-05T12:15:00+00:00,8693.78,8698.8,8690.79,8695.3,559
2026-05-05T12:30:00+00:00,8695.3,8696.3,8684.78,8685.79,330
2026-05-05T12:45:00+00:00,8685.79,8686.79,8680.78,8682.3,250
2026-05-05T13:00:00+00:00,8682.3,8695.8,8679.78,8690.78,342
2026-05-05T13:15:00+00:00,8690.78,8692.8,8684.79,8688.8,340
2026-05-05T13:30:00+00:00,8688.8,8691.3,8665.78,8669.78,630
2026-05-05T13:45:00+00:00,8669.78,8682.8,8669.28,8679.8,457
2026-05-05T14:00:00+00:00,8679.8,8694.8,8678.78,8682.8,804
2026-05-05T14:15:00+00:00,8682.8,8692.8,8667.78,8688.79,1084
2026-05-05T14:30:00+00:00,8688.79,8691.79,8676.78,8690.28,587
2026-05-05T14:45:00+00:00,8690.28,8691.28,8684.28,8690.8,533
2026-05-05T15:00:00+00:00,8690.8,8696.8,8688.78,8695.28,400
2026-05-05T15:15:00+00:00,8695.28,8703.79,8695.28,8703.78,346
2026-05-05T15:30:00+00:00,8703.78,8708.29,8698.28,8705.79,488
2026-05-05T15:45:00+00:00,8705.79,8708.8,8701.79,8701.8,345
2026-05-05T16:00:00+00:00,8701.8,8712.29,8701.29,8708.28,261
2026-05-05T16:15:00+00:00,8708.28,8710.8,8704.78,8709.79,223
2026-05-05T16:30:00+00:00,8709.79,8710.28,8705.78,8708.78,149
2026-05-05T16:45:00+00:00,8708.78,8710.29,8706.78,8706.78,108
2026-05-05T17:00:00+00:00,8706.78,8709.8,8704.28,8706.8,124
2026-05-05T17:15:00+00:00,8706.8,8712.79,8706.78,8712.28,125.9013709063214
2026-05-05T17:30:00+00:00,8712.28,8715.8,8710.79,8710.79,154
2026-05-05T17:45:00+00:00,8710.79,8713.8,8710.78,8712.8,92.9149177538287
2026-05-05T18:00:00+00:00,8712.8,8715.78,8712.28,8715.78,87
2026-05-05T18:15:00+00:00,8715.78,8715.78,8713.28,8714.78,93.14889466840052
2026-05-05T18:30:00+00:00,8714.78,8716.79,8712.78,8715.8,78
2026-05-05T18:45:00+00:00,8715.8,8718.78,8715.78,8717.79,105
2026-05-05T19:00:00+00:00,8717.79,8718.8,8712.78,8712.78,82.40845070422534
2026-05-05T19:15:00+00:00,8712.78,8713.8,8708.78,8709.78,127
2026-05-05T19:30:00+00:00,8709.78,8712.8,8709.28,8710.79,90
2026-05-05T19:45:00+00:00,8710.79,8710.8,8701.78,8706.78,299
2026-05-05T20:00:00+00:00,8706.78,8706.8,8703.78,8704.78,69.31498260052639
2026-05-05T20:15:00+00:00,8705.78,8709.8,8703.78,8708.3,101
2026-05-05T20:30:00+00:00,8708.3,8709.3,8705.78,8706.28,67
2026-05-05T20:45:00+00:00,8706.28,8706.8,8700.1,8705.08,67
2026-05-05T23:00:00+00:00,8731.91,8738.91,8714.91,8735.91,262.98194964509895
2026-05-05T23:15:00+00:00,8735.91,8735.91,8723.91,8724.91,152.09353216580064
2026-05-05T23:30:00+00:00,8724.91,8740.91,8719.91,8738.91,227.55182183293735
2026-05-05T23:45:00+00:00,8738.91,8775.8,8733.91,8765.8,347.73780421901444
2026-05-06T00:00:00+00:00,8765.8,8773.2,8751.68,8755.7,698
2026-05-06T00:15:00+00:00,8755.7,8772.2,8748.19,8758.69,473
2026-05-06T00:30:00+00:00,8758.69,8772.2,8757.68,8770.7,378
2026-05-06T00:45:00+00:00,8770.7,8784.2,8770.68,8782.2,290
2026-05-06T01:00:00+00:00,8782.2,8799.18,8782.2,8796.18,399
2026-05-06T01:15:00+00:00,8796.18,8801.2,8794.18,8801.19,334
2026-05-06T01:30:00+00:00,8801.19,8807.2,8797.19,8804.18,275
2026-05-06T01:45:00+00:00,8804.18,8818.2,8801.18,8815.18,325
2026-05-06T02:00:00+00:00,8815.18,8822.2,8810.18,8814.18,309
2026-05-06T02:15:00+00:00,8814.18,8822.19,8814.18,8818.19,159
2026-05-06T02:30:00+00:00,8818.19,8819.7,8808.68,8809.18,170
2026-05-06T02:45:00+00:00,8809.18,8809.18,8795.18,8796.69,130
2026-05-06T03:00:00+00:00,8796.69,8798.2,8786.69,8791.7,179
2026-05-06T03:15:00+00:00,8791.7,8791.7,8783.68,8785.68,104
2026-05-06T03:30:00+00:00,8785.68,8792.2,8785.19,8788.7,190
2026-05-06T03:45:00+00:00,8788.7,8789.19,8784.18,8788.19,102
2026-05-06T04:00:00+00:00,8788.19,8793.2,8787.18,8791.7,115
2026-05-06T04:15:00+00:00,8791.7,8803.69,8791.7,8801.2,184
2026-05-06T04:30:00+00:00,8801.2,8804.2,8799.18,8802.2,165
2026-05-06T04:45:00+00:00,8802.2,8811.2,8802.18,8804.68,157
2026-05-06T05:00:00+00:00,8804.68,8806.19,8801.18,8802.2,194
2026-05-06T05:15:00+00:00,8802.2,8806.19,8796.69,8805.2,202.73866815892558
2026-05-06T05:30:00+00:00,8805.2,8811.19,8803.19,8810.19,243
2026-05-06T05:45:00+00:00,8810.19,8825.2,8809.69,8822.19,305
2026-05-06T06:00:00+00:00,8822.19,8825.789999999999,8817.78,8822.28,576
2026-05-06T06:15:00+00:00,8822.28,8822.28,8807.78,8816.59,278
2026-05-06T07:00:00+00:00,8783.76,8799.47,8783.76,8791.47,202
2026-05-06T07:15:00+00:00,8791.47,8794.97,8787.45,8793.97,294
2026-05-06T07:30:00+00:00,8793.97,8802.47,8789.95,8801.95,288
2026-05-06T07:45:00+00:00,8801.95,8817.47,8801.95,8816.47,527
2026-05-06T08:00:00+00:00,8816.47,8821.97,8813.95,8819.96,572
2026-05-06T08:15:00+00:00,8819.96,8819.96,8813.95,8815.46,380
2026-05-06T08:30:00+00:00,8815.46,8824.97,8814.96,8823.45,288
2026-05-06T08:45:00+00:00,8823.45,8862.47,8821.95,8856.97,2273
2026-05-06T09:00:00+00:00,8856.97,8862.97,8845.95,8857.96,1052
2026-05-06T09:15:00+00:00,8857.96,8868.97,8856.97,8858.95,757
2026-05-06T09:30:00+00:00,8858.95,8873.97,8856.95,8870.96,838
2026-05-06T09:45:00+00:00,8870.96,8877.46,8866.47,8876.95,515
2026-05-06T10:00:00+00:00,8876.95,8886.97,8876.95,8885.46,673
2026-05-06T10:15:00+00:00,8885.46,8892.45,8884.95,8887.45,586
2026-05-06T10:30:00+00:00,8887.45,8898.97,8887.45,8896.95,698
2026-05-06T10:45:00+00:00,8896.95,8909.97,8887.95,8902.96,1291
2026-05-06T11:00:00+00:00,8902.96,8910.47,8896.96,8905.97,1071
2026-05-06T11:15:00+00:00,8905.97,8909.97,8901.95,8901.96,464
2026-05-06T11:30:00+00:00,8901.96,8906.47,8895.46,8896.46,752
2026-05-06T11:45:00+00:00,8896.46,8899.97,8889.97,8892.97,636
2026-05-06T12:00:00+00:00,8892.97,8893.45,8867.46,8871.47,910
2026-05-06T12:15:00+00:00,8871.47,8880.97,8858.46,8874.97,1080
2026-05-06T12:30:00+00:00,8874.97,8876.97,8867.95,8870.47,581
2026-05-06T12:45:00+00:00,8870.47,8872.96,8859.95,8863.47,599
2026-05-06T13:00:00+00:00,8863.47,8865.47,8847.95,8859.47,1125
2026-05-06T13:15:00+00:00,8859.47,8863.97,8852.45,8856.97,641
2026-05-06T13:30:00+00:00,8856.97,8864.97,8852.96,8855.95,1281
2026-05-06T13:45:00+00:00,8855.95,8872.96,8848.96,8867.96,783
2026-05-06T14:00:00+00:00,8867.96,8875.96,8855.96,8867.96,879
2026-05-06T14:15:00+00:00,8867.96,8869.97,8855.47,8857.47,790
2026-05-06T14:30:00+00:00,8857.47,8877.47,8856.46,8877.47,862
2026-05-06T14:45:00+00:00,8877.47,8877.97,8864.46,8871.95,698
2026-05-06T15:00:00+00:00,8871.95,8881.95,8871.95,8880.96,455
2026-05-06T15:15:00+00:00,8880.96,8888.97,8877.47,8883.95,475
2026-05-06T15:30:00+00:00,8883.95,8886.97,8871.96,8877.45,566
2026-05-06T15:45:00+00:00,8877.45,8879.96,8873.46,8874.45,378
2026-05-06T16:00:00+00:00,8874.45,8874.97,8869.47,8873.97,258
2026-05-06T16:15:00+00:00,8873.97,8878.97,8872.96,8876.96,167
2026-05-06T16:30:00+00:00,8876.96,8882.97,8875.95,8880.96,153
2026-05-06T16:45:00+00:00,8880.96,8880.97,8867.96,8873.97,472
2026-05-06T17:00:00+00:00,8873.97,8883.96,8871.45,8879.45,248
2026-05-06T17:15:00+00:00,8879.45,8879.97,8877.47,8878.96,138
2026-05-06T17:30:00+00:00,8878.96,8880.96,8875.96,8878.96,133
2026-05-06T17:45:00+00:00,8878.96,8879.96,8875.96,8878.46,128
2026-05-06T18:00:00+00:00,8878.46,8881.97,8877.96,8879.96,110
2026-05-06T18:15:00+00:00,8879.96,8884.97,8879.96,8881.95,122
2026-05-06T18:30:00+00:00,8881.95,8884.47,8878.95,8879.95,97
2026-05-06T18:45:00+00:00,8879.95,8880.97,8878.96,8879.95,122
2026-05-06T19:00:00+00:00,8879.95,8888.95,8879.95,8887.96,147
2026-05-06T19:15:00+00:00,8887.96,8889.96,8885.45,8886.97,127
2026-05-06T19:30:00+00:00,8886.97,8886.97,8882.95,8882.96,88
2026-05-06T19:45:00+00:00,8882.96,8890.45,8880.95,8885.47,389
2026-05-06T20:00:00+00:00,8885.47,8889.489999999998,8883.96,8888.47,125.84289080911233
2026-05-06T20:15:00+00:00,8888.47,8889.479999999998,8886.479999999998,8887.97,44.67176521927658
2026-05-06T20:30:00+00:00,8887.97,8887.989999999998,8882.479999999998,8882.97,70
2026-05-06T20:45:00+00:00,8882.97,8883.269999999999,8873.769999999999,8883.269999999999,65
2026-05-06T23:00:00+00:00,8857.91,8872.91,8851.91,8867.91,130.47535131551282
2026-05-06T23:15:00+00:00,8867.91,8870.91,8859.91,8861.91,111.2432913412247
2026-05-06T23:30:00+00:00,8861.91,8868.91,8859.91,8868.91,163.5852549904152
2026-05-06T23:45:00+00:00,8868.91,8878.91,8830.48,8834.48,462.2557179310811
2026-05-07T00:00:00+00:00,8834.48,8863.39,8834.48,8859.38,1073
2026-05-07T00:15:00+00:00,8859.38,8860.4,8846.39,8849.89,508
2026-05-07T00:30:00+00:00,8849.89,8855.4,8839.88,8843.39,342
2026-05-07T00:45:00+00:00,8843.39,8850.9,8836.89,8837.38,255
2026-05-07T01:00:00+00:00,8837.38,8837.9,8825.89,8834.4,476
2026-05-07T01:15:00+00:00,8834.4,8839.38,8825.88,8832.88,337
2026-05-07T01:30:00+00:00,8832.88,8845.9,8828.88,8842.88,254
2026-05-07T01:45:00+00:00,8842.88,8848.9,8838.88,8842.88,220
2026-05-07T02:00:00+00:00,8842.88,8849.89,8842.38,8846.88,122
2026-05-07T02:15:00+00:00,8846.88,8850.9,8839.38,8841.38,230
2026-05-07T02:30:00+00:00,8841.38,8850.38,8836.9,8847.39,231
2026-05-07T02:45:00+00:00,8847.39,8849.89,8840.88,8845.89,143
2026-05-07T03:00:00+00:00,8845.89,8845.89,8837.88,8838.88,135.17515274949085
2026-05-07T03:15:00+00:00,8838.88,8843.38,8837.39,8840.89,93
2026-05-07T03:30:00+00:00,8840.89,8844.9,8839.88,8844.9,114
2026-05-07T03:45:00+00:00,8844.9,8847.39,8839.89,8839.89,92
2026-05-07T04:00:00+00:00,8839.89,8842.4,8835.88,8838.9,117
2026-05-07T04:15:00+00:00,8838.9,8838.9,8833.88,8836.4,68
2026-05-07T04:30:00+00:00,8836.4,8836.4,8830.88,8833.4,79.60362280234416
2026-05-07T04:45:00+00:00,8833.4,8839.9,8832.88,8834.89,144
2026-05-07T05:00:00+00:00,8834.89,8837.9,8832.88,8833.88,108
2026-05-07T05:15:00+00:00,8833.88,8835.9,8829.89,8834.89,117.05996472663139
2026-05-07T05:30:00+00:00,8834.89,8839.9,8834.88,8837.4,131.09350333940498
2026-05-07T05:45:00+00:00,8837.4,8840.9,8835.88,8840.88,122
2026-05-07T06:00:00+00:00,8840.88,8854,8838.48,8848.49,579
2026-05-07T06:15:00+00:00,8848.49,8854.5,8847.49,8852.789999999999,416
2026-05-07T07:00:00+00:00,8876.13,8898.82,8876.12,8897.84,357
2026-05-07T07:15:00+00:00,8897.84,8899.84,8883.83,8886.82,537
2026-05-07T07:30:00+00:00,8886.82,8888.84,8882.32,8886.33,459
2026-05-07T07:45:00+00:00,8886.33,8886.84,8879.34,8881.82,321
2026-05-07T08:00:00+00:00,8881.82,8887.84,8880.82,8886.33,527
2026-05-07T08:15:00+00:00,8886.33,8887.34,8873.82,8880.32,642
2026-05-07T08:30:00+00:00,8880.32,8883.83,8875.83,8875.83,347
2026-05-07T08:45:00+00:00,8875.83,8878.84,8871.34,8872.84,278
2026-05-07T09:00:00+00:00,8872.84,8872.84,8862.82,8866.84,356
2026-05-07T09:15:00+00:00,8866.84,8869.84,8863.82,8865.83,216
2026-05-07T09:30:00+00:00,8865.83,8870.34,8863.82,8863.84,242
2026-05-07T09:45:00+00:00,8863.84,8866.84,8858.82,8861.82,285
2026-05-07T10:00:00+00:00,8861.82,8861.84,8852.34,8854.82,295
2026-05-07T10:15:00+00:00,8854.82,8860.34,8853.32,8858.34,196
2026-05-07T10:30:00+00:00,8858.34,8864.33,8853.82,8863.84,283
2026-05-07T10:45:00+00:00,8863.84,8864.82,8858.82,8858.83,209
2026-05-07T11:00:00+00:00,8858.83,8864.83,8858.83,8863.84,284
2026-05-07T11:15:00+00:00,8863.84,8864.84,8858.82,8859.83,344
2026-05-07T11:30:00+00:00,8859.83,8861.34,8855.82,8860.83,311
2026-05-07T11:45:00+00:00,8860.83,8861.34,8854.32,8858.34,202
2026-05-07T12:00:00+00:00,8858.34,8862.34,8853.82,8860.82,247
2026-05-07T12:15:00+00:00,8860.82,8867.84,8857.83,8866.34,303
2026-05-07T12:30:00+00:00,8866.34,8868.84,8863.82,8865.84,283
2026-05-07T12:45:00+00:00,8865.84,8870.84,8865.32,8870.83,330
2026-05-07T13:00:00+00:00,8870.83,8870.83,8856.82,8857.84,425
2026-05-07T13:15:00+00:00,8857.84,8864.33,8854.82,8856.82,373
2026-05-07T13:30:00+00:00,8856.82,8856.82,8835.33,8836.34,714
2026-05-07T13:45:00+00:00,8836.34,8840.32,8821.82,8829.84,769
2026-05-07T14:00:00+00:00,8829.84,8831.84,8824.33,8828.34,537
2026-05-07T14:15:00+00:00,8828.34,8830.34,8813.82,8815.34,630
2026-05-07T14:30:00+00:00,8815.34,8823.83,8815.33,8819.82,514
2026-05-07T14:45:00+00:00,8819.82,8823.84,8818.82,8818.82,384
2026-05-07T15:00:00+00:00,8818.82,8819.82,8806.82,8811.34,376
2026-05-07T15:15:00+00:00,8811.34,8811.84,8791.83,8798.34,892
2026-05-07T15:30:00+00:00,8798.34,8802.34,8786.82,8789.33,624
2026-05-07T15:45:00+00:00,8789.33,8789.84,8772.33,8774.82,537
2026-05-07T16:00:00+00:00,8774.82,8776.34,8760.14,8764.82,881
2026-05-07T16:15:00+00:00,8764.82,8767.34,8753.83,8764.84,905
2026-05-07T16:30:00+00:00,8764.84,8770.84,8758.33,8761.82,545
2026-05-07T16:45:00+00:00,8761.82,8762.84,8756.82,8760.84,528
2026-05-07T17:00:00+00:00,8760.84,8765.84,8757.83,8760.33,498
2026-05-07T17:15:00+00:00,8760.33,8760.84,8726.32,8734.82,1501
2026-05-07T17:30:00+00:00,8734.82,8744.84,8731.32,8738.33,1354
2026-05-07T17:45:00+00:00,8738.33,8752.82,8736.33,8752.32,999
2026-05-07T18:00:00+00:00,8752.32,8755.34,8747.82,8749.32,730
2026-05-07T18:15:00+00:00,8749.32,8753.82,8742.82,8744.33,452
2026-05-07T18:30:00+00:00,8744.33,8746.84,8730.82,8735.34,735
2026-05-07T18:45:00+00:00,8735.34,8738.84,8726.82,8738.34,1198
2026-05-07T19:00:00+00:00,8738.34,8745.34,8733.82,8742.34,558
2026-05-07T19:15:00+00:00,8742.34,8743.33,8725.82,8733.82,879
2026-05-07T19:30:00+00:00,8733.82,8744.83,8732.82,8744.32,387
2026-05-07T19:45:00+00:00,8744.32,8745.84,8724.34,8731.33,864
2026-05-07T20:00:00+00:00,8731.33,8748.34,8729.83,8741.32,576
2026-05-07T20:15:00+00:00,8741.32,8741.84,8738.32,8740.34,119.08954464512847
2026-05-07T20:30:00+00:00,8740.34,8741.83,8722.82,8726.34,436
2026-05-07T20:45:00+00:00,8726.34,8728.33,8718.33,8719.12,206
2026-05-07T23:00:00+00:00,8715.31,8724.31,8713.31,8723.31,285.2359537218765
2026-05-07T23:15:00+00:00,8723.31,8723.31,8716.31,8721.31,164.5583540728058
2026-05-07T23:30:00+00:00,8721.31,8726.31,8719.31,8726.31,167.19623080018573
2026-05-07T23:45:00+00:00,8727.31,8781.909999999998,8716.31,8781.21,538.9905067152905
2026-05-08T00:00:00+00:00,8781.21,8808.289999999999,8765.789999999999,8777.31,1269
2026-05-08T00:15:00+00:00,8777.31,8792.81,8764.81,8777.81,700
2026-05-08T00:30:00+00:00,8777.81,8787.31,8770.31,8770.789999999999,520
2026-05-08T00:45:00+00:00,8770.789999999999,8775.31,8760.31,8773.31,465
2026-05-08T01:00:00+00:00,8773.31,8778.3,8758.3,8758.3,427
2026-05-08T01:15:00+00:00,8758.3,8758.81,8751.289999999999,8755.3,261
2026-05-08T01:30:00+00:00,8755.3,8755.31,8739.3,8744.789999999999,244
2026-05-08T01:45:00+00:00,8744.789999999999,8745.31,8736.289999999999,8738.3,180
2026-05-08T02:00:00+00:00,8738.3,8744.31,8731.289999999999,8744.289999999999,252
2026-05-08T02:15:00+00:00,8744.289999999999,8745.289999999999,8733.3,8737.31,263
2026-05-08T02:30:00+00:00,8737.31,8737.31,8724.289999999999,8734.31,527
2026-05-08T02:45:00+00:00,8734.31,8749.31,8734.289999999999,8736.8,302
2026-05-08T03:00:00+00:00,8736.8,8737.289999999999,8730.289999999999,8730.789999999999,167
2026-05-08T03:15:00+00:00,8730.789999999999,8730.81,8724.3,8726.31,120
2026-05-08T03:30:00+00:00,8726.31,8731.8,8722.789999999999,8724.3,206
2026-05-08T03:45:00+00:00,8724.3,8724.31,8718.789999999999,8720.289999999999,161
2026-05-08T04:00:00+00:00,8720.289999999999,8731.81,8720.289999999999,8725.789999999999,148
2026-05-08T04:15:00+00:00,8725.789999999999,8732.789999999999,8722.289999999999,8732.789999999999,169.39148639218422
2026-05-08T04:30:00+00:00,8732.789999999999,8733.289999999999,8722.289999999999,8723.289999999999,135
2026-05-08T04:45:00+00:00,8723.289999999999,8737.289999999999,8722.31,8731.31,209
2026-05-08T05:00:00+00:00,8731.31,8738.31,8731.31,8736.3,224
2026-05-08T05:15:00+00:00,8736.3,8737.81,8730.789999999999,8736.289999999999,173.69287772745986
2026-05-08T05:30:00+00:00,8736.289999999999,8746.31,8736.289999999999,8745.81,255
2026-05-08T05:45:00+00:00,8745.81,8749.31,8744.789999999999,8746.81,134
2026-05-08T06:00:00+00:00,8746.81,8747.409999999998,8737.89,8740.39,529
2026-05-08T06:15:00+00:00,8740.39,8756.71,8731.89,8755.689999999999,439
2026-05-08T07:00:00+00:00,8747.5,8747.5,8730.72,8731.21,212
2026-05-08T07:15:00+00:00,8731.21,8732.72,8717.71,8723.2,466
2026-05-08T07:30:00+00:00,8723.2,8725.72,8718.2,8719.22,558
2026-05-08T07:45:00+00:00,8719.22,8724.72,8713.72,8723.22,452
2026-05-08T08:00:00+00:00,8723.22,8723.72,8712.71,8716.72,543
2026-05-08T08:15:00+00:00,8716.72,8726.72,8716.71,8724.71,451
2026-05-08T08:30:00+00:00,8724.71,8729.72,8723.2,8723.22,379
2026-05-08T08:45:00+00:00,8723.22,8724.7,8714.71,8715.7,377
2026-05-08T09:00:00+00:00,8715.7,8734.72,8715.7,8734.72,382
2026-05-08T09:15:00+00:00,8734.72,8742.72,8732.2,8741.71,289
2026-05-08T09:30:00+00:00,8741.71,8742.2,8736.21,8738.72,222
2026-05-08T09:45:00+00:00,8738.72,8739.72,8726.21,8731.21,425
2026-05-08T10:00:00+00:00,8731.21,8736.22,8730.7,8735.2,306
2026-05-08T10:15:00+00:00,8735.2,8742.71,8733.71,8740.71,211
2026-05-08T10:30:00+00:00,8740.71,8746.72,8740.2,8745.22,249
2026-05-08T10:45:00+00:00,8745.22,8745.22,8734.21,8742.72,364
2026-05-08T11:00:00+00:00,8742.72,8745.7,8736.2,8736.7,343
2026-05-08T11:15:00+00:00,8736.7,8737.72,8728.21,8733.21,178
2026-05-08T11:30:00+00:00,8733.21,8735.71,8727.72,8728.22,181
2026-05-08T11:45:00+00:00,8728.22,8732.71,8726.2,8731.72,179
2026-05-08T12:00:00+00:00,8731.72,8735.7,8729.7,8731.21,299
2026-05-08T12:15:00+00:00,8731.21,8733.22,8725.7,8727.21,329
2026-05-08T12:30:00+00:00,8727.21,8741.72,8718,8731.21,689
2026-05-08T12:45:00+00:00,8731.21,8738.22,8721.71,8725.7,592
2026-05-08T13:00:00+00:00,8725.7,8728.22,8712.2,8716.72,588
2026-05-08T13:15:00+00:00,8716.72,8732.72,8716.22,8732.22,348
2026-05-08T13:30:00+00:00,8732.22,8738.21,8724.7,8732.71,747
2026-05-08T13:45:00+00:00,8732.71,8743.22,8730.7,8741.72,434
2026-05-08T14:00:00+00:00,8741.72,8741.72,8716.7,8723.22,517
2026-05-08T14:15:00+00:00,8723.22,8732.22,8721.71,8724.71,577
2026-05-08T14:30:00+00:00,8724.71,8727.2,8716.71,8724.7,467
2026-05-08T14:45:00+00:00,8724.7,8727.71,8719.2,8719.71,389
2026-05-08T15:00:00+00:00,8719.71,8723.2,8715.2,8716.7,447
2026-05-08T15:15:00+00:00,8716.7,8718.22,8708.71,8712.72,423
2026-05-08T15:30:00+00:00,8712.72,8720.72,8706.7,8707.7,671
2026-05-08T15:45:00+00:00,8707.7,8711.22,8705.21,8709.729999999998,426.078497295717
2026-05-08T16:00:00+00:00,8709.729999999998,8717.219999999998,8707.21,8708.21,360
2026-05-08T16:15:00+00:00,8708.21,8709.729999999998,8705.71,8709.21,164
2026-05-08T16:30:00+00:00,8709.21,8709.719999999998,8701.21,8703.219999999998,205
2026-05-08T16:45:00+00:00,8703.219999999998,8707.719999999998,8699.229999999998,8699.719999999998,215
2026-05-08T17:00:00+00:00,8699.719999999998,8704.729999999998,8699.21,8704.229999999998,224
2026-05-08T17:15:00+00:00,8704.229999999998,8710.219999999998,8704.219999999998,8708.21,171
2026-05-08T17:30:00+00:00,8708.21,8709.229999999998,8702.21,8704.21,103
2026-05-08T17:45:00+00:00,8704.21,8706.229999999998,8703.71,8704.219999999998,115
2026-05-08T18:00:00+00:00,8704.219999999998,8713.719999999998,8703.21,8711.219999999998,515
2026-05-08T18:15:00+00:00,8711.219999999998,8713.229999999998,8705.21,8706.21,149
2026-05-08T18:30:00+00:00,8706.21,8708.229999999998,8701.229999999998,8701.719999999998,167
2026-05-08T18:45:00+00:00,8701.719999999998,8701.729999999998,8692.21,8694.229999999998,266
2026-05-08T19:00:00+00:00,8694.229999999998,8699.229999999998,8694.21,8698.21,177
2026-05-08T19:15:00+00:00,8698.21,8703.229999999998,8698.21,8702.219999999998,128
2026-05-08T19:30:00+00:00,8702.219999999998,8711.21,8700.71,8709.229999999998,193
2026-05-08T19:45:00+00:00,8709.229999999998,8711.229999999998,8693.219999999998,8709.719999999998,411
2026-05-08T20:00:00+00:00,8709.719999999998,8711.219999999998,8705.229999999998,8706.21,83
2026-05-08T20:15:00+00:00,8706.21,8710.219999999998,8703.71,8709.729999999998,57.01292653915432
2026-05-08T20:30:00+00:00,8709.729999999998,8710.729999999998,8708.71,8709.21,33.98473836778328
2026-05-10T23:45:00+00:00,8709.7,8709.7,8663.03,8684.54,210
2026-05-11T00:00:00+00:00,8684.54,8689.93,8658.92,8660.44,941
2026-05-11T00:15:00+00:00,8660.44,8660.44,8636.92,8656.93,639
2026-05-11T00:30:00+00:00,8656.93,8662.93,8646.94,8660.94,315
2026-05-11T00:45:00+00:00,8660.94,8679.44,8656.94,8665.43,672
2026-05-11T01:00:00+00:00,8665.43,8668.94,8653.92,8657.42,717
2026-05-11T01:15:00+00:00,8657.42,8676.94,8657.42,8670.93,374
2026-05-11T01:30:00+00:00,8670.93,8672.92,8654.92,8664.42,458
2026-05-11T01:45:00+00:00,8664.42,8678.42,8664.42,8675.43,283
2026-05-11T02:00:00+00:00,8675.43,8685.94,8674.92,8685.94,274
2026-05-11T02:15:00+00:00,8685.94,8697.44,8682.92,8694.43,283
2026-05-11T02:30:00+00:00,8694.43,8700.93,8691.94,8696.42,167.35771144278607
2026-05-11T02:45:00+00:00,8696.42,8696.42,8679.94,8681.43,169
2026-05-11T03:00:00+00:00,8681.43,8683.43,8673.92,8680.94,249
2026-05-11T03:15:00+00:00,8680.94,8684.93,8678.42,8681.93,182
2026-05-11T03:30:00+00:00,8681.93,8690.92,8681.93,8689.92,224
2026-05-11T03:45:00+00:00,8689.92,8696.44,8688.42,8688.93,184
2026-05-11T04:00:00+00:00,8688.93,8692.92,8685.43,8691.44,106
2026-05-11T04:15:00+00:00,8691.44,8691.92,8685.42,8685.93,94.67630700778643
2026-05-11T04:30:00+00:00,8685.93,8687.94,8681.93,8686.92,97.70565573973587
2026-05-11T04:45:00+00:00,8686.92,8689.94,8682.92,8683.94,120
2026-05-11T05:00:00+00:00,8683.94,8688.93,8683.94,8686.43,114
2026-05-11T05:15:00+00:00,8686.43,8691.43,8686.43,8690.93,88
2026-05-11T05:30:00+00:00,8690.93,8696.44,8688.93,8691.42,116
2026-05-11T05:45:00+00:00,8691.42,8699.93,8690.94,8696.92,130
2026-05-11T06:00:00+00:00,8696.92,8703.54,8695.02,8698.54,294
2026-05-11T06:15:00+00:00,8698.54,8700.54,8689.04,8700.32,253
2026-05-11T07:00:00+00:00,8699.32,8699.32,8682.82,8696.04,83
2026-05-11T07:15:00+00:00,8696.04,8698.02,8687.02,8687.52,221
2026-05-11T07:30:00+00:00,8687.52,8691.03,8681.53,8685.54,313
2026-05-11T07:45:00+00:00,8685.54,8686.54,8682.52,8684.03,134
2026-05-11T08:00:00+00:00,8684.03,8692.02,8680.53,8690.53,327
2026-05-11T08:15:00+00:00,8690.53,8698.54,8690.53,8694.03,407
2026-05-11T08:30:00+00:00,8694.03,8699.03,8693.04,8693.52,282
2026-05-11T08:45:00+00:00,8693.52,8694.03,8689.04,8690.53,147
2026-05-11T09:00:00+00:00,8690.53,8695.02,8687.52,8692.54,217
2026-05-11T09:15:00+00:00,8692.54,8697.52,8692.02,8695.54,191
2026-05-11T09:30:00+00:00,8695.54,8708.54,8694.52,8708.54,137
2026-05-11T09:45:00+00:00,8708.54,8711.54,8702.52,8702.53,167
2026-05-11T10:00:00+00:00,8702.53,8710.54,8701.52,8708.02,181
2026-05-11T10:15:00+00:00,8708.02,8714.04,8706.52,8712.02,188
2026-05-11T10:30:00+00:00,8712.02,8715.53,8703.02,8705.04,267
2026-05-11T10:45:00+00:00,8705.04,8709.54,8700.54,8703.04,324
2026-05-11T11:00:00+00:00,8703.04,8709.53,8703.04,8707.54,293
2026-05-11T11:15:00+00:00,8707.54,8710.54,8704.53,8710.54,188
2026-05-11T11:30:00+00:00,8710.54,8714.02,8709.02,8709.02,174
2026-05-11T11:45:00+00:00,8709.02,8709.54,8701.52,8706.53,240
2026-05-11T12:00:00+00:00,8706.53,8708.04,8697.02,8704.52,221
2026-05-11T12:15:00+00:00,8704.52,8713.54,8701.53,8713.02,266
2026-05-11T12:30:00+00:00,8713.02,8723.03,8712.52,8715.54,330
2026-05-11T12:45:00+00:00,8715.54,8719.54,8708.52,8719.54,526
2026-05-11T13:00:00+00:00,8719.54,8734.04,8718.03,8733.53,311
2026-05-11T13:15:00+00:00,8733.53,8739.54,8732.03,8737.53,249
2026-05-11T13:30:00+00:00,8737.53,8747.53,8735.52,8740.02,698
2026-05-11T13:45:00+00:00,8740.02,8749.02,8739.54,8742.54,354
2026-05-11T14:00:00+00:00,8742.54,8742.54,8721.02,8727.53,323
2026-05-11T14:15:00+00:00,8727.53,8742.53,8727.53,8738.52,294
2026-05-11T14:30:00+00:00,8738.52,8738.52,8723.03,8729.03,846
2026-05-11T14:45:00+00:00,8729.03,8730.54,8721.02,8723.54,361
2026-05-11T15:00:00+00:00,8723.54,8730.54,8723.03,8727.53,282
2026-05-11T15:15:00+00:00,8727.53,8737.54,8726.03,8734.52,268
2026-05-11T15:30:00+00:00,8734.52,8735.04,8726.04,8727.52,354
2026-05-11T15:45:00+00:00,8727.52,8730.53,8725.02,8727.52,286
2026-05-11T16:00:00+00:00,8727.52,8727.54,8723.52,8723.54,161
2026-05-11T16:15:00+00:00,8723.54,8724.54,8720.52,8721.53,116
2026-05-11T16:30:00+00:00,8721.53,8721.53,8708.52,8713.53,392
2026-05-11T16:45:00+00:00,8713.53,8716.53,8708.53,8712.02,256
2026-05-11T17:00:00+00:00,8712.02,8714.54,8710.02,8714.52,167
2026-05-11T17:15:00+00:00,8714.52,8721.54,8712.02,8720.53,144
2026-05-11T17:30:00+00:00,8720.53,8723.54,8720.03,8721.54,134.7752998480333
2026-05-11T17:45:00+00:00,8721.54,8722.53,8716.02,8718.52,87
2026-05-11T18:00:00+00:00,8718.52,8723.53,8718.52,8720.02,88
2026-05-11T18:15:00+00:00,8720.02,8721.53,8717.52,8720.04,111.63656633221851
2026-05-11T18:30:00+00:00,8720.04,8721.54,8718.52,8719.53,136
2026-05-11T18:45:00+00:00,8719.53,8721.54,8714.53,8714.53,107
2026-05-11T19:00:00+00:00,8714.53,8716.52,8712.02,8712.02,160.15365551425032
2026-05-11T19:15:00+00:00,8712.02,8712.52,8706.54,8706.54,111
2026-05-11T19:30:00+00:00,8706.54,8708.04,8701.02,8701.54,151
2026-05-11T19:45:00+00:00,8701.54,8715.53,8701.54,8715.02,312
2026-05-11T20:00:00+00:00,8715.02,8716.53,8705.52,8712.04,190
2026-05-11T20:15:00+00:00,8712.04,8712.54,8709.54,8711.53,53
2026-05-11T20:30:00+00:00,8711.53,8712.03,8710.52,8711.03,28
2026-05-11T20:45:00+00:00,8711.03,8716.84,8710.52,8711.84,42
2026-05-11T23:00:00+00:00,8721.51,8721.51,8717.51,8717.51,47.233013699352114
2026-05-11T23:15:00+00:00,8717.51,8720.51,8715.51,8715.51,84.94830045388613
2026-05-11T23:30:00+00:00,8715.51,8726.51,8715.51,8724.51,107.81986503300786
2026-05-11T23:45:00+00:00,8724.51,8727.51,8709.01,8721.02,283.2228554906244
2026-05-12T00:00:00+00:00,8721.02,8721.93,8694.91,8694.91,953
2026-05-12T00:15:00+00:00,8694.91,8697.93,8678.41,8681.91,440
2026-05-12T00:30:00+00:00,8681.91,8681.91,8658.41,8665.92,432
2026-05-12T00:45:00+00:00,8665.92,8685.41,8665.92,8679.42,395
2026-05-12T01:00:00+00:00,8679.42,8682.93,8657.91,8659.43,497
2026-05-12T01:15:00+00:00,8659.43,8662.92,8641.43,8645.91,596
2026-05-12T01:30:00+00:00,8645.91,8650.43,8624.92,8648.42,924
2026-05-12T01:45:00+00:00,8648.42,8651.92,8636.91,8641.92,739
2026-05-12T02:00:00+00:00,8641.92,8677.93,8638.41,8677.43,616
2026-05-12T02:15:00+00:00,8677.43,8678.93,8670.41,8673.92,400
2026-05-12T02:30:00+00:00,8673.92,8677.93,8665.91,8674.91,367
2026-05-12T02:45:00+00:00,8674.91,8690.92,8674.41,8687.92,306
2026-05-12T03:00:00+00:00,8687.92,8691.91,8678.41,8683.43,249
2026-05-12T03:15:00+00:00,8683.43,8684.93,8676.91,8682.41,192
2026-05-12T03:30:00+00:00,8682.41,8687.93,8681.43,8686.91,213
2026-05-12T03:45:00+00:00,8686.91,8688.93,8680.92,8685.42,191.60489934513703
2026-05-12T04:00:00+00:00,8685.42,8688.42,8679.42,8682.91,201
2026-05-12T04:15:00+00:00,8682.91,8689.92,8682.91,8687.91,164
2026-05-12T04:30:00+00:00,8687.91,8691.93,8684.91,8691.93,162.98883338230974
2026-05-12T04:45:00+00:00,8691.93,8693.93,8682.93,8684.42,205
2026-05-12T05:00:00+00:00,8684.42,8685.41,8669.92,8671.93,276
2026-05-12T05:15:00+00:00,8671.93,8674.93,8669.41,8674.41,219
2026-05-12T05:30:00+00:00,8674.41,8678.93,8672.43,8675.91,238
2026-05-12T05:45:00+00:00,8675.91,8686.92,8674.91,8682.91,330
2026-05-12T06:00:00+00:00,8682.91,8682.91,8665.01,8673.03,736
2026-05-12T06:15:00+00:00,8673.03,8676.02,8662.52,8665.81,384
2026-05-12T07:00:00+00:00,8652.14,8652.14,8621.14,8636.34,117
2026-05-12T07:15:00+00:00,8636.34,8645.84,8635.34,8645.34,344
2026-05-12T07:30:00+00:00,8645.34,8652.86,8645.34,8651.36,246
2026-05-12T07:45:00+00:00,8651.36,8651.36,8644.84,8645.34,337
2026-05-12T08:00:00+00:00,8645.34,8647.36,8635.85,8640.84,417
2026-05-12T08:15:00+00:00,8640.84,8650.86,8636.85,8645.86,416
2026-05-12T08:30:00+00:00,8645.86,8648.36,8639.86,8642.86,327
2026-05-12T08:45:00+00:00,8642.86,8649.86,8642.84,8645.85,441
2026-05-12T09:00:00+00:00,8645.85,8647.84,8637.84,8640.86,501
2026-05-12T09:15:00+00:00,8640.86,8642.86,8636.85,8638.85,311
2026-05-12T09:30:00+00:00,8638.85,8649.35,8638.85,8642.35,658
2026-05-12T09:45:00+00:00,8642.35,8644.86,8637.85,8641.35,338
2026-05-12T10:00:00+00:00,8641.35,8648.86,8640.84,8647.34,284
2026-05-12T10:15:00+00:00,8647.34,8647.36,8642.84,8647.36,180
2026-05-12T10:30:00+00:00,8647.36,8649.86,8644.36,8645.36,197
2026-05-12T10:45:00+00:00,8645.36,8645.85,8638.84,8641.34,194
2026-05-12T11:00:00+00:00,8641.34,8649.34,8632.34,8638.86,495
2026-05-12T11:15:00+00:00,8638.86,8639.36,8633.84,8637.34,261
2026-05-12T11:30:00+00:00,8637.34,8642.86,8634.84,8640.86,208
2026-05-12T11:45:00+00:00,8640.86,8642.34,8630.84,8633.86,220
2026-05-12T12:00:00+00:00,8633.86,8636.86,8628.34,8630.36,288
2026-05-12T12:15:00+00:00,8630.36,8634.86,8629.36,8633.85,241
2026-05-12T12:30:00+00:00,8633.85,8650.84,8627.15,8646.85,664
2026-05-12T12:45:00+00:00,8646.85,8651.34,8645.85,8648.86,298
2026-05-12T13:00:00+00:00,8648.86,8648.86,8637.85,8638.35,378
2026-05-12T13:15:00+00:00,8638.35,8639.85,8632.34,8634.36,272
2026-05-12T13:30:00+00:00,8634.36,8635.86,8624.36,8630.86,843
2026-05-12T13:45:00+00:00,8630.86,8636.86,8618.84,8621.86,648
2026-05-12T14:00:00+00:00,8621.86,8639.84,8620.36,8638.36,775
2026-05-12T14:15:00+00:00,8638.36,8638.86,8623.84,8629.86,555
2026-05-12T14:30:00+00:00,8629.86,8632.35,8616.84,8628.36,878
2026-05-12T14:45:00+00:00,8628.36,8628.36,8612.36,8614.85,599
2026-05-12T15:00:00+00:00,8614.85,8616.84,8608.85,8609.86,538
2026-05-12T15:15:00+00:00,8609.86,8609.86,8590.34,8602.84,615
2026-05-12T15:30:00+00:00,8602.84,8619.86,8602.35,8619.85,750
2026-05-12T15:45:00+00:00,8619.85,8623.86,8608.35,8608.85,415
2026-05-12T16:00:00+00:00,8608.85,8615.86,8604.84,8612.85,436
2026-05-12T16:15:00+00:00,8612.85,8618.34,8608.35,8608.35,367
2026-05-12T16:30:00+00:00,8608.35,8612.36,8605.84,8606.85,315
2026-05-12T16:45:00+00:00,8606.85,8611.85,8602.84,8610.86,313
2026-05-12T17:00:00+00:00,8610.86,8620.84,8609.35,8620.84,297
2026-05-12T17:15:00+00:00,8620.84,8628.85,8620.84,8623.84,321
2026-05-12T17:30:00+00:00,8623.84,8627.86,8622.34,8625.86,222
2026-05-12T17:45:00+00:00,8625.86,8628.86,8624.84,8627.86,215
2026-05-12T18:00:00+00:00,8627.86,8631.86,8625.85,8629.84,324
2026-05-12T18:15:00+00:00,8629.84,8641.36,8628.84,8637.84,285
2026-05-12T18:30:00+00:00,8637.84,8639.86,8635.84,8636.85,163
2026-05-12T18:45:00+00:00,8636.85,8636.86,8631.34,8631.86,165
2026-05-12T19:00:00+00:00,8631.86,8645.86,8631.84,8643.35,134
2026-05-12T19:15:00+00:00,8643.35,8645.35,8634.84,8636.85,134
2026-05-12T19:30:00+00:00,8636.85,8645.86,8636.85,8645.85,179
2026-05-12T19:45:00+00:00,8645.85,8653.35,8644.36,8650.86,310
2026-05-12T20:00:00+00:00,8650.86,8651.86,8643.84,8646.84,105
2026-05-12T20:15:00+00:00,8646.84,8647.86,8645.34,8645.84,63
2026-05-12T20:30:00+00:00,8645.84,8646.36,8644.34,8645.86,38
2026-05-12T20:45:00+00:00,8645.86,8646.64,8639.16,8646.64,49
2026-05-12T23:00:00+00:00,8644.81,8647.81,8637.81,8639.81,113.2178930893146
2026-05-12T23:15:00+00:00,8639.81,8639.81,8632.81,8634.81,102.41939837119071
2026-05-12T23:30:00+00:00,8634.81,8644.81,8629.81,8640.81,202.85395592649462
2026-05-12T23:45:00+00:00,8640.81,8641.81,8615.57,8618.08,372.747179110238
2026-05-13T00:00:00+00:00,8618.08,8623.47,8575.98,8577.48,1519
2026-05-13T00:15:00+00:00,8577.48,8601.48,8576.960000000001,8595.47,1081
2026-05-13T00:30:00+00:00,8595.47,8618.48,8585.47,8604.97,745
2026-05-13T00:45:00+00:00,8604.97,8629.48,8600.460000000001,8623.48,632
2026-05-13T01:00:00+00:00,8623.48,8630.48,8612.960000000001,8619.48,618
2026-05-13T01:15:00+00:00,8619.48,8637.48,8614.48,8637.48,580
2026-05-13T01:30:00+00:00,8637.48,8640.48,8632.460000000001,8633.97,392
2026-05-13T01:45:00+00:00,8633.97,8644.48,8633.97,8636.460000000001,429
2026-05-13T02:00:00+00:00,8636.460000000001,8643.47,8633.48,8634.48,339
2026-05-13T02:15:00+00:00,8634.48,8641.98,8630.98,8636.47,248
2026-05-13T02:30:00+00:00,8636.47,8640.47,8621.47,8622.48,227
2026-05-13T02:45:00+00:00,8622.48,8636.48,8622.48,8627.48,276
2026-05-13T03:00:00+00:00,8627.48,8628.48,8617.460000000001,8617.97,199
2026-05-13T03:15:00+00:00,8617.97,8631.98,8617.460000000001,8622.48,228
2026-05-13T03:30:00+00:00,8622.48,8627.97,8622.47,8625.48,184
2026-05-13T03:45:00+00:00,8625.48,8633.98,8624.960000000001,8627.460000000001,151
2026-05-13T04:00:00+00:00,8627.460000000001,8627.48,8620.960000000001,8621.98,92
2026-05-13T04:15:00+00:00,8621.98,8624.97,8617.97,8617.97,99.83392112856686
2026-05-13T04:30:00+00:00,8617.97,8617.97,8612.460000000001,8612.960000000001,193
2026-05-13T04:45:00+00:00,8612.960000000001,8621.48,8612.460000000001,8618.98,219
2026-05-13T05:00:00+00:00,8618.98,8620.48,8614.460000000001,8617.97,195
2026-05-13T05:15:00+00:00,8617.97,8617.98,8610.460000000001,8616.960000000001,162
2026-05-13T05:30:00+00:00,8616.960000000001,8626.47,8615.960000000001,8625.97,239
2026-05-13T05:45:00+00:00,8625.97,8627.48,8620.460000000001,8622.47,162
2026-05-13T06:00:00+00:00,8622.47,8623.58,8617.56,8617.56,291
2026-05-13T06:15:00+00:00,8617.56,8619.06,8611.56,8618.36,196
2026-05-13T07:00:00+00:00,8626.19,8626.19,8616.9,8623.9,122
2026-05-13T07:15:00+00:00,8623.9,8625.91,8622.91,8623.9,138.11356170811825
2026-05-13T07:30:00+00:00,8623.9,8634.91,8622.91,8634.4,185
2026-05-13T07:45:00+00:00,8634.4,8637.41,8627.89,8630.89,188
2026-05-13T08:00:00+00:00,8630.89,8634.91,8627.89,8633.39,247
2026-05-13T08:15:00+00:00,8633.39,8638.9,8631.89,8636.41,204
2026-05-13T08:30:00+00:00,8636.41,8637.9,8629.9,8630.41,139
2026-05-13T08:45:00+00:00,8630.41,8630.89,8619.9,8621.39,194
2026-05-13T09:00:00+00:00,8621.39,8622.9,8608.89,8608.89,232
2026-05-13T09:15:00+00:00,8608.89,8610.89,8602.89,8602.91,139
2026-05-13T09:30:00+00:00,8602.91,8602.91,8593.9,8596.91,243
2026-05-13T09:45:00+00:00,8596.91,8603.39,8594.89,8600.9,156
2026-05-13T10:00:00+00:00,8600.9,8607.39,8592.4,8594.41,301
2026-05-13T10:15:00+00:00,8594.41,8595.41,8581.39,8581.39,354
2026-05-13T10:30:00+00:00,8581.39,8590.91,8577.9,8590.91,277
2026-05-13T10:45:00+00:00,8590.91,8592.91,8583.39,8583.41,159
2026-05-13T11:00:00+00:00,8583.41,8587.41,8580.89,8584.91,272
2026-05-13T11:15:00+00:00,8584.91,8588.91,8584.39,8585.89,120
2026-05-13T11:30:00+00:00,8585.89,8600.91,8585.39,8590.91,198
2026-05-13T11:45:00+00:00,8590.91,8595.89,8590.39,8595.39,180
2026-05-13T12:00:00+00:00,8595.39,8597.91,8593.9,8596.4,185
2026-05-13T12:15:00+00:00,8596.4,8596.9,8584.9,8584.9,253
2026-05-13T12:30:00+00:00,8584.9,8584.9,8555.89,8559.4,653
2026-05-13T12:45:00+00:00,8559.4,8573.91,8558.89,8570.9,386
2026-05-13T13:00:00+00:00,8570.9,8582.91,8570.9,8578.89,305
2026-05-13T13:15:00+00:00,8578.89,8581.91,8576.89,8581.91,207
2026-05-13T13:30:00+00:00,8581.91,8589.9,8579.39,8588.39,813
2026-05-13T13:45:00+00:00,8588.39,8594.39,8583.89,8586.9,666
2026-05-13T14:00:00+00:00,8586.9,8593.89,8582.9,8589.9,465
2026-05-13T14:15:00+00:00,8589.9,8599.91,8587.89,8597.4,303
2026-05-13T14:30:00+00:00,8597.4,8602.9,8594.89,8597.41,278
2026-05-13T14:45:00+00:00,8597.41,8599.91,8591.89,8592.41,263
2026-05-13T15:00:00+00:00,8592.41,8595.91,8587.89,8589.41,267
2026-05-13T15:15:00+00:00,8589.41,8591.4,8582.41,8584.89,217
2026-05-13T15:30:00+00:00,8584.89,8601.89,8579.91,8596.91,387
2026-05-13T15:45:00+00:00,8596.91,8596.91,8587.39,8588.41,214
2026-05-13T16:00:00+00:00,8588.41,8591.9,8585.89,8590.89,186
2026-05-13T16:15:00+00:00,8590.89,8607.41,8589.89,8597.91,512
2026-05-13T16:30:00+00:00,8597.91,8599.39,8592.9,8592.9,251
2026-05-13T16:45:00+00:00,8592.9,8594.9,8589.89,8592.91,223
2026-05-13T17:00:00+00:00,8592.91,8594.91,8589.89,8590.9,162
2026-05-13T17:15:00+00:00,8590.9,8594.4,8588.89,8592.91,104
2026-05-13T17:30:00+00:00,8592.91,8592.91,8586.9,8589.9,119.34133611691023
2026-05-13T17:45:00+00:00,8589.9,8592.39,8584.89,8584.89,104.62059620596206
2026-05-13T18:00:00+00:00,8584.89,8585.91,8581.9,8585.39,125
2026-05-13T18:15:00+00:00,8585.39,8589.4,8585.39,8585.91,166
2026-05-13T18:30:00+00:00,8585.91,8586.9,8579.89,8582.91,148
2026-05-13T18:45:00+00:00,8582.91,8586.89,8580.9,8583.9,223
2026-05-13T19:00:00+00:00,8583.9,8592.91,8583.4,8592.91,129
2026-05-13T19:15:00+00:00,8592.91,8597.91,8589.89,8596.89,115
2026-05-13T19:30:00+00:00,8596.89,8599.91,8594.9,8596.9,91
2026-05-13T19:45:00+00:00,8596.9,8604.91,8595.89,8602.39,320
2026-05-13T20:00:00+00:00,8602.39,8603.4,8598.39,8600.89,93.57861635220127
2026-05-13T20:15:00+00:00,8600.89,8601.39,8600.39,8600.9,29.175942736930786
2026-05-13T20:30:00+00:00,8600.9,8603.9,8600.9,8603.38,32.11058083827573
2026-05-13T20:45:00+00:00,8603.38,8606.199999999999,8602.88,8606.199999999999,34.10045248868778
2026-05-13T23:00:00+00:00,8610.91,8612.91,8606.91,8611.91,126.79368031646317
2026-05-13T23:15:00+00:00,8611.91,8612.91,8607.91,8608.91,72.5525885894343
2026-05-13T23:30:00+00:00,8608.91,8610.91,8602.91,8609.91,163.00674194023907
2026-05-13T23:45:00+00:00,8609.91,8620.86,8609.41,8612.36,267.29747632926865
2026-05-14T00:00:00+00:00,8612.36,8622.28,8601.27,8619.78,1061
2026-05-14T00:15:00+00:00,8619.78,8632.27,8617.27,8626.76,641
2026-05-14T00:30:00+00:00,8626.76,8635.76,8619.76,8622.76,445
2026-05-14T00:45:00+00:00,8622.76,8642.76,8618.77,8642.26,380
2026-05-14T01:00:00+00:00,8642.26,8645.78,8623.28,8624.77,482
2026-05-14T01:15:00+00:00,8624.77,8629.28,8620.28,8627.78,358
2026-05-14T01:30:00+00:00,8627.78,8630.26,8610.26,8614.28,407
2026-05-14T01:45:00+00:00,8614.28,8616.27,8607.27,8608.27,300
2026-05-14T02:00:00+00:00,8608.27,8622.78,8606.28,8621.26,280
2026-05-14T02:15:00+00:00,8621.26,8629.27,8616.26,8626.26,233
2026-05-14T02:30:00+00:00,8626.26,8629.28,8621.76,8624.78,182
2026-05-14T02:45:00+00:00,8624.78,8624.78,8614.26,8619.27,262
2026-05-14T03:00:00+00:00,8619.27,8620.28,8613.26,8614.76,196
2026-05-14T03:15:00+00:00,8614.76,8620.27,8612.26,8617.78,217
2026-05-14T03:30:00+00:00,8617.78,8620.27,8614.76,8617.26,256
2026-05-14T03:45:00+00:00,8617.26,8617.28,8609.26,8611.78,217.004572175049
2026-05-14T04:00:00+00:00,8611.78,8614.27,8607.27,8611.77,205
2026-05-14T04:15:00+00:00,8611.77,8622.28,8610.26,8620.76,129
2026-05-14T04:30:00+00:00,8620.76,8621.26,8615.26,8618.26,125
2026-05-14T04:45:00+00:00,8618.26,8620.78,8613.26,8615.27,164.90642518326865
2026-05-14T05:00:00+00:00,8615.27,8621.27,8613.28,8615.26,169
2026-05-14T05:15:00+00:00,8615.26,8619.28,8613.28,8617.28,257.6535433070866
2026-05-14T05:30:00+00:00,8617.28,8622.26,8612.77,8621.28,240
2026-05-14T05:45:00+00:00,8621.28,8631.28,8621.28,8630.27,498
2026-05-14T06:00:00+00:00,8630.27,8638.87,8627.880000000001,8638.86,365
2026-05-14T06:15:00+00:00,8638.86,8645.880000000001,8634.87,8643.18,296
2026-05-14T07:00:00+00:00,8640.48,8643.16,8632.66,8642.16,150
2026-05-14T07:15:00+00:00,8642.16,8645.68,8635.16,8637.67,147
2026-05-14T07:30:00+00:00,8637.67,8646.17,8636.16,8642.18,184
2026-05-14T07:45:00+00:00,8642.18,8645.18,8634.16,8634.67,166
2026-05-14T08:00:00+00:00,8634.67,8645.18,8633.67,8644.18,256
2026-05-14T08:15:00+00:00,8644.18,8657.68,8644.18,8656.17,181
2026-05-14T08:30:00+00:00,8656.17,8663.66,8656.17,8660.17,215
2026-05-14T08:45:00+00:00,8660.17,8668.18,8658.17,8666.66,180
2026-05-14T09:00:00+00:00,8666.66,8668.18,8660.67,8663.16,300
2026-05-14T09:15:00+00:00,8663.16,8667.18,8663.16,8666.18,138
2026-05-14T09:30:00+00:00,8666.18,8669.17,8658.16,8668.18,411
2026-05-14T09:45:00+00:00,8668.18,8680.16,8667.17,8678.17,222
2026-05-14T10:00:00+00:00,8678.17,8688.17,8675.16,8683.68,376
2026-05-14T10:15:00+00:00,8683.68,8688.18,8682.16,8684.16,388
2026-05-14T10:30:00+00:00,8684.16,8685.68,8680.66,8682.66,180
2026-05-14T10:45:00+00:00,8682.66,8689.68,8678.16,8687.67,410
2026-05-14T11:00:00+00:00,8687.67,8695.18,8687.67,8694.16,246
2026-05-14T11:15:00+00:00,8694.16,8695.68,8685.16,8687.18,238
2026-05-14T11:30:00+00:00,8687.18,8690.18,8687.16,8688.16,166
2026-05-14T11:45:00+00:00,8688.16,8697.18,8688.16,8689.66,250
2026-05-14T12:00:00+00:00,8689.66,8700.18,8688.68,8696.16,216
2026-05-14T12:15:00+00:00,8696.16,8700.18,8695.17,8696.16,199
2026-05-14T12:30:00+00:00,8696.16,8696.67,8688.46,8691.16,279
2026-05-14T12:45:00+00:00,8691.16,8697.17,8688.68,8696.17,140
2026-05-14T13:00:00+00:00,8696.17,8697.18,8694.16,8696.67,190
2026-05-14T13:15:00+00:00,8696.67,8697.18,8693.16,8694.68,145
2026-05-14T13:30:00+00:00,8694.68,8697.17,8678.16,8680.66,538
2026-05-14T13:45:00+00:00,8680.66,8686.66,8671.16,8672.17,736
2026-05-14T14:00:00+00:00,8672.17,8692.68,8670.17,8690.67,517
2026-05-14T14:15:00+00:00,8690.67,8696.18,8683.17,8691.18,351
2026-05-14T14:30:00+00:00,8691.18,8700.16,8691.16,8697.16,237
2026-05-14T14:45:00+00:00,8697.16,8699.18,8691.16,8691.66,420
2026-05-14T15:00:00+00:00,8691.66,8698.66,8691.16,8693.67,280
2026-05-14T15:15:00+00:00,8693.67,8704.68,8691.16,8704.17,159
2026-05-14T15:30:00+00:00,8704.17,8708.17,8703.16,8705.67,227
2026-05-14T15:45:00+00:00,8705.67,8709.17,8703.16,8709.17,141
2026-05-14T16:00:00+00:00,8709.17,8714.66,8707.16,8710.67,169
2026-05-14T16:15:00+00:00,8710.67,8714.18,8702.66,8704.16,245
2026-05-14T16:30:00+00:00,8704.16,8707.17,8702.17,8703.67,273
2026-05-14T16:45:00+00:00,8703.67,8706.18,8696.67,8702.66,298
2026-05-14T17:00:00+00:00,8702.66,8708.17,8700.16,8701.18,210
2026-05-14T17:15:00+00:00,8701.18,8701.68,8690.68,8694.17,413
2026-05-14T17:30:00+00:00,8694.17,8702.68,8693.16,8699.67,228
2026-05-14T17:45:00+00:00,8699.67,8703.16,8696.17,8696.66,114
2026-05-14T18:00:00+00:00,8696.66,8697.68,8689.17,8697.66,300
2026-05-14T18:15:00+00:00,8697.66,8703.17,8696.66,8696.67,210
2026-05-14T18:30:00+00:00,8696.67,8699.18,8691.68,8694.16,133
2026-05-14T18:45:00+00:00,8694.16,8699.17,8693.16,8699.17,138
2026-05-14T19:00:00+00:00,8699.17,8703.68,8698.68,8701.67,125
2026-05-14T19:15:00+00:00,8701.67,8704.18,8698.16,8698.16,123.15563506261181
2026-05-14T19:30:00+00:00,8698.16,8699.68,8691.66,8692.68,118
2026-05-14T19:45:00+00:00,8692.68,8695.18,8682.67,8689.18,363
2026-05-14T20:00:00+00:00,8689.18,8693.17,8688.67,8691.16,82
2026-05-14T20:15:00+00:00,8691.16,8691.18,8684.67,8686.16,76.8693297224103
2026-05-14T20:30:00+00:00,8686.16,8691.18,8686.16,8690.68,35.618628667931986
2026-05-14T20:45:00+00:00,8690.68,8694.96,8688.47,8694.96,48
2026-05-14T23:00:00+00:00,8692.91,8692.91,8688.91,8689.91,84.94257642027671
2026-05-14T23:15:00+00:00,8689.91,8691.91,8686.91,8690.91,78.21671715476676
2026-05-14T23:30:00+00:00,8690.91,8699.91,8689.91,8695.91,187.30247076921094
2026-05-14T23:45:00+00:00,8695.91,8695.91,8649.62,8654.130000000001,435.5813020701836
2026-05-15T00:00:00+00:00,8654.130000000001,8669.04,8642.03,8664.53,1227
2026-05-15T00:15:00+00:00,8664.53,8684.04,8663.04,8675.53,599
2026-05-15T00:30:00+00:00,8675.53,8684.04,8671.04,8673.54,642
2026-05-15T00:45:00+00:00,8673.54,8679.04,8661.04,8662.04,460
2026-05-15T01:00:00+00:00,8662.04,8663.04,8639.03,8643.02,609
2026-05-15T01:15:00+00:00,8643.02,8643.02,8616.02,8618.03,728
2026-05-15T01:30:00+00:00,8618.03,8633.04,8606.02,8633.04,991
2026-05-15T01:45:00+00:00,8633.04,8635.04,8603.02,8616.03,1059
2026-05-15T02:00:00+00:00,8616.03,8618.04,8608.04,8616.53,881
2026-05-15T02:15:00+00:00,8616.53,8628.53,8613.52,8620.54,611
2026-05-15T02:30:00+00:00,8620.54,8630.03,8611.52,8622.04,499
2026-05-15T02:45:00+00:00,8622.04,8635.03,8622.02,8630.03,578
2026-05-15T03:00:00+00:00,8630.03,8635.04,8622.52,8626.02,376
2026-05-15T03:15:00+00:00,8626.02,8626.54,8618.03,8619.04,263
2026-05-15T03:30:00+00:00,8619.04,8625.04,8613.02,8620.54,506
2026-05-15T03:45:00+00:00,8620.54,8629.04,8620.53,8629.04,170
2026-05-15T04:00:00+00:00,8629.04,8631.04,8625.02,8630.52,262
2026-05-15T04:15:00+00:00,8630.52,8631.54,8620.52,8624.52,220
2026-05-15T04:30:00+00:00,8624.52,8629.53,8620.02,8620.04,295
2026-05-15T04:45:00+00:00,8620.04,8621.04,8612.02,8613.54,184
2026-05-15T05:00:00+00:00,8613.54,8617.04,8609.02,8615.52,488
2026-05-15T05:15:00+00:00,8615.52,8618.04,8609.03,8617.04,331
2026-05-15T05:30:00+00:00,8617.04,8617.04,8602.02,8604.54,452
2026-05-15T05:45:00+00:00,8604.54,8614.04,8601.02,8610.04,523
2026-05-15T06:00:00+00:00,8610.04,8621.140000000001,8599.62,8617.130000000001,1047
2026-05-15T06:15:00+00:00,8617.130000000001,8622.640000000001,8612.630000000001,8620.43,567
2026-05-15T07:00:00+00:00,8626.98,8652.17,8626.98,8651.67,110
2026-05-15T07:15:00+00:00,8651.67,8657.68,8648.17,8653.17,416
2026-05-15T07:30:00+00:00,8653.17,8654.18,8640.17,8643.19,462
2026-05-15T07:45:00+00:00,8643.19,8645.19,8638.67,8642.17,400
2026-05-15T08:00:00+00:00,8642.17,8644.17,8626.17,8628.19,517
2026-05-15T08:15:00+00:00,8628.19,8628.19,8604.69,8606.17,794
2026-05-15T08:30:00+00:00,8606.17,8620.19,8598.17,8620.17,705
2026-05-15T08:45:00+00:00,8620.17,8622.17,8612.68,8616.18,510
2026-05-15T09:00:00+00:00,8616.18,8618.17,8610.17,8612.18,671
2026-05-15T09:15:00+00:00,8612.18,8614.17,8605.67,8614.17,534
2026-05-15T09:30:00+00:00,8614.17,8614.19,8605.67,8607.67,528
2026-05-15T09:45:00+00:00,8607.67,8610.68,8600.19,8606.67,716
2026-05-15T10:00:00+00:00,8606.67,8620.17,8604.17,8619.18,581
2026-05-15T10:15:00+00:00,8619.18,8624.69,8613.17,8613.69,503
2026-05-15T10:30:00+00:00,8613.69,8620.19,8611.17,8618.19,591
2026-05-15T10:45:00+00:00,8618.19,8641.19,8616.69,8638.19,1362
2026-05-15T11:00:00+00:00,8638.19,8644.19,8626.67,8631.17,638
2026-05-15T11:15:00+00:00,8631.17,8634.18,8622.17,8624.68,415
2026-05-15T11:30:00+00:00,8624.68,8625.18,8613.67,8614.18,342
2026-05-15T11:45:00+00:00,8614.18,8618.19,8605.17,8605.19,350
2026-05-15T12:00:00+00:00,8605.19,8605.19,8592.48,8593.17,437
2026-05-15T12:15:00+00:00,8593.17,8603.18,8592.18,8598.18,431
2026-05-15T12:30:00+00:00,8598.18,8598.69,8590.17,8591.17,584
2026-05-15T12:45:00+00:00,8591.17,8603.18,8590.17,8600.67,403
2026-05-15T13:00:00+00:00,8600.67,8603.69,8596.17,8600.68,481
2026-05-15T13:15:00+00:00,8600.68,8611.69,8599.17,8609.68,386
2026-05-15T13:30:00+00:00,8609.68,8616.69,8577.17,8577.18,1098
2026-05-15T13:45:00+00:00,8577.18,8599.19,8573.68,8584.69,876
2026-05-15T14:00:00+00:00,8584.69,8598.19,8573.67,8596.67,1175
2026-05-15T14:15:00+00:00,8596.67,8614.19,8593.18,8600.18,988
2026-05-15T14:30:00+00:00,8600.18,8608.19,8598.18,8606.17,871
2026-05-15T14:45:00+00:00,8606.17,8607.69,8594.18,8605.19,884
2026-05-15T15:00:00+00:00,8605.19,8609.68,8599.67,8603.69,705
2026-05-15T15:15:00+00:00,8603.69,8604.68,8592.17,8598.68,607
2026-05-15T15:30:00+00:00,8598.68,8605.69,8588.19,8590.67,847
2026-05-15T15:45:00+00:00,8590.67,8594.18,8582.68,8592.67,751
2026-05-15T16:00:00+00:00,8592.67,8594.69,8581.67,8588.19,521
2026-05-15T16:15:00+00:00,8588.19,8594.69,8585.17,8590.19,293
2026-05-15T16:30:00+00:00,8590.19,8595.19,8589.17,8595.19,324
2026-05-15T16:45:00+00:00,8595.19,8595.19,8587.17,8590.17,316
2026-05-15T17:00:00+00:00,8590.17,8599.18,8587.17,8596.67,290
2026-05-15T17:15:00+00:00,8596.67,8607.19,8595.17,8602.67,276
2026-05-15T17:30:00+00:00,8602.67,8604.69,8600.17,8602.19,208
2026-05-15T17:45:00+00:00,8602.19,8604.68,8600.18,8603.68,167
2026-05-15T18:00:00+00:00,8603.68,8605.69,8601.17,8602.18,212
2026-05-15T18:15:00+00:00,8602.18,8603.17,8592.19,8598.18,459
2026-05-15T18:30:00+00:00,8598.18,8599.19,8588.69,8597.19,437
2026-05-15T18:45:00+00:00,8597.19,8601.19,8594.17,8598.18,256
2026-05-15T19:00:00+00:00,8598.18,8598.69,8590.67,8592.67,294
2026-05-15T19:15:00+00:00,8592.67,8598.18,8591.19,8594.68,249
2026-05-15T19:30:00+00:00,8594.68,8597.19,8592.18,8594.18,205
2026-05-15T19:45:00+00:00,8594.18,8606.19,8591.17,8594.19,500
2026-05-15T20:00:00+00:00,8594.19,8594.19,8577.18,8581.19,244
2026-05-15T20:15:00+00:00,8581.19,8582.68,8578.67,8581.69,176
2026-05-15T20:30:00+00:00,8581.69,8585.17,8581.68,8582.68,76
2026-05-17T23:45:00+00:00,8582.68,8590.44,8577.42,8583.42,322
2026-05-18T00:00:00+00:00,8583.42,8589.84,8553.82,8556.32,2561
2026-05-18T00:15:00+00:00,8556.32,8564.84,8550.82,8551.82,1878
2026-05-18T00:30:00+00:00,8551.82,8558.82,8539.83,8542.34,1577
2026-05-18T00:45:00+00:00,8542.34,8553.84,8531.83,8553.84,1548
2026-05-18T01:00:00+00:00,8553.84,8557.34,8516.84,8516.84,1842
2026-05-18T01:15:00+00:00,8516.84,8525.84,8502.82,8520.33,1921
2026-05-18T01:30:00+00:00,8520.33,8520.84,8506.82,8515.82,1325
2026-05-18T01:45:00+00:00,8515.82,8532.84,8511.84,8520.84,1149
2026-05-18T02:00:00+00:00,8520.84,8525.83,8507.84,8523.34,917
2026-05-18T02:15:00+00:00,8523.34,8528.83,8518.82,8523.34,583
2026-05-18T02:30:00+00:00,8523.34,8531.82,8514.82,8515.34,599
2026-05-18T02:45:00+00:00,8515.34,8517.84,8504.82,8506.84,582
2026-05-18T03:00:00+00:00,8506.84,8516.84,8506.32,8508.83,637
2026-05-18T03:15:00+00:00,8508.83,8510.84,8502.32,8510.34,439
2026-05-18T03:30:00+00:00,8510.34,8510.84,8498.82,8509.83,738
2026-05-18T03:45:00+00:00,8509.83,8510.83,8503.82,8505.82,421
2026-05-18T04:00:00+00:00,8505.82,8518.83,8505.32,8516.34,476
2026-05-18T04:15:00+00:00,8516.34,8521.84,8508.82,8510.83,499
2026-05-18T04:30:00+00:00,8510.83,8516.83,8505.32,8515.83,421
2026-05-18T04:45:00+00:00,8515.83,8516.84,8507.82,8514.83,514
2026-05-18T05:00:00+00:00,8514.83,8523.82,8510.82,8515.32,697
2026-05-18T05:15:00+00:00,8515.32,8515.32,8501.83,8513.83,524
2026-05-18T05:30:00+00:00,8513.83,8518.32,8508.83,8512.84,696
2026-05-18T05:45:00+00:00,8512.84,8516.83,8510.82,8512.32,408
2026-05-18T06:00:00+00:00,8512.32,8512.44,8496.92,8503.93,744
2026-05-18T06:15:00+00:00,8503.93,8512.44,8491.73,8492.24,646
2026-05-18T07:00:00+00:00,8492.24,8512.44,8492.24,8503.93,194
2026-05-18T07:15:00+00:00,8503.93,8518.44,8489.44,8515.92,675
2026-05-18T07:30:00+00:00,8515.92,8519.92,8500.44,8503.44,882
2026-05-18T07:45:00+00:00,8503.44,8509.42,8497.92,8504.94,623
2026-05-18T08:00:00+00:00,8504.94,8518.44,8504.94,8513.93,493
2026-05-18T08:15:00+00:00,8513.93,8528.94,8511.42,8527.44,351
2026-05-18T08:30:00+00:00,8527.44,8536.44,8526.92,8529.94,370
2026-05-18T08:45:00+00:00,8529.94,8540.44,8529.42,8538.44,271
2026-05-18T09:00:00+00:00,8538.44,8539.94,8527.43,8532.94,272
2026-05-18T09:15:00+00:00,8532.94,8538.43,8532.42,8535.43,247
2026-05-18T09:30:00+00:00,8535.43,8537.92,8531.42,8535.93,323
2026-05-18T09:45:00+00:00,8535.93,8538.44,8531.93,8536.42,265
2026-05-18T10:00:00+00:00,8536.42,8538.42,8523.42,8524.44,393
2026-05-18T10:15:00+00:00,8524.44,8530.94,8523.42,8530.94,266
2026-05-18T10:30:00+00:00,8530.94,8534.42,8521.43,8534.42,295
2026-05-18T10:45:00+00:00,8534.42,8538.94,8528.42,8529.43,232
2026-05-18T11:00:00+00:00,8529.43,8531.94,8514.42,8526.43,579
2026-05-18T11:15:00+00:00,8526.43,8534.43,8524.94,8526.42,295
2026-05-18T11:30:00+00:00,8526.42,8578.44,8525.92,8571.42,1679
2026-05-18T11:45:00+00:00,8571.42,8573.43,8550.94,8554.43,903
2026-05-18T12:00:00+00:00,8554.43,8562.43,8548.92,8552.43,512
2026-05-18T12:15:00+00:00,8552.43,8556.42,8547.93,8554.94,471
2026-05-18T12:30:00+00:00,8554.94,8585.94,8551.94,8585.43,1134
2026-05-18T12:45:00+00:00,8585.43,8594.44,8579.92,8589.43,1131
2026-05-18T13:00:00+00:00,8589.43,8591.44,8578.92,8583.92,930
2026-05-18T13:15:00+00:00,8583.92,8585.44,8578.42,8581.42,439
2026-05-18T13:30:00+00:00,8581.42,8587.43,8566.92,8569.42,1147
2026-05-18T13:45:00+00:00,8569.42,8600.94,8567.43,8592.44,1422
2026-05-18T14:00:00+00:00,8592.44,8592.94,8570.43,8576.93,1218
2026-05-18T14:15:00+00:00,8576.93,8586.44,8569.93,8572.43,846
2026-05-18T14:30:00+00:00,8572.43,8574.43,8551.42,8556.92,1332
2026-05-18T14:45:00+00:00,8556.92,8568.42,8552.42,8561.92,864
2026-05-18T15:00:00+00:00,8561.92,8565.94,8538.92,8549.43,1710
2026-05-18T15:15:00+00:00,8549.43,8551.94,8539.42,8542.92,858
2026-05-18T15:30:00+00:00,8542.92,8567.92,8542.43,8561.94,849
2026-05-18T15:45:00+00:00,8561.94,8571.43,8561.94,8565.43,609
2026-05-18T16:00:00+00:00,8565.43,8572.94,8561.42,8572.94,568
2026-05-18T16:15:00+00:00,8572.94,8582.43,8550.42,8553.92,905
2026-05-18T16:30:00+00:00,8553.92,8573.44,8551.42,8562.42,941
2026-05-18T16:45:00+00:00,8562.42,8574.44,8561.93,8568.43,546
2026-05-18T17:00:00+00:00,8568.43,8575.44,8560.93,8571.44,591
2026-05-18T17:15:00+00:00,8571.44,8577.44,8570.42,8573.92,393
2026-05-18T17:30:00+00:00,8573.92,8574.94,8564.93,8568.94,431
2026-05-18T17:45:00+00:00,8568.94,8571.94,8565.92,8566.93,327
2026-05-18T18:00:00+00:00,8566.93,8568.43,8551.42,8551.93,604
2026-05-18T18:15:00+00:00,8551.93,8552.43,8532.43,8540.93,755
2026-05-18T18:30:00+00:00,8540.93,8546.43,8536.42,8541.43,566
2026-05-18T18:45:00+00:00,8541.43,8542.94,8530.94,8532.42,574
2026-05-18T19:00:00+00:00,8532.42,8578.43,8531.92,8565.93,2051
2026-05-18T19:15:00+00:00,8565.93,8569.42,8549.44,8555.43,688
2026-05-18T19:30:00+00:00,8555.43,8576.43,8553.43,8574.43,657
2026-05-18T19:45:00+00:00,8574.43,8587.42,8573.44,8584.44,635
2026-05-18T20:00:00+00:00,8584.44,8586.42,8577.92,8585.93,167
2026-05-18T20:15:00+00:00,8585.93,8587.44,8585.42,8586.42,58
2026-05-18T20:30:00+00:00,8586.42,8587.93,8584.92,8586.93,80
2026-05-18T20:45:00+00:00,8586.93,8588.23,8584.72,8588.23,55
2026-05-18T23:00:00+00:00,8598.41,8601.41,8594.41,8596.41,403.9412194841309
2026-05-18T23:15:00+00:00,8596.41,8596.41,8588.41,8590.41,278.73141457387857
2026-05-18T23:30:00+00:00,8590.41,8592.41,8584.41,8589.41,308.42043449443673
2026-05-18T23:45:00+00:00,8589.41,8590.41,8559.150000000001,8565.650000000001,968.4272488756187
2026-05-19T00:00:00+00:00,8565.650000000001,8594.550000000001,8556.550000000001,8580.04,1847
2026-05-19T00:15:00+00:00,8580.04,8600.550000000001,8576.03,8584.03,1380
2026-05-19T00:30:00+00:00,8584.03,8591.550000000001,8576.53,8581.53,715
2026-05-19T00:45:00+00:00,8581.53,8587.550000000001,8572.04,8574.04,625
2026-05-19T01:00:00+00:00,8574.04,8590.54,8569.03,8581.550000000001,796
2026-05-19T01:15:00+00:00,8581.550000000001,8582.53,8556.04,8570.550000000001,772
2026-05-19T01:30:00+00:00,8570.550000000001,8585.03,8568.53,8583.04,745
2026-05-19T01:45:00+00:00,8583.04,8584.03,8564.54,8565.050000000001,694
2026-05-19T02:00:00+00:00,8565.050000000001,8572.54,8560.53,8569.53,879
2026-05-19T02:15:00+00:00,8569.53,8583.550000000001,8568.03,8581.04,501
2026-05-19T02:30:00+00:00,8581.04,8584.54,8574.53,8581.550000000001,443
2026-05-19T02:45:00+00:00,8581.550000000001,8588.54,8576.53,8580.550000000001,427
2026-05-19T03:00:00+00:00,8580.550000000001,8588.550000000001,8576.54,8586.53,365
2026-05-19T03:15:00+00:00,8586.53,8596.550000000001,8585.550000000001,8595.550000000001,314
2026-05-19T03:30:00+00:00,8595.550000000001,8603.53,8595.550000000001,8599.550000000001,388
2026-05-19T03:45:00+00:00,8599.550000000001,8599.550000000001,8586.54,8588.050000000001,238
2026-05-19T04:00:00+00:00,8588.050000000001,8589.050000000001,8579.03,8580.550000000001,530
2026-05-19T04:15:00+00:00,8580.550000000001,8581.050000000001,8570.53,8573.54,400
2026-05-19T04:30:00+00:00,8573.54,8581.050000000001,8573.03,8575.04,397
2026-05-19T04:45:00+00:00,8575.04,8583.550000000001,8575.03,8580.53,355
2026-05-19T05:00:00+00:00,8580.53,8585.550000000001,8577.53,8583.050000000001,478
2026-05-19T05:15:00+00:00,8583.050000000001,8583.050000000001,8568.54,8580.550000000001,585
2026-05-19T05:30:00+00:00,8580.550000000001,8586.550000000001,8575.53,8581.53,645
2026-05-19T05:45:00+00:00,8581.53,8591.550000000001,8581.53,8589.54,407
2026-05-19T06:00:00+00:00,8589.54,8602.150000000001,8588.140000000001,8601.650000000001,762
2026-05-19T06:15:00+00:00,8601.650000000001,8603.150000000001,8597.130000000001,8601.95,405
2026-05-19T07:00:00+00:00,8609.99,8624.19,8609.99,8620.19,176
2026-05-19T07:15:00+00:00,8620.19,8627.19,8616.69,8625.68,292
2026-05-19T07:30:00+00:00,8625.68,8631.19,8621.19,8629.18,323
2026-05-19T07:45:00+00:00,8629.18,8647.19,8629.18,8645.17,484
2026-05-19T08:00:00+00:00,8645.17,8652.48,8622.69,8631.7,529
2026-05-19T08:15:00+00:00,8631.7,8634.69,8616.7,8621.18,623
2026-05-19T08:30:00+00:00,8621.18,8631.7,8619.7,8631.19,431
2026-05-19T08:45:00+00:00,8631.19,8633.7,8626.7,8627.2,279
2026-05-19T09:00:00+00:00,8627.2,8627.2,8620.2,8623.18,450
2026-05-19T09:15:00+00:00,8623.18,8623.2,8612.7,8614.18,581
2026-05-19T09:30:00+00:00,8614.18,8616.66,8606.16,8609.66,569
2026-05-19T09:45:00+00:00,8609.66,8625.19,8608.66,8624.18,362
2026-05-19T10:00:00+00:00,8624.18,8630.19,8620.17,8629.69,366
2026-05-19T10:15:00+00:00,8629.69,8629.69,8623.18,8625.18,275
2026-05-19T10:30:00+00:00,8625.18,8636.19,8615.18,8619.18,682
2026-05-19T10:45:00+00:00,8619.18,8638.19,8616.17,8632.68,850
2026-05-19T11:00:00+00:00,8632.68,8637.67,8627.67,8628.18,489
2026-05-19T11:15:00+00:00,8628.18,8628.18,8618.67,8621.67,344
2026-05-19T11:30:00+00:00,8621.67,8623.17,8617.66,8617.66,361
2026-05-19T11:45:00+00:00,8617.66,8618.66,8607.66,8609.16,379
2026-05-19T12:00:00+00:00,8609.16,8619.66,8606.67,8617.67,486
2026-05-19T12:15:00+00:00,8617.67,8621.17,8613.16,8618.68,392
2026-05-19T12:30:00+00:00,8618.68,8631.16,8617.68,8627.17,463
2026-05-19T12:45:00+00:00,8627.17,8628.67,8624.16,8624.17,301
2026-05-19T13:00:00+00:00,8624.17,8625.66,8600.68,8613.16,760
2026-05-19T13:15:00+00:00,8613.16,8614.18,8582.67,8584.68,814
2026-05-19T13:30:00+00:00,8584.68,8595.67,8574.66,8576.68,1510
2026-05-19T13:45:00+00:00,8576.68,8601.18,8576.66,8594.18,1293
2026-05-19T14:00:00+00:00,8594.18,8600.67,8583.66,8586.68,1332
2026-05-19T14:15:00+00:00,8586.68,8586.68,8565.68,8573.67,1161
2026-05-19T14:30:00+00:00,8573.67,8584.66,8571.16,8579.66,1415
2026-05-19T14:45:00+00:00,8579.66,8582.18,8565.66,8575.66,1123
2026-05-19T15:00:00+00:00,8575.66,8589.67,8574.66,8584.18,935
2026-05-19T15:15:00+00:00,8584.18,8590.68,8571.66,8572.66,744
2026-05-19T15:30:00+00:00,8572.66,8580.68,8568.16,8573.67,817
2026-05-19T15:45:00+00:00,8573.67,8579.18,8572.16,8576.68,560
2026-05-19T16:00:00+00:00,8576.68,8582.18,8569.66,8576.18,474
2026-05-19T16:15:00+00:00,8576.18,8598.67,8575.66,8595.18,523
2026-05-19T16:30:00+00:00,8595.18,8600.16,8590.17,8595.68,643
2026-05-19T16:45:00+00:00,8595.68,8604.18,8594.66,8602.17,365
2026-05-19T17:00:00+00:00,8602.17,8605.66,8600.16,8605.16,391
2026-05-19T17:15:00+00:00,8605.16,8610.18,8605.16,8606.68,327
2026-05-19T17:30:00+00:00,8606.68,8610.18,8601.16,8604.18,434
2026-05-19T17:45:00+00:00,8604.18,8604.68,8599.67,8602.17,348
2026-05-19T18:00:00+00:00,8602.17,8603.68,8598.67,8602.67,194
2026-05-19T18:15:00+00:00,8602.67,8602.67,8585.67,8585.67,458
2026-05-19T18:30:00+00:00,8585.67,8591.18,8581.67,8589.18,498
2026-05-19T18:45:00+00:00,8589.18,8589.18,8574.66,8579.66,524
2026-05-19T19:00:00+00:00,8579.66,8593.17,8579.16,8592.67,433
2026-05-19T19:15:00+00:00,8592.67,8593.67,8578.66,8584.17,436
2026-05-19T19:30:00+00:00,8584.17,8586.66,8579.66,8580.68,406
2026-05-19T19:45:00+00:00,8580.68,8583.66,8569.18,8576.68,535
2026-05-19T20:00:00+00:00,8576.68,8576.68,8569.67,8575.16,148
2026-05-19T20:15:00+00:00,8576.67,8577.19,8574.17,8576.19,84
2026-05-19T20:30:00+00:00,8576.19,8576.69,8572.68,8572.69,53
2026-05-19T20:45:00+00:00,8572.69,8576.48,8569.18,8576.48,56
2026-05-19T23:00:00+00:00,8577.41,8581.41,8573.41,8581.41,135.10174108544572
2026-05-19T23:15:00+00:00,8581.41,8585.41,8578.41,8580.41,150.2513830953547
2026-05-19T23:30:00+00:00,8580.41,8592.41,8574.41,8582.41,384.133882888832
2026-05-19T23:45:00+00:00,8582.41,8592.77,8566.41,8577.76,503.9753989759916
2026-05-20T00:00:00+00:00,8577.76,8586.66,8558.65,8562.67,1793
2026-05-20T00:15:00+00:00,8562.67,8565.67,8537.65,8564.65,1443
2026-05-20T00:30:00+00:00,8564.65,8580.67,8551.65,8559.66,1684
2026-05-20T00:45:00+00:00,8559.66,8572.67,8556.15,8564.65,1259
2026-05-20T01:00:00+00:00,8564.65,8566.67,8544.65,8553.65,1667
2026-05-20T01:15:00+00:00,8553.65,8560.66,8534.65,8537.67,1159
2026-05-20T01:30:00+00:00,8537.67,8538.67,8517.65,8520.15,1147
2026-05-20T01:45:00+00:00,8520.15,8555.65,8516.65,8532.67,1953
2026-05-20T02:00:00+00:00,8532.67,8538.67,8526.66,8532.66,1086
2026-05-20T02:15:00+00:00,8532.66,8537.67,8518.65,8518.65,733
2026-05-20T02:30:00+00:00,8518.65,8519.15,8496.65,8509.66,1838
2026-05-20T02:45:00+00:00,8509.66,8516.65,8507.15,8510.17,857
2026-05-20T03:00:00+00:00,8510.17,8510.67,8498.17,8499.15,685
2026-05-20T03:15:00+00:00,8499.15,8511.16,8498.66,8505.67,494
2026-05-20T03:30:00+00:00,8505.67,8511.67,8498.65,8503.66,720
2026-05-20T03:45:00+00:00,8503.66,8505.67,8496.16,8500.16,440
2026-05-20T04:00:00+00:00,8500.16,8512.66,8499.65,8511.16,638
2026-05-20T04:15:00+00:00,8511.16,8514.65,8500.16,8503.65,420
2026-05-20T04:30:00+00:00,8503.65,8504.66,8489.65,8490.16,377
2026-05-20T04:45:00+00:00,8490.16,8493.66,8482.65,8488.15,431
2026-05-20T05:00:00+00:00,8488.15,8501.66,8487.66,8490.65,773
2026-05-20T05:15:00+00:00,8490.65,8493.67,8485.15,8488.66,812
2026-05-20T05:30:00+00:00,8488.66,8495.67,8488.65,8493.67,675
2026-05-20T05:45:00+00:00,8493.67,8499.67,8488.65,8499.67,357
2026-05-20T06:00:00+00:00,8499.67,8503.27,8489.26,8495.77,716
2026-05-20T06:15:00+00:00,8495.77,8503.27,8493.27,8499.07,670
2026-05-20T07:00:00+00:00,8500.64,8511.84,8500.64,8508.32,150
2026-05-20T07:15:00+00:00,8508.32,8521.34,8506.83,8520.34,253
2026-05-20T07:30:00+00:00,8520.34,8521.33,8507.32,8513.32,285
2026-05-20T07:45:00+00:00,8513.32,8513.82,8499.82,8500.32,368
2026-05-20T08:00:00+00:00,8500.32,8512.34,8497.82,8506.33,651
2026-05-20T08:15:00+00:00,8506.33,8509.83,8497.82,8509.34,435
2026-05-20T08:30:00+00:00,8509.34,8519.84,8507.82,8516.84,500
2026-05-20T08:45:00+00:00,8516.84,8526.82,8516.84,8521.33,292
2026-05-20T09:00:00+00:00,8521.33,8523.84,8514.84,8514.84,369
2026-05-20T09:15:00+00:00,8514.84,8519.82,8511.82,8515.33,228
2026-05-20T09:30:00+00:00,8515.33,8520.84,8514.82,8518.34,184
2026-05-20T09:45:00+00:00,8518.34,8525.32,8515.34,8520.84,302
2026-05-20T10:00:00+00:00,8520.84,8527.34,8520.33,8526.33,217
2026-05-20T10:15:00+00:00,8526.33,8529.83,8523.32,8528.84,200
2026-05-20T10:30:00+00:00,8528.84,8538.84,8527.82,8528.84,375
2026-05-20T10:45:00+00:00,8528.84,8532.33,8522.83,8523.82,222
2026-05-20T11:00:00+00:00,8523.82,8527.34,8520.82,8523.84,273
2026-05-20T11:15:00+00:00,8523.84,8526.84,8521.82,8525.32,165
2026-05-20T11:30:00+00:00,8525.32,8529.34,8521.32,8522.33,326
2026-05-20T11:45:00+00:00,8522.33,8525.33,8514.32,8517.32,390
2026-05-20T12:00:00+00:00,8517.32,8528.83,8515.32,8526.32,249
2026-05-20T12:15:00+00:00,8526.32,8531.82,8519.82,8529.84,372
2026-05-20T12:30:00+00:00,8529.84,8531.84,8523.34,8528.82,350
2026-05-20T12:45:00+00:00,8528.82,8531.82,8521.83,8521.84,214
2026-05-20T13:00:00+00:00,8521.84,8534.84,8519.82,8532.34,220
2026-05-20T13:15:00+00:00,8532.34,8532.82,8522.84,8526.34,333
2026-05-20T13:30:00+00:00,8526.34,8536.84,8522.82,8532.84,1155
2026-05-20T13:45:00+00:00,8532.84,8553.84,8532.32,8545.32,979
2026-05-20T14:00:00+00:00,8545.32,8553.34,8525.82,8544.32,1230
2026-05-20T14:15:00+00:00,8544.32,8587.34,8543.83,8577.82,3585
2026-05-20T14:30:00+00:00,8577.82,8588.34,8573.82,8579.84,1416
2026-05-20T14:45:00+00:00,8579.84,8591.82,8576.33,8587.82,926
2026-05-20T15:00:00+00:00,8587.82,8592.83,8580.82,8588.83,626
2026-05-20T15:15:00+00:00,8588.83,8624.34,8587.82,8596.34,2872
2026-05-20T15:30:00+00:00,8596.34,8608.32,8593.82,8607.33,922
2026-05-20T15:45:00+00:00,8607.33,8614.34,8600.82,8605.33,639
2026-05-20T16:00:00+00:00,8605.33,8609.84,8601.82,8608.32,454
2026-05-20T16:15:00+00:00,8608.32,8610.34,8593.82,8598.83,841
2026-05-20T16:30:00+00:00,8598.83,8607.84,8594.83,8607.82,790
2026-05-20T16:45:00+00:00,8607.82,8609.84,8597.82,8602.33,772
2026-05-20T17:00:00+00:00,8602.33,8610.84,8598.82,8605.82,589
2026-05-20T17:15:00+00:00,8605.82,8611.84,8605.82,8610.84,481
2026-05-20T17:30:00+00:00,8610.84,8615.34,8606.82,8610.83,468
2026-05-20T17:45:00+00:00,8610.83,8614.34,8608.82,8609.84,138
2026-05-20T18:00:00+00:00,8609.84,8616.83,8603.13,8613.84,394
2026-05-20T18:15:00+00:00,8613.84,8616.84,8610.82,8616.32,316
2026-05-20T18:30:00+00:00,8616.32,8620.84,8613.34,8613.34,291
2026-05-20T18:45:00+00:00,8613.34,8617.34,8612.32,8613.83,295
2026-05-20T19:00:00+00:00,8613.83,8618.84,8612.82,8618.33,225
2026-05-20T19:15:00+00:00,8618.33,8624.32,8617.82,8620.33,140
2026-05-20T19:30:00+00:00,8620.33,8623.84,8616.84,8617.32,175
2026-05-20T19:45:00+00:00,8617.32,8625.32,8616.82,8620.82,301
2026-05-20T20:00:00+00:00,8620.82,8624.83,8618.83,8623.83,106
2026-05-20T20:15:00+00:00,8623.83,8623.83,8611.32,8621.83,489
2026-05-20T20:30:00+00:00,8621.83,8622.82,8610.83,8611.32,184
2026-05-20T20:45:00+00:00,8611.32,8612.34,8604.13,8604.84,125.83227693807899
2026-05-20T23:00:00+00:00,8590.11,8595.11,8588.11,8593.11,115.34731327909682
2026-05-20T23:15:00+00:00,8593.11,8594.11,8588.11,8592.11,145.3261360287988
2026-05-20T23:30:00+00:00,8592.11,8598.11,8581.11,8583.11,187.1786716224875
2026-05-20T23:45:00+00:00,8583.11,8618.060000000001,8579.11,8610.560000000001,586.2416071206142
2026-05-21T00:00:00+00:00,8610.560000000001,8618.460000000001,8591.94,8607.94,1668
2026-05-21T00:15:00+00:00,8607.94,8619.460000000001,8600.44,8614.45,960
2026-05-21T00:30:00+00:00,8614.45,8627.960000000001,8611.44,8627.44,598
2026-05-21T00:45:00+00:00,8627.44,8630.45,8604.44,8604.44,506
2026-05-21T01:00:00+00:00,8604.44,8605.460000000001,8591.44,8595.44,607
2026-05-21T01:15:00+00:00,8595.44,8611.960000000001,8594.45,8602.94,435
2026-05-21T01:30:00+00:00,8602.94,8640.460000000001,8602.94,8627.94,1069
2026-05-21T01:45:00+00:00,8627.94,8632.44,8621.45,8622.44,523
2026-05-21T02:00:00+00:00,8622.44,8632.460000000001,8616.45,8619.460000000001,339
2026-05-21T02:15:00+00:00,8619.460000000001,8635.960000000001,8616.95,8635.960000000001,361
2026-05-21T02:30:00+00:00,8635.960000000001,8640.460000000001,8624.44,8629.45,342
2026-05-21T02:45:00+00:00,8629.45,8634.460000000001,8622.45,8632.95,278
2026-05-21T03:00:00+00:00,8632.95,8632.960000000001,8627.44,8627.45,146
2026-05-21T03:15:00+00:00,8627.45,8634.95,8625.94,8633.95,146
2026-05-21T03:30:00+00:00,8633.95,8636.460000000001,8625.94,8629.460000000001,170
2026-05-21T03:45:00+00:00,8629.460000000001,8629.460000000001,8613.44,8614.45,145
2026-05-21T04:00:00+00:00,8614.45,8618.95,8613.45,8615.95,106
2026-05-21T04:15:00+00:00,8615.95,8618.44,8612.45,8614.45,110
2026-05-21T04:30:00+00:00,8614.45,8616.44,8612.44,8614.460000000001,112
2026-05-21T04:45:00+00:00,8614.460000000001,8624.44,8614.45,8624.44,127
2026-05-21T05:00:00+00:00,8624.44,8629.45,8621.45,8621.960000000001,194
2026-05-21T05:15:00+00:00,8621.960000000001,8625.460000000001,8615.44,8618.44,244
2026-05-21T05:30:00+00:00,8618.44,8618.460000000001,8606.45,8606.460000000001,338
2026-05-21T05:45:00+00:00,8606.460000000001,8608.960000000001,8598.44,8605.460000000001,427
2026-05-21T06:00:00+00:00,8605.460000000001,8612.060000000001,8602.04,8604.050000000001,594
2026-05-21T06:15:00+00:00,8604.050000000001,8611.050000000001,8599.04,8605.36,468
2026-05-21T07:00:00+00:00,8618.09,8618.09,8600.77,8608.27,127
2026-05-21T07:15:00+00:00,8608.27,8617.29,8604.79,8605.29,378
2026-05-21T07:30:00+00:00,8605.29,8612.27,8602.77,8610.77,294
2026-05-21T07:45:00+00:00,8610.77,8619.27,8608.77,8610.77,261
2026-05-21T08:00:00+00:00,8610.77,8633.79,8610.77,8629.77,608
2026-05-21T08:15:00+00:00,8629.77,8633.29,8617.77,8625.27,690
2026-05-21T08:30:00+00:00,8625.27,8628.79,8621.28,8627.29,368
2026-05-21T08:45:00+00:00,8627.29,8628.79,8622.77,8623.27,409
2026-05-21T09:00:00+00:00,8623.27,8640.79,8622.28,8635.78,413
2026-05-21T09:15:00+00:00,8635.78,8642.79,8635.27,8641.27,349
2026-05-21T09:30:00+00:00,8641.27,8644.79,8634.28,8635.27,293
2026-05-21T09:45:00+00:00,8635.27,8640.28,8631.78,8638.78,219
2026-05-21T10:00:00+00:00,8638.78,8641.77,8634.27,8640.78,223
2026-05-21T10:15:00+00:00,8640.78,8642.28,8604.78,8607.29,1296
2026-05-21T10:30:00+00:00,8607.29,8608.29,8577.77,8590.28,1726
2026-05-21T10:45:00+00:00,8590.28,8594.79,8577.27,8589.79,1187
2026-05-21T11:00:00+00:00,8589.79,8601.79,8586.28,8599.27,994
2026-05-21T11:15:00+00:00,8599.27,8606.27,8597.27,8600.77,567
2026-05-21T11:30:00+00:00,8600.77,8604.28,8596.28,8598.79,331
2026-05-21T11:45:00+00:00,8598.79,8604.78,8593.77,8597.79,307
2026-05-21T12:00:00+00:00,8597.79,8603.29,8595.77,8598.77,398
2026-05-21T12:15:00+00:00,8598.77,8600.78,8587.77,8588.77,416
2026-05-21T12:30:00+00:00,8588.77,8608.28,8588.27,8600.79,1170
2026-05-21T12:45:00+00:00,8600.79,8607.27,8597.28,8599.79,677
2026-05-21T13:00:00+00:00,8599.79,8609.77,8596.28,8598.78,599
2026-05-21T13:15:00+00:00,8598.78,8605.28,8595.79,8603.78,446
2026-05-21T13:30:00+00:00,8603.78,8604.79,8585.77,8591.77,1289
2026-05-21T13:45:00+00:00,8591.77,8640.29,8591.27,8635.77,1536
2026-05-21T14:00:00+00:00,8635.77,8638.79,8613.77,8617.79,1056
2026-05-21T14:15:00+00:00,8617.79,8623.78,8604.78,8619.77,1218
2026-05-21T14:30:00+00:00,8619.77,8628.28,8612.77,8615.78,843
2026-05-21T14:45:00+00:00,8615.78,8621.29,8609.78,8619.77,816
2026-05-21T15:00:00+00:00,8619.77,8630.29,8606.29,8623.28,1076
2026-05-21T15:15:00+00:00,8623.28,8624.79,8616.29,8617.78,600
2026-05-21T15:30:00+00:00,8617.78,8623.29,8611.29,8620.78,729
2026-05-21T15:45:00+00:00,8620.78,8623.78,8618.77,8620.78,429
2026-05-21T16:00:00+00:00,8620.78,8630.78,8620.78,8625.78,747
2026-05-21T16:15:00+00:00,8625.78,8625.79,8616.77,8621.78,589
2026-05-21T16:30:00+00:00,8621.78,8624.79,8618.27,8622.28,373
2026-05-21T16:45:00+00:00,8622.28,8624.29,8615.28,8619.28,316
2026-05-21T17:00:00+00:00,8619.28,8636.79,8611.29,8624.28,1328
2026-05-21T17:15:00+00:00,8624.28,8644.79,8624.28,8635.28,1970
2026-05-21T17:30:00+00:00,8635.28,8649.79,8634.77,8649.78,744
2026-05-21T17:45:00+00:00,8649.78,8660.29,8646.77,8653.29,600
2026-05-21T18:00:00+00:00,8653.29,8657.27,8643.78,8651.78,922
2026-05-21T18:15:00+00:00,8651.78,8659.29,8648.78,8655.28,487
2026-05-21T18:30:00+00:00,8655.28,8656.79,8649.27,8655.28,329
2026-05-21T18:45:00+00:00,8655.28,8656.29,8632.77,8639.29,1886
2026-05-21T19:00:00+00:00,8639.29,8658.78,8639.27,8658.77,716
2026-05-21T19:15:00+00:00,8658.77,8661.79,8653.79,8655.77,336
2026-05-21T19:30:00+00:00,8655.77,8659.78,8652.27,8655.29,320
2026-05-21T19:45:00+00:00,8655.29,8660.78,8646.77,8657.78,758
2026-05-21T20:00:00+00:00,8657.78,8662.28,8657.77,8660.79,108
2026-05-21T20:15:00+00:00,8660.79,8660.79,8656.27,8656.28,62
2026-05-21T20:30:00+00:00,8656.28,8656.79,8655.77,8655.78,30
2026-05-21T20:45:00+00:00,8655.78,8656.27,8652.28,8653.07,51.76661417322835
2026-05-21T23:00:00+00:00,8667.42,8670.42,8666.42,8668.42,128.7133216635131
2026-05-21T23:15:00+00:00,8668.42,8670.42,8666.42,8668.42,173.84106113959174
2026-05-21T23:30:00+00:00,8668.42,8672.42,8664.42,8671.42,342.1848099065404
2026-05-21T23:45:00+00:00,8671.42,8698.27,8669.42,8690.25,478.313771468352
2026-05-22T00:00:00+00:00,8690.25,8705.65,8685.15,8691.67,1011
2026-05-22T00:15:00+00:00,8691.67,8704.67,8689.15,8689.67,671
2026-05-22T00:30:00+00:00,8689.67,8692.66,8679.15,8679.17,309
2026-05-22T00:45:00+00:00,8679.17,8687.67,8677.65,8680.67,278
2026-05-22T01:00:00+00:00,8680.67,8685.17,8673.65,8685.17,239
2026-05-22T01:15:00+00:00,8685.17,8692.67,8681.16,8692.17,370
2026-05-22T01:30:00+00:00,8692.17,8704.67,8688.66,8701.16,358
2026-05-22T01:45:00+00:00,8701.16,8703.66,8692.65,8693.16,289
2026-05-22T02:00:00+00:00,8693.16,8699.16,8688.65,8691.15,265
2026-05-22T02:15:00+00:00,8691.15,8702.66,8690.65,8701.66,240
2026-05-22T02:30:00+00:00,8701.66,8706.17,8693.65,8699.17,311
2026-05-22T02:45:00+00:00,8699.17,8702.17,8696.65,8698.66,209
2026-05-22T03:00:00+00:00,8698.66,8702.66,8695.15,8696.65,200
2026-05-22T03:15:00+00:00,8696.65,8697.66,8692.65,8696.15,84
2026-05-22T03:30:00+00:00,8696.15,8697.67,8693.65,8695.67,86.89212513484358
2026-05-22T03:45:00+00:00,8695.67,8695.67,8691.66,8692.17,73
2026-05-22T04:00:00+00:00,8692.17,8701.17,8692.17,8698.17,106
2026-05-22T04:15:00+00:00,8698.17,8698.17,8689.65,8691.67,100.87692307692308
2026-05-22T04:30:00+00:00,8691.67,8691.67,8682.15,8683.16,95
2026-05-22T04:45:00+00:00,8683.16,8686.65,8681.65,8686.65,98
2026-05-22T05:00:00+00:00,8686.65,8692.17,8682.65,8684.65,164
2026-05-22T05:15:00+00:00,8684.65,8685.67,8675.65,8677.16,143
2026-05-22T05:30:00+00:00,8677.16,8681.66,8675.65,8678.15,190
2026-05-22T05:45:00+00:00,8678.15,8678.67,8669.65,8672.66,189
2026-05-22T06:00:00+00:00,8672.66,8691.27,8669.25,8690.26,469
2026-05-22T06:15:00+00:00,8690.26,8692.26,8682.25,8688.550000000001,318
2026-05-22T07:00:00+00:00,8657.7,8657.7,8645.42,8648.4,131
2026-05-22T07:15:00+00:00,8648.4,8660.42,8644.92,8658.42,231
2026-05-22T07:30:00+00:00,8658.42,8658.9,8639.9,8646.4,338
2026-05-22T07:45:00+00:00,8646.4,8649.42,8644.4,8649.4,210
2026-05-22T08:00:00+00:00,8649.4,8653.42,8641.91,8645.4,408
2026-05-22T08:15:00+00:00,8645.4,8658.42,8644.4,8649.42,554
2026-05-22T08:30:00+00:00,8649.42,8649.92,8632.9,8646.42,603
2026-05-22T08:45:00+00:00,8646.42,8647.42,8637.41,8638.4,289
2026-05-22T09:00:00+00:00,8638.4,8638.4,8630.41,8634.41,346
2026-05-22T09:15:00+00:00,8634.41,8643.92,8633.9,8636.9,225
2026-05-22T09:30:00+00:00,8636.9,8647.91,8633.9,8644.91,207
2026-05-22T09:45:00+00:00,8644.91,8649.9,8643.4,8648.42,177
2026-05-22T10:00:00+00:00,8648.42,8651.42,8645.9,8647.4,226
2026-05-22T10:15:00+00:00,8647.4,8648.92,8644.42,8645.4,195
2026-05-22T10:30:00+00:00,8645.4,8646.42,8635.4,8635.92,257
2026-05-22T10:45:00+00:00,8635.92,8637.42,8629.91,8632.41,162
2026-05-22T11:00:00+00:00,8632.41,8640.92,8630.9,8631.9,193.39633507853404
2026-05-22T11:15:00+00:00,8631.9,8632.42,8627.9,8627.92,141
2026-05-22T11:30:00+00:00,8627.92,8638.42,8626.9,8637.9,163
2026-05-22T11:45:00+00:00,8637.9,8644.92,8636.41,8636.91,381
2026-05-22T12:00:00+00:00,8636.91,8657.91,8635.91,8650.42,934
2026-05-22T12:15:00+00:00,8650.42,8655.92,8643.9,8646.92,1048
2026-05-22T12:30:00+00:00,8646.92,8647.92,8642.4,8646.41,273
2026-05-22T12:45:00+00:00,8646.41,8656.91,8646.41,8655.91,289
2026-05-22T13:00:00+00:00,8655.91,8661.41,8647.9,8657.42,765
2026-05-22T13:15:00+00:00,8657.42,8660.92,8649.9,8650.4,402
2026-05-22T13:30:00+00:00,8650.4,8653.92,8630.9,8636.91,1108
2026-05-22T13:45:00+00:00,8636.91,8640.42,8625.9,8634.91,696
2026-05-22T14:00:00+00:00,8634.91,8634.92,8613.91,8615.9,896
2026-05-22T14:15:00+00:00,8615.9,8621.92,8610.91,8618.42,695
2026-05-22T14:30:00+00:00,8618.42,8621.91,8611.9,8613.4,404
2026-05-22T14:45:00+00:00,8613.4,8615.41,8607.9,8613.9,420
2026-05-22T15:00:00+00:00,8613.9,8620.41,8612.4,8617.91,374
2026-05-22T15:15:00+00:00,8617.91,8629.41,8617.91,8629.41,304
2026-05-22T15:30:00+00:00,8629.41,8633.9,8626.92,8631.91,396
2026-05-22T15:45:00+00:00,8631.91,8633.92,8625.42,8626.9,243
2026-05-22T16:00:00+00:00,8626.9,8627.92,8620.91,8624.91,285
2026-05-22T16:15:00+00:00,8624.91,8627.91,8620.9,8626.91,349
2026-05-22T16:30:00+00:00,8626.91,8631.42,8621.9,8624.92,264
2026-05-22T16:45:00+00:00,8624.92,8629.92,8623.91,8626.42,211
2026-05-22T17:00:00+00:00,8626.42,8632.92,8626.41,8629.92,172
2026-05-22T17:15:00+00:00,8629.92,8643.92,8619.92,8643.4,898
2026-05-22T17:30:00+00:00,8643.4,8646.42,8632.92,8635.9,765
2026-05-22T17:45:00+00:00,8635.9,8636.92,8632.4,8633.42,263
2026-05-22T18:00:00+00:00,8633.42,8635.91,8628.9,8631.91,345
2026-05-22T18:15:00+00:00,8631.91,8637.91,8630.91,8633.91,231
2026-05-22T18:30:00+00:00,8633.91,8638.91,8632.9,8634.91,190
2026-05-22T18:45:00+00:00,8634.91,8636.92,8631.9,8635.41,95
2026-05-22T19:00:00+00:00,8635.41,8635.41,8625.9,8626.92,405
2026-05-22T19:15:00+00:00,8626.92,8627.92,8619.91,8620.4,203
2026-05-22T19:30:00+00:00,8620.4,8624.9,8618.9,8622.91,232
2026-05-22T19:45:00+00:00,8622.91,8622.91,8613.9,8620.42,416
2026-05-22T20:00:00+00:00,8620.42,8621.42,8612.92,8617.42,116
2026-05-22T20:15:00+00:00,8617.42,8617.92,8615.9,8616.91,86.77031983047993
2026-05-22T20:30:00+00:00,8616.91,8616.91,8606.9,8607.4,208
2026-05-24T23:45:00+00:00,8606.9,8658.26,8606.9,8655.75,328
2026-05-25T00:00:00+00:00,8655.75,8668.66,8640.67,8664.65,702
2026-05-25T00:15:00+00:00,8664.65,8666.67,8658.15,8664.66,469
2026-05-25T00:30:00+00:00,8664.66,8669.66,8658.15,8663.17,244
2026-05-25T00:45:00+00:00,8663.17,8670.15,8658.15,8666.65,392
2026-05-25T01:00:00+00:00,8666.65,8674.67,8661.65,8674.17,374
2026-05-25T01:15:00+00:00,8674.17,8688.67,8673.65,8685.16,311
2026-05-25T01:30:00+00:00,8685.16,8696.17,8680.65,8694.17,354
2026-05-25T01:45:00+00:00,8694.17,8699.67,8686.65,8696.67,226
2026-05-25T02:00:00+00:00,8696.67,8714.67,8696.17,8712.65,212
2026-05-25T02:15:00+00:00,8712.65,8715.65,8702.67,8704.17,232
2026-05-25T02:30:00+00:00,8704.17,8708.66,8698.15,8700.65,159
2026-05-25T02:45:00+00:00,8700.65,8708.17,8697.65,8698.17,157
2026-05-25T03:00:00+00:00,8698.17,8702.67,8692.65,8696.65,212
2026-05-25T03:15:00+00:00,8696.65,8701.67,8696.65,8697.15,170
2026-05-25T03:30:00+00:00,8697.15,8702.17,8695.16,8698.65,140
2026-05-25T03:45:00+00:00,8698.65,8698.66,8691.65,8697.65,138.37382796575622
2026-05-25T04:00:00+00:00,8697.65,8702.67,8696.65,8701.67,139
2026-05-25T04:15:00+00:00,8701.67,8702.67,8698.65,8699.66,128
2026-05-25T04:30:00+00:00,8699.66,8702.67,8697.65,8699.66,104
2026-05-25T04:45:00+00:00,8699.66,8701.17,8697.65,8698.65,137
2026-05-25T05:00:00+00:00,8698.65,8698.67,8693.66,8695.65,122
2026-05-25T05:15:00+00:00,8695.65,8696.17,8690.65,8692.66,117
2026-05-25T05:30:00+00:00,8692.66,8692.66,8688.66,8690.67,111.30753835890593
2026-05-25T05:45:00+00:00,8690.67,8693.67,8688.65,8690.66,124
2026-05-25T06:00:00+00:00,8690.66,8693.27,8686.25,8689.25,277
2026-05-25T06:15:00+00:00,8689.25,8692.27,8683.25,8686.57,279
2026-05-25T07:00:00+00:00,8685.57,8692.26,8684.26,8687.76,49
2026-05-25T07:15:00+00:00,8687.76,8689.27,8678.25,8685.25,253
2026-05-25T07:30:00+00:00,8685.25,8697.25,8684.25,8693.77,202
2026-05-25T07:45:00+00:00,8693.77,8698.27,8691.27,8698.26,91
2026-05-25T08:00:00+00:00,8698.26,8699.26,8693.25,8697.75,148
2026-05-25T08:15:00+00:00,8697.75,8699.27,8695.26,8696.75,129
2026-05-25T08:30:00+00:00,8696.75,8702.77,8696.25,8702.26,99
2026-05-25T08:45:00+00:00,8702.26,8705.27,8700.75,8701.27,81
2026-05-25T09:00:00+00:00,8701.27,8706.77,8700.26,8705.26,60.514161220043576
2026-05-25T09:15:00+00:00,8705.26,8706.75,8704.25,8705.26,63
2026-05-25T09:30:00+00:00,8705.26,8714.55,8705.26,8714.27,57.76539589442815
2026-05-25T09:45:00+00:00,8714.27,8717.27,8713.25,8716.25,58
2026-05-25T10:00:00+00:00,8716.25,8716.75,8710.25,8711.26,84.60355029585799
2026-05-25T10:15:00+00:00,8711.26,8716.27,8710.75,8711.25,79
2026-05-25T10:30:00+00:00,8711.25,8716.27,8710.27,8716.26,47.71872376154492
2026-05-25T10:45:00+00:00,8716.26,8716.76,8712.25,8712.76,61.671519563239315
2026-05-25T11:00:00+00:00,8712.76,8713.25,8708.25,8710.76,60.944888378094134
2026-05-25T11:15:00+00:00,8710.76,8715.75,8710.74,8715.75,76
2026-05-25T11:30:00+00:00,8715.75,8717.75,8713.24,8714.24,98
2026-05-25T11:45:00+00:00,8714.24,8717.76,8711.24,8711.76,119
2026-05-25T12:00:00+00:00,8711.76,8711.76,8707.74,8708.76,89
2026-05-25T12:15:00+00:00,8708.76,8718.74,8707.74,8712.76,250
2026-05-25T12:30:00+00:00,8712.76,8713.74,8709.75,8710.74,72
2026-05-25T12:45:00+00:00,8710.74,8712.74,8708.74,8709.24,79
2026-05-25T13:00:00+00:00,8709.24,8711.26,8707.74,8709.26,74
2026-05-25T13:15:00+00:00,8709.26,8709.26,8704.74,8706.76,62.52092327156589
2026-05-25T13:30:00+00:00,8706.76,8711.75,8706.26,8710.76,85
2026-05-25T13:45:00+00:00,8710.76,8711.24,8706.76,8708.76,72.84812623274162
2026-05-25T14:00:00+00:00,8708.76,8710.76,8707.74,8709.76,67
2026-05-25T14:15:00+00:00,8709.76,8711.76,8707.74,8710.75,61
2026-05-25T14:30:00+00:00,8710.75,8711.26,8707.75,8708.75,58
2026-05-25T14:45:00+00:00,8708.75,8710.24,8703.74,8704.26,65
2026-05-25T15:00:00+00:00,8704.26,8715.74,8698.74,8707.76,488
2026-05-25T15:15:00+00:00,8707.76,8713.74,8706.74,8711.26,225
2026-05-25T15:30:00+00:00,8711.26,8711.26,8703.24,8705.74,163
2026-05-25T15:45:00+00:00,8705.74,8706.76,8703.25,8704.76,78
2026-05-25T16:00:00+00:00,8704.76,8704.76,8701.74,8704.74,79.55462184873949
2026-05-25T16:15:00+00:00,8704.74,8706.25,8704.25,8704.74,43
2026-05-25T16:30:00+00:00,8704.74,8707.25,8704.26,8707.24,57.92388262728333
2026-05-25T16:45:00+00:00,8707.24,8712.76,8706.26,8712.76,93
2026-05-25T17:00:00+00:00,8712.76,8712.76,8710.75,8711.25,28.73571484684919
2026-05-25T17:15:00+00:00,8711.25,8711.26,8711.25,8711.25,31.320882140603768
2026-05-25T17:30:00+00:00,8711.25,8711.26,8709.76,8710.24,35.13874015398483
2026-05-25T17:45:00+00:00,8710.24,8710.26,8707.74,8707.74,42.02805180039206
2026-05-25T18:00:00+00:00,8707.74,8708.76,8707.74,8707.74,24.752408136482426
2026-05-25T18:15:00+00:00,8707.74,8707.75,8706.74,8707.25,25.530393624877938
2026-05-25T18:30:00+00:00,8707.25,8707.25,8707.25,8707.25,43.26934715517245
2026-05-25T18:45:00+00:00,8707.25,8707.26,8707.25,8707.25,45.82942267808831
2026-05-25T19:00:00+00:00,8707.25,8708.24,8707.25,8708.24,59.1824109911989
2026-05-25T19:15:00+00:00,8708.24,8708.26,8708.24,8708.26,70.9876449241996
2026-05-25T19:30:00+00:00,8708.26,8708.26,8708.25,8708.25,77.2039117242207
2026-05-25T19:45:00+00:00,8708.25,8708.76,8708.25,8708.76,61.845139112187816
2026-05-25T20:00:00+00:00,8708.76,8708.76,8706.27,8708.27,10.135802469135802
2026-05-25T20:15:00+00:00,8708.27,8709.25,8705.26,8708.25,27
2026-05-25T20:30:00+00:00,8708.25,8709.27,8707.76,8708.77,10
2026-05-25T20:45:00+00:00,8708.77,8714.06,8702.55,8714.06,17
2026-05-25T23:00:00+00:00,8700.61,8705.61,8698.61,8699.61,336.8760963552827
2026-05-25T23:15:00+00:00,8699.61,8700.61,8690.61,8693.61,487.60892005087703
2026-05-25T23:30:00+00:00,8693.61,8697.61,8691.61,8694.61,279.375013724047
2026-05-25T23:45:00+00:00,8694.61,8708.61,8665.02,8671.02,427.04761018134224
2026-05-26T00:00:00+00:00,8671.02,8674.93,8637.410000000002,8639.93,1007
2026-05-26T00:15:00+00:00,8639.93,8642.43,8626.910000000002,8630.910000000002,589
2026-05-26T00:30:00+00:00,8630.910000000002,8641.93,8624.910000000002,8625.910000000002,394
2026-05-26T00:45:00+00:00,8625.910000000002,8628.910000000002,8617.410000000002,8623.43,347
2026-05-26T01:00:00+00:00,8623.43,8639.420000000002,8620.410000000002,8638.910000000002,545
2026-05-26T01:15:00+00:00,8638.910000000002,8654.43,8638.410000000002,8638.410000000002,419
2026-05-26T01:30:00+00:00,8638.410000000002,8640.43,8626.410000000002,8626.43,587
2026-05-26T01:45:00+00:00,8626.43,8653.43,8626.410000000002,8643.910000000002,289
2026-05-26T02:00:00+00:00,8643.910000000002,8643.910000000002,8635.910000000002,8635.93,228
2026-05-26T02:15:00+00:00,8635.93,8638.420000000002,8632.420000000002,8634.910000000002,183
2026-05-26T02:30:00+00:00,8634.910000000002,8647.920000000002,8631.920000000002,8646.920000000002,171
2026-05-26T02:45:00+00:00,8646.920000000002,8647.43,8642.410000000002,8643.910000000002,131
2026-05-26T03:00:00+00:00,8643.910000000002,8648.43,8641.910000000002,8643.420000000002,135
2026-05-26T03:15:00+00:00,8643.420000000002,8652.410000000002,8640.410000000002,8645.43,166
2026-05-26T03:30:00+00:00,8645.43,8651.410000000002,8644.420000000002,8649.410000000002,134.9960348929421
2026-05-26T03:45:00+00:00,8649.410000000002,8649.420000000002,8642.410000000002,8644.910000000002,174
2026-05-26T04:00:00+00:00,8644.910000000002,8645.43,8636.410000000002,8644.410000000002,146
2026-05-26T04:15:00+00:00,8644.410000000002,8648.420000000002,8642.420000000002,8644.920000000002,130
2026-05-26T04:30:00+00:00,8644.920000000002,8649.910000000002,8636.410000000002,8648.420000000002,192
2026-05-26T04:45:00+00:00,8648.420000000002,8648.93,8643.910000000002,8644.93,160
2026-05-26T05:00:00+00:00,8644.93,8647.43,8641.910000000002,8644.920000000002,167
2026-05-26T05:15:00+00:00,8644.920000000002,8648.420000000002,8642.910000000002,8648.410000000002,131
2026-05-26T05:30:00+00:00,8648.410000000002,8652.43,8646.420000000002,8650.910000000002,201
2026-05-26T05:45:00+00:00,8650.910000000002,8651.420000000002,8644.910000000002,8644.93,181
2026-05-26T06:00:00+00:00,8644.93,8650.03,8642.01,8647.53,384
2026-05-26T06:15:00+00:00,8647.53,8650.01,8639.51,8643.830000000002,271
2026-05-26T07:00:00+00:00,8655.78,8657.98,8645.27,8656.96,229
2026-05-26T07:15:00+00:00,8656.96,8657.98,8650.96,8651.97,301
2026-05-26T07:30:00+00:00,8651.97,8657.98,8643.97,8657.98,345
2026-05-26T07:45:00+00:00,8657.98,8667.48,8657.98,8664.97,212
2026-05-26T08:00:00+00:00,8664.97,8666.97,8656.96,8657.96,321
2026-05-26T08:15:00+00:00,8657.96,8665.47,8657.48,8660.98,200
2026-05-26T08:30:00+00:00,8660.98,8661.48,8656.46,8658.47,232
2026-05-26T08:45:00+00:00,8658.47,8661.98,8655.97,8657.48,211
2026-05-26T09:00:00+00:00,8657.48,8663.97,8655.46,8657.96,231
2026-05-26T09:15:00+00:00,8657.96,8668.96,8656.96,8668.47,239
2026-05-26T09:30:00+00:00,8668.47,8669.48,8660.96,8660.96,186
2026-05-26T09:45:00+00:00,8660.96,8663.47,8660.96,8662.48,112
2026-05-26T10:00:00+00:00,8662.48,8667.98,8658.97,8666.97,159
2026-05-26T10:15:00+00:00,8666.97,8671.48,8662.96,8669.46,194
2026-05-26T10:30:00+00:00,8669.46,8673.98,8666.96,8667.97,324
2026-05-26T10:45:00+00:00,8667.97,8669.48,8665.46,8668.46,145.26618705035972
2026-05-26T11:00:00+00:00,8668.46,8671.96,8664.97,8665.47,148
2026-05-26T11:15:00+00:00,8665.47,8669.47,8663.96,8666.48,100
2026-05-26T11:30:00+00:00,8666.48,8667.98,8652.47,8659.98,524
2026-05-26T11:45:00+00:00,8659.98,8666.98,8658.96,8658.96,212
2026-05-26T12:00:00+00:00,8658.96,8659.48,8650.46,8656.96,285
2026-05-26T12:15:00+00:00,8656.96,8659.46,8654.96,8655.98,180
2026-05-26T12:30:00+00:00,8655.98,8657.98,8652.96,8654.98,127
2026-05-26T12:45:00+00:00,8654.98,8660.46,8653.97,8656.96,156
2026-05-26T13:00:00+00:00,8656.96,8658.96,8652.97,8656.48,175
2026-05-26T13:15:00+00:00,8656.48,8663.48,8656.48,8657.98,228
2026-05-26T13:30:00+00:00,8657.98,8665.46,8651.96,8659.48,685
2026-05-26T13:45:00+00:00,8659.48,8662.48,8638.96,8646.28,741
2026-05-26T14:00:00+00:00,8646.28,8650.98,8638.96,8640.48,380
2026-05-26T14:15:00+00:00,8640.48,8645.98,8636.96,8640.98,355
2026-05-26T14:30:00+00:00,8640.98,8646.98,8635.97,8639.96,438
2026-05-26T14:45:00+00:00,8639.96,8645.96,8638.46,8639.97,263
2026-05-26T15:00:00+00:00,8639.97,8640.98,8633.96,8636.96,369
2026-05-26T15:15:00+00:00,8636.96,8636.98,8628.97,8630.48,376
2026-05-26T15:30:00+00:00,8630.48,8635.98,8625.96,8634.97,457
2026-05-26T15:45:00+00:00,8634.97,8638.48,8632.96,8637.98,493
2026-05-26T16:00:00+00:00,8637.98,8640.97,8634.97,8635.48,206
2026-05-26T16:15:00+00:00,8635.48,8643.98,8634.96,8642.98,167
2026-05-26T16:30:00+00:00,8642.98,8646.96,8638.48,8638.98,184
2026-05-26T16:45:00+00:00,8638.98,8640.96,8634.96,8635.96,154
2026-05-26T17:00:00+00:00,8635.96,8638.98,8633.96,8638.97,125
2026-05-26T17:15:00+00:00,8638.97,8638.98,8630.96,8631.48,167
2026-05-26T17:30:00+00:00,8631.48,8636.98,8630.96,8634.48,188
2026-05-26T17:45:00+00:00,8634.48,8638.98,8632.96,8635.47,107
2026-05-26T18:00:00+00:00,8635.47,8640.47,8633.97,8639.97,109
2026-05-26T18:15:00+00:00,8639.97,8640.98,8634.97,8634.98,113
2026-05-26T18:30:00+00:00,8634.98,8638.98,8633.98,8635.46,113
2026-05-26T18:45:00+00:00,8635.46,8637.97,8634.96,8635.98,89
2026-05-26T19:00:00+00:00,8635.98,8637.97,8633.97,8635.97,93
2026-05-26T19:15:00+00:00,8635.97,8639.97,8635.97,8637.96,98.94887300714679
2026-05-26T19:30:00+00:00,8637.96,8646.98,8637.96,8645.96,133.10167464114832
2026-05-26T19:45:00+00:00,8645.96,8649.98,8644.96,8648.98,173
2026-05-26T20:00:00+00:00,8648.98,8650.97,8646.97,8646.97,64.99527393799347
2026-05-26T20:15:00+00:00,8646.97,8647.98,8645.47,8645.47,35
2026-05-26T20:30:00+00:00,8645.47,8648.48,8645.47,8648.46,13
2026-05-26T20:45:00+00:00,8648.46,8650.46,8646.26,8648.77,45
2026-05-26T23:00:00+00:00,8652.21,8662.21,8652.21,8658.21,74.4838098745849
2026-05-26T23:15:00+00:00,8658.21,8665.21,8657.21,8664.21,62.69704688481605
2026-05-26T23:30:00+00:00,8664.21,8673.21,8659.21,8664.21,130.31486851736756
2026-05-26T23:45:00+00:00,8664.21,8672.21,8658.21,8665.159999999998,376.19444805375326
2026-05-27T00:00:00+00:00,8665.159999999998,8682.56,8659.539999999999,8660.05,905
2026-05-27T00:15:00+00:00,8660.05,8663.06,8646.05,8648.55,566
2026-05-27T00:30:00+00:00,8648.55,8658.56,8647.06,8651.039999999999,423
2026-05-27T00:45:00+00:00,8651.039999999999,8659.539999999999,8650.539999999999,8651.55,266
2026-05-27T01:00:00+00:00,8651.55,8651.56,8640.55,8642.05,415
2026-05-27T01:15:00+00:00,8642.05,8650.55,8636.55,8646.06,267
2026-05-27T01:30:00+00:00,8646.06,8684.539999999999,8645.56,8669.06,889
2026-05-27T01:45:00+00:00,8669.06,8677.539999999999,8664.039999999999,8676.06,290
2026-05-27T02:00:00+00:00,8676.06,8679.06,8666.55,8673.039999999999,347
2026-05-27T02:15:00+00:00,8673.039999999999,8677.05,8666.539999999999,8676.05,164
2026-05-27T02:30:00+00:00,8676.05,8682.56,8676.05,8680.56,196
2026-05-27T02:45:00+00:00,8680.56,8685.56,8679.55,8684.55,127
2026-05-27T03:00:00+00:00,8684.55,8688.56,8679.039999999999,8682.539999999999,166
2026-05-27T03:15:00+00:00,8682.539999999999,8687.539999999999,8682.539999999999,8684.539999999999,136
2026-05-27T03:30:00+00:00,8684.539999999999,8687.539999999999,8680.55,8687.539999999999,244
2026-05-27T03:45:00+00:00,8687.539999999999,8687.55,8681.05,8681.539999999999,154
2026-05-27T04:00:00+00:00,8681.539999999999,8689.529999999999,8681.539999999999,8688.05,154.9088348271447
2026-05-27T04:15:00+00:00,8688.05,8688.529999999999,8676.029999999999,8678.55,235
2026-05-27T04:30:00+00:00,8678.55,8687.55,8676.539999999999,8686.55,206
2026-05-27T04:45:00+00:00,8686.55,8696.029999999999,8686.039999999999,8692.029999999999,169
2026-05-27T05:00:00+00:00,8692.029999999999,8698.55,8691.029999999999,8698.55,228
2026-05-27T05:15:00+00:00,8698.55,8709.539999999999,8697.529999999999,8708.05,183
2026-05-27T05:30:00+00:00,8708.05,8713.55,8704.529999999999,8713.539999999999,159
2026-05-27T05:45:00+00:00,8713.539999999999,8716.55,8709.529999999999,8713.55,157
2026-05-27T06:00:00+00:00,8713.55,8727.139999999998,8711.139999999998,8720.639999999998,430
2026-05-27T06:15:00+00:00,8720.639999999998,8733.149999999998,8720.13,8727.429999999998,298
2026-05-27T07:00:00+00:00,8718,8718.02,8708.71,8713.71,108
2026-05-27T07:15:00+00:00,8713.71,8722.71,8711.7,8717.71,196
2026-05-27T07:30:00+00:00,8717.71,8723.7,8717.71,8721.2,146
2026-05-27T07:45:00+00:00,8721.2,8722.21,8716.22,8718.71,101
2026-05-27T08:00:00+00:00,8718.71,8730.7,8717.21,8729.7,286
2026-05-27T08:15:00+00:00,8729.7,8731.71,8723.71,8727.22,244
2026-05-27T08:30:00+00:00,8727.22,8731.71,8724.72,8728.7,215
2026-05-27T08:45:00+00:00,8728.7,8729.71,8724.2,8724.2,175
2026-05-27T09:00:00+00:00,8724.2,8730.7,8722.7,8729.22,185
2026-05-27T09:15:00+00:00,8729.22,8732.72,8725.21,8725.7,153
2026-05-27T09:30:00+00:00,8725.7,8729.2,8724.7,8728.7,128
2026-05-27T09:45:00+00:00,8728.7,8733.72,8726.7,8731.2,129.7674418604651
2026-05-27T10:00:00+00:00,8731.2,8734.21,8726.71,8734.21,169
2026-05-27T10:15:00+00:00,8734.21,8734.71,8730.7,8731.7,88
2026-05-27T10:30:00+00:00,8731.7,8731.71,8722.72,8724.7,121
2026-05-27T10:45:00+00:00,8724.7,8726.71,8722.2,8722.71,113
2026-05-27T11:00:00+00:00,8722.71,8726.72,8717.21,8719.72,136
2026-05-27T11:15:00+00:00,8719.72,8723.22,8716.7,8718.21,182
2026-05-27T11:30:00+00:00,8718.21,8719.21,8712.2,8714.21,159
2026-05-27T11:45:00+00:00,8714.21,8715.22,8703.71,8705.2,154
2026-05-27T12:00:00+00:00,8705.2,8705.22,8700.71,8703.2,190
2026-05-27T12:15:00+00:00,8703.2,8735.72,8700.71,8726.7,1775
2026-05-27T12:30:00+00:00,8726.7,8728.71,8715.22,8718.2,720
2026-05-27T12:45:00+00:00,8718.2,8718.22,8704.71,8705.72,345
2026-05-27T13:00:00+00:00,8705.72,8706.71,8699.7,8704.21,335
2026-05-27T13:15:00+00:00,8704.21,8704.72,8697.7,8698.2,276
2026-05-27T13:30:00+00:00,8698.2,8703.7,8689.2,8689.2,731
2026-05-27T13:45:00+00:00,8689.2,8696.72,8688.7,8691.7,680
2026-05-27T14:00:00+00:00,8691.7,8693.72,8683.71,8687.72,504
2026-05-27T14:15:00+00:00,8687.72,8690.72,8668.2,8676.21,589
2026-05-27T14:30:00+00:00,8676.21,8683.22,8663.21,8677.72,848
2026-05-27T14:45:00+00:00,8677.72,8686.22,8677.72,8685.71,374
2026-05-27T15:00:00+00:00,8685.71,8690.22,8681.7,8688.21,386
2026-05-27T15:15:00+00:00,8688.21,8690.71,8683.7,8688.72,330
2026-05-27T15:30:00+00:00,8688.72,8695.22,8675.7,8675.72,684
2026-05-27T15:45:00+00:00,8675.72,8681.72,8671.7,8675.7,499
2026-05-27T16:00:00+00:00,8675.7,8682.7,8672.7,8681.71,371
2026-05-27T16:15:00+00:00,8681.71,8686.72,8679.7,8684.72,196
2026-05-27T16:30:00+00:00,8684.72,8687.72,8682.2,8683.7,160
2026-05-27T16:45:00+00:00,8683.7,8684.72,8675.71,8675.71,112
2026-05-27T17:00:00+00:00,8675.71,8676.72,8663.72,8668.72,256
2026-05-27T17:15:00+00:00,8668.72,8675.72,8667.7,8671.71,169
2026-05-27T17:30:00+00:00,8671.71,8675.72,8671.2,8673.2,157
2026-05-27T17:45:00+00:00,8673.2,8675.72,8670.7,8671.72,139
2026-05-27T18:00:00+00:00,8671.72,8673.7,8666.7,8673.7,139
2026-05-27T18:15:00+00:00,8673.7,8677.72,8673.7,8674.71,143
2026-05-27T18:30:00+00:00,8674.71,8676.72,8671.7,8673.7,123
2026-05-27T18:45:00+00:00,8673.7,8674.72,8670.7,8672.71,100
2026-05-27T19:00:00+00:00,8672.71,8673.72,8670.72,8671.7,98
2026-05-27T19:15:00+00:00,8671.7,8672.71,8666.7,8667.2,86
2026-05-27T19:30:00+00:00,8667.2,8671.72,8667.2,8671.72,117
2026-05-27T19:45:00+00:00,8671.72,8671.72,8663.7,8669.22,181
2026-05-27T20:00:00+00:00,8669.22,8671.71,8667.72,8670.72,91.6164637758782
2026-05-27T20:15:00+00:00,8670.72,8672.7,8668.22,8668.22,50.29376464992455
2026-05-27T20:30:00+00:00,8668.22,8669.72,8667.7,8668.2,30.075361753541426
2026-05-27T20:45:00+00:00,8668.2,8673.02,8666.2,8673.02,55.00974658869396
2026-05-27T23:00:00+00:00,8669.86,8672.86,8666.86,8667.86,42.87125338264849
2026-05-27T23:15:00+00:00,8667.86,8671.86,8660.86,8667.86,142.61417573860754
2026-05-27T23:30:00+00:00,8667.86,8676.86,8660.86,8662.86,154.48449603775828
2026-05-27T23:45:00+00:00,8662.86,8663.86,8626.86,8635.37,384.00640980837517
2026-05-28T00:00:00+00:00,8635.37,8638.76,8612.27,8612.28,843
2026-05-28T00:15:00+00:00,8612.28,8626.28,8610.76,8611.26,645
2026-05-28T00:30:00+00:00,8611.26,8617.78,8599.76,8617.28,520
2026-05-28T00:45:00+00:00,8617.28,8637.78,8616.27,8634.28,402
2026-05-28T01:00:00+00:00,8634.28,8637.27,8622.28,8634.77,486
2026-05-28T01:15:00+00:00,8634.77,8637.28,8622.27,8627.27,449
2026-05-28T01:30:00+00:00,8627.27,8637.78,8627.27,8630.28,477
2026-05-28T01:45:00+00:00,8630.28,8637.77,8627.27,8635.26,327
2026-05-28T02:00:00+00:00,8635.26,8640.27,8619.26,8620.26,389
2026-05-28T02:15:00+00:00,8620.26,8624.28,8618.27,8619.26,230
2026-05-28T02:30:00+00:00,8619.26,8619.77,8602.26,8603.28,278
2026-05-28T02:45:00+00:00,8603.28,8607.28,8595.27,8602.26,276
2026-05-28T03:00:00+00:00,8602.26,8603.28,8592.77,8593.78,361
2026-05-28T03:15:00+00:00,8593.78,8596.78,8580.27,8580.78,422
2026-05-28T03:30:00+00:00,8580.78,8581.28,8557.27,8559.76,1194
2026-05-28T03:45:00+00:00,8559.76,8564.77,8546.76,8546.77,793
2026-05-28T04:00:00+00:00,8546.77,8558.78,8541.27,8546.26,757
2026-05-28T04:15:00+00:00,8546.26,8548.28,8536.26,8542.27,629
2026-05-28T04:30:00+00:00,8542.27,8559.26,8539.26,8552.78,659
2026-05-28T04:45:00+00:00,8552.78,8554.28,8545.76,8552.26,400
2026-05-28T05:00:00+00:00,8552.26,8565.26,8551.26,8564.26,520
2026-05-28T05:15:00+00:00,8564.26,8564.77,8555.77,8560.76,344
2026-05-28T05:30:00+00:00,8560.76,8572.27,8560.28,8570.77,553
2026-05-28T05:45:00+00:00,8570.77,8576.27,8567.26,8572.27,357
2026-05-28T06:00:00+00:00,8572.27,8577.380000000001,8564.36,8567.86,378
2026-05-28T06:15:00+00:00,8567.86,8576.68,8567.86,8576.68,283
2026-05-28T07:00:00+00:00,8600.34,8623.53,8600.34,8612.04,211
2026-05-28T07:15:00+00:00,8612.04,8614.54,8608.53,8611.54,229
2026-05-28T07:30:00+00:00,8611.54,8617.54,8609.52,8615.02,234
2026-05-28T07:45:00+00:00,8615.02,8625.03,8611.52,8624.02,245
2026-05-28T08:00:00+00:00,8624.02,8627.54,8617.52,8622.02,455
2026-05-28T08:15:00+00:00,8622.02,8627.54,8619.52,8624.03,246
2026-05-28T08:30:00+00:00,8624.03,8626.53,8620.03,8624.52,180
2026-05-28T08:45:00+00:00,8624.52,8631.52,8624.52,8630.53,145
2026-05-28T09:00:00+00:00,8630.53,8636.54,8629.03,8634.54,240
2026-05-28T09:15:00+00:00,8634.54,8642.54,8634.52,8640.52,158
2026-05-28T09:30:00+00:00,8640.52,8641.54,8634.54,8635.52,193
2026-05-28T09:45:00+00:00,8635.52,8641.03,8633.02,8634.03,181
2026-05-28T10:00:00+00:00,8634.03,8634.54,8628.04,8630.03,137
2026-05-28T10:15:00+00:00,8630.03,8631.53,8623.53,8625.04,117
2026-05-28T10:30:00+00:00,8625.04,8628.53,8615.52,8616.54,184
2026-05-28T10:45:00+00:00,8616.54,8620.54,8607.03,8613.54,516
2026-05-28T11:00:00+00:00,8613.54,8618.54,8611.53,8616.52,397
2026-05-28T11:15:00+00:00,8616.52,8618.54,8614.52,8617.04,200
2026-05-28T11:30:00+00:00,8617.04,8624.02,8614.52,8623.53,228
2026-05-28T11:45:00+00:00,8623.53,8624.02,8618.52,8619.02,188
2026-05-28T12:00:00+00:00,8619.02,8624.54,8617.52,8623.53,165
2026-05-28T12:15:00+00:00,8623.53,8623.53,8611.52,8618.03,199
2026-05-28T12:30:00+00:00,8618.03,8634.03,8611.84,8633.52,448
2026-05-28T12:45:00+00:00,8633.52,8637.54,8632.52,8634.53,259
2026-05-28T13:00:00+00:00,8634.53,8641.54,8629.52,8630.02,286
2026-05-28T13:15:00+00:00,8630.02,8632.04,8627.52,8628.53,201
2026-05-28T13:30:00+00:00,8628.53,8630.03,8614.02,8628.02,653
2026-05-28T13:45:00+00:00,8628.02,8632.54,8622.02,8631.52,475
2026-05-28T14:00:00+00:00,8631.52,8683.54,8623.52,8661.52,1437
2026-05-28T14:15:00+00:00,8661.52,8663.54,8646.52,8658.04,1726
2026-05-28T14:30:00+00:00,8658.04,8661.03,8647.52,8651.54,796
2026-05-28T14:45:00+00:00,8651.54,8657.53,8642.52,8649.53,776.4727368978296
2026-05-28T15:00:00+00:00,8649.53,8656.050000000001,8647.53,8651.550000000001,491
2026-05-28T15:15:00+00:00,8651.550000000001,8656.050000000001,8644.04,8654.03,303
2026-05-28T15:30:00+00:00,8654.03,8654.550000000001,8645.03,8651.04,393
2026-05-28T15:45:00+00:00,8651.04,8658.050000000001,8650.03,8655.03,177
2026-05-28T16:00:00+00:00,8655.03,8657.54,8651.04,8656.550000000001,188
2026-05-28T16:15:00+00:00,8656.550000000001,8665.050000000001,8654.04,8658.550000000001,383
2026-05-28T16:30:00+00:00,8658.550000000001,8661.050000000001,8657.03,8660.53,206
2026-05-28T16:45:00+00:00,8660.53,8669.050000000001,8660.53,8668.050000000001,164
2026-05-28T17:00:00+00:00,8668.050000000001,8669.04,8661.04,8662.050000000001,97
2026-05-28T17:15:00+00:00,8662.050000000001,8663.050000000001,8655.53,8658.050000000001,144.43570696721312
2026-05-28T17:30:00+00:00,8658.050000000001,8660.050000000001,8656.03,8657.04,87
2026-05-28T17:45:00+00:00,8657.04,8662.050000000001,8656.53,8661.04,102
2026-05-28T18:00:00+00:00,8661.04,8663.050000000001,8656.54,8658.04,113
2026-05-28T18:15:00+00:00,8658.04,8662.54,8655.53,8657.53,210
2026-05-28T18:30:00+00:00,8657.53,8657.550000000001,8650.04,8652.050000000001,122
2026-05-28T18:45:00+00:00,8652.050000000001,8656.04,8651.53,8653.53,82
2026-05-28T19:00:00+00:00,8653.53,8655.04,8649.050000000001,8649.54,68
2026-05-28T19:15:00+00:00,8649.54,8653.050000000001,8649.03,8653.050000000001,66
2026-05-28T19:30:00+00:00,8653.050000000001,8656.050000000001,8652.53,8652.53,103
2026-05-28T19:45:00+00:00,8652.53,8656.04,8652.03,8654.550000000001,144
2026-05-28T20:00:00+00:00,8654.550000000001,8656.050000000001,8653.53,8654.04,45.97209302325581
2026-05-28T20:15:00+00:00,8654.04,8655.050000000001,8653.03,8655.04,31.956645344705045
2026-05-28T20:30:00+00:00,8655.04,8655.54,8653.54,8654.550000000001,29.765917765491672
2026-05-28T20:45:00+00:00,8654.550000000001,8663.34,8648.33,8663.34,37.807428716889085
2026-05-28T23:00:00+00:00,8648.01,8656.01,8648.01,8656.01,40.4586522450348
2026-05-28T23:15:00+00:00,8656.01,8664.01,8656.01,8662.01,62.54121151054754
2026-05-28T23:30:00+00:00,8662.01,8665.01,8659.01,8663.01,82.23648620828538
2026-05-28T23:45:00+00:00,8663.01,8667.01,8645.960000000001,8654.970000000001,299.29358000589343
2026-05-29T00:00:00+00:00,8654.970000000001,8666.35,8649.87,8656.87,984
2026-05-29T00:15:00+00:00,8656.87,8666.36,8656.87,8658.86,455
2026-05-29T00:30:00+00:00,8658.86,8661.36,8649.86,8656.87,280
2026-05-29T00:45:00+00:00,8656.87,8660.37,8646.36,8652.37,271
2026-05-29T01:00:00+00:00,8652.37,8669.37,8651.37,8668.36,442
2026-05-29T01:15:00+00:00,8668.36,8670.35,8659.35,8666.35,378
2026-05-29T01:30:00+00:00,8666.35,8677.37,8664.85,8676.37,292
2026-05-29T01:45:00+00:00,8676.37,8685.37,8672.86,8672.86,184
2026-05-29T02:00:00+00:00,8672.86,8682.36,8668.87,8681.37,196
2026-05-29T02:15:00+00:00,8681.37,8688.85,8677.85,8678.86,209
2026-05-29T02:30:00+00:00,8678.86,8681.37,8673.85,8676.85,160
2026-05-29T02:45:00+00:00,8676.85,8685.37,8674.36,8683.87,107
2026-05-29T03:00:00+00:00,8683.87,8695.87,8683.35,8694.85,210
2026-05-29T03:15:00+00:00,8694.85,8702.37,8693.86,8700.87,129
2026-05-29T03:30:00+00:00,8700.87,8702.37,8695.35,8695.87,119
2026-05-29T03:45:00+00:00,8695.87,8703.37,8694.37,8702.85,137
2026-05-29T04:00:00+00:00,8702.85,8715.87,8702.35,8709.36,163
2026-05-29T04:15:00+00:00,8709.36,8712.37,8705.35,8711.37,160
2026-05-29T04:30:00+00:00,8711.37,8720.35,8711.37,8717.87,137
2026-05-29T04:45:00+00:00,8717.87,8719.87,8713.86,8714.35,118
2026-05-29T05:00:00+00:00,8714.35,8722.36,8713.35,8721.37,145
2026-05-29T05:15:00+00:00,8721.37,8722.86,8716.36,8716.36,84
2026-05-29T05:30:00+00:00,8716.36,8716.36,8701.35,8707.36,176
2026-05-29T05:45:00+00:00,8707.36,8710.37,8704.86,8708.36,133
2026-05-29T06:00:00+00:00,8708.36,8735.960000000001,8707.45,8731.95,614
2026-05-29T06:15:00+00:00,8731.95,8732.470000000001,8720.95,8725.76,425
2026-05-29T07:00:00+00:00,8727.58,8741.79,8726.08,8740.29,173
2026-05-29T07:15:00+00:00,8740.29,8750.79,8738.78,8743.79,340
2026-05-29T07:30:00+00:00,8743.79,8744.29,8732.78,8737.77,315
2026-05-29T07:45:00+00:00,8737.77,8746.79,8735.77,8745.77,187
2026-05-29T08:00:00+00:00,8745.77,8750.78,8733.78,8734.78,305
2026-05-29T08:15:00+00:00,8734.78,8735.78,8727.77,8730.29,207
2026-05-29T08:30:00+00:00,8730.29,8735.78,8727.27,8729.28,145
2026-05-29T08:45:00+00:00,8729.28,8731.79,8727.28,8728.28,145
2026-05-29T09:00:00+00:00,8728.28,8737.28,8726.78,8734.78,225
2026-05-29T09:15:00+00:00,8734.78,8739.79,8732.77,8738.79,185
2026-05-29T09:30:00+00:00,8738.79,8746.29,8737.28,8745.28,181
2026-05-29T09:45:00+00:00,8745.28,8751.79,8739.77,8740.79,216
2026-05-29T10:00:00+00:00,8740.79,8740.79,8734.78,8737.78,182
2026-05-29T10:15:00+00:00,8737.78,8739.78,8734.78,8738.28,201.4395072591289
2026-05-29T10:30:00+00:00,8738.28,8744.78,8735.77,8739.77,202
2026-05-29T10:45:00+00:00,8739.77,8743.78,8738.78,8742.27,209.91992373689226
2026-05-29T11:00:00+00:00,8742.27,8745.79,8737.77,8740.28,176
2026-05-29T11:15:00+00:00,8740.28,8745.29,8737.78,8737.78,116
2026-05-29T11:30:00+00:00,8737.78,8742.78,8734.78,8741.27,176
2026-05-29T11:45:00+00:00,8741.27,8743.78,8732.27,8741.28,297
2026-05-29T12:00:00+00:00,8741.28,8742.79,8736.27,8736.79,245
2026-05-29T12:15:00+00:00,8736.79,8749.29,8735.77,8748.78,168.7774158523344
2026-05-29T12:30:00+00:00,8748.78,8751.79,8743.29,8746.78,347
2026-05-29T12:45:00+00:00,8746.78,8752.27,8741.77,8748.27,161
2026-05-29T13:00:00+00:00,8748.27,8753.78,8741.27,8741.28,220
2026-05-29T13:15:00+00:00,8741.28,8741.28,8732.79,8737.78,219
2026-05-29T13:30:00+00:00,8737.78,8745.78,8731.77,8736.79,584
2026-05-29T13:45:00+00:00,8736.79,8736.79,8727.77,8729.28,237
2026-05-29T14:00:00+00:00,8729.28,8735.28,8725.77,8732.77,268
2026-05-29T14:15:00+00:00,8732.77,8736.79,8727.77,8730.79,403
2026-05-29T14:30:00+00:00,8730.79,8737.29,8728.77,8732.78,405
2026-05-29T14:45:00+00:00,8732.78,8754.29,8728.78,8743.79,1044
2026-05-29T15:00:00+00:00,8743.79,8762.79,8743.79,8760.79,537
2026-05-29T15:15:00+00:00,8760.79,8762.79,8736.78,8737.29,638
2026-05-29T15:30:00+00:00,8737.29,8740.78,8727.77,8732.27,1036
2026-05-29T15:45:00+00:00,8732.27,8735.27,8726.77,8733.79,359.1013676588898
2026-05-29T16:00:00+00:00,8733.79,8737.79,8733.78,8736.27,210
2026-05-29T16:15:00+00:00,8736.27,8737.29,8730.27,8731.27,157
2026-05-29T16:30:00+00:00,8731.27,8737.27,8730.27,8735.27,278
2026-05-29T16:45:00+00:00,8735.27,8736.29,8729.78,8732.78,146
2026-05-29T17:00:00+00:00,8732.78,8733.77,8730.29,8733.77,112
2026-05-29T17:15:00+00:00,8733.77,8739.29,8730.77,8730.78,174
2026-05-29T17:30:00+00:00,8730.78,8733.28,8725.28,8725.28,130
2026-05-29T17:45:00+00:00,8725.28,8728.28,8722.27,8722.27,126
2026-05-29T18:00:00+00:00,8722.27,8726.27,8722.27,8725.77,128
2026-05-29T18:15:00+00:00,8725.77,8730.29,8725.27,8728.78,136
2026-05-29T18:30:00+00:00,8728.78,8733.29,8728.27,8730.29,80
2026-05-29T18:45:00+00:00,8730.29,8730.29,8721.28,8721.77,323
2026-05-29T19:00:00+00:00,8721.77,8726.29,8721.28,8725.29,134.2204081632653
2026-05-29T19:15:00+00:00,8725.29,8726.29,8723.27,8725.29,96
2026-05-29T19:30:00+00:00,8725.29,8726.28,8719.27,8719.78,80
2026-05-29T19:45:00+00:00,8719.78,8724.77,8717.27,8717.79,395
2026-05-29T20:00:00+00:00,8717.79,8724.79,8717.77,8721.77,109
2026-05-29T20:15:00+00:00,8721.77,8721.77,8718.28,8719.28,65
2026-05-29T20:30:00+00:00,8719.28,8720.29,8718.27,8718.77,39.03076923076923
2026-05-31T23:45:00+00:00,8718.27,8718.27,8705.56,8707.57,184
2026-06-01T00:00:00+00:00,8707.57,8724.47,8698.96,8716.95,983
2026-06-01T00:15:00+00:00,8716.95,8733.97,8713.96,8721.96,539
2026-06-01T00:30:00+00:00,8721.96,8722.97,8704.45,8707.95,422
2026-06-01T00:45:00+00:00,8707.95,8708.47,8694.45,8703.46,346
2026-06-01T01:00:00+00:00,8703.46,8705.95,8694.95,8702.97,311
2026-06-01T01:15:00+00:00,8702.97,8711.97,8700.45,8709.46,163
2026-06-01T01:30:00+00:00,8709.46,8723.97,8706.97,8723.47,218
2026-06-01T01:45:00+00:00,8723.47,8723.97,8712.95,8717.46,169
2026-06-01T02:00:00+00:00,8717.46,8717.97,8711.95,8715.47,202
2026-06-01T02:15:00+00:00,8715.47,8718.46,8708.96,8717.45,152
2026-06-01T02:30:00+00:00,8717.45,8717.45,8706.95,8710.47,220.32672413793102
2026-06-01T02:45:00+00:00,8710.47,8722.96,8708.95,8720.47,167
2026-06-01T03:00:00+00:00,8720.47,8723.47,8714.95,8715.96,198
2026-06-01T03:15:00+00:00,8715.96,8719.97,8711.46,8717.45,270
2026-06-01T03:30:00+00:00,8717.45,8725.97,8708.97,8709.96,250
2026-06-01T03:45:00+00:00,8709.96,8710.97,8704.45,8704.97,208
2026-06-01T04:00:00+00:00,8704.97,8716.47,8702.96,8716.46,155
2026-06-01T04:15:00+00:00,8716.46,8719.96,8714.96,8715.95,105
2026-06-01T04:30:00+00:00,8715.95,8721.97,8715.95,8719.97,123
2026-06-01T04:45:00+00:00,8719.97,8724.96,8718.97,8721.97,85
2026-06-01T05:00:00+00:00,8721.97,8726.46,8719.95,8725.96,130
2026-06-01T05:15:00+00:00,8725.96,8725.96,8720.45,8722.45,129
2026-06-01T05:30:00+00:00,8722.45,8731.97,8722.45,8730.95,166
2026-06-01T05:45:00+00:00,8730.95,8735.97,8730.95,8734.96,134
2026-06-01T06:00:00+00:00,8734.96,8734.96,8726.55,8728.06,331
2026-06-01T06:15:00+00:00,8728.06,8728.06,8722.55,8727.35,235
2026-06-01T07:00:00+00:00,8727.35,8731.56,8724.55,8728.56,98
2026-06-01T07:15:00+00:00,8728.56,8732.57,8725.06,8731.57,272
2026-06-01T07:30:00+00:00,8731.57,8733.07,8723.06,8725.57,222
2026-06-01T07:45:00+00:00,8725.57,8735.57,8724.55,8735.06,188
2026-06-01T08:00:00+00:00,8735.06,8738.07,8732.07,8735.05,199
2026-06-01T08:15:00+00:00,8735.05,8736.07,8724.56,8727.55,231
2026-06-01T08:30:00+00:00,8727.55,8730.06,8722.05,8729.06,239
2026-06-01T08:45:00+00:00,8729.06,8734.07,8725.56,8733.57,148
2026-06-01T09:00:00+00:00,8733.57,8737.57,8732.05,8737.56,166
2026-06-01T09:15:00+00:00,8737.56,8743.07,8736.07,8741.55,103
2026-06-01T09:30:00+00:00,8741.55,8743.56,8737.55,8741.05,136
2026-06-01T09:45:00+00:00,8741.05,8747.07,8739.55,8746.56,113
2026-06-01T10:00:00+00:00,8746.56,8755.56,8745.05,8755.07,130
2026-06-01T10:15:00+00:00,8755.07,8759.56,8753.57,8758.06,138
2026-06-01T10:30:00+00:00,8758.06,8763.56,8758.06,8760.55,106
2026-06-01T10:45:00+00:00,8760.55,8764.05,8759.57,8760.55,87
2026-06-01T11:00:00+00:00,8760.55,8760.55,8748.55,8749.56,169
2026-06-01T11:15:00+00:00,8749.56,8749.57,8746.06,8749.05,106
2026-06-01T11:30:00+00:00,8749.05,8757.57,8748.05,8756.56,147
2026-06-01T11:45:00+00:00,8756.56,8757.57,8749.56,8751.57,115
2026-06-01T12:00:00+00:00,8751.57,8751.57,8739.55,8739.55,201
2026-06-01T12:15:00+00:00,8739.55,8747.05,8739.06,8744.57,280
2026-06-01T12:30:00+00:00,8744.57,8753.55,8741.56,8752.57,291
2026-06-01T12:45:00+00:00,8752.57,8754.07,8742.57,8745.57,239
2026-06-01T13:00:00+00:00,8745.57,8746.56,8704.06,8719.07,1405
2026-06-01T13:15:00+00:00,8719.07,8725.57,8680.55,8681.57,1474
2026-06-01T13:30:00+00:00,8681.57,8693.57,8679.57,8685.05,1449
2026-06-01T13:45:00+00:00,8685.05,8690.57,8669.56,8670.57,919
2026-06-01T14:00:00+00:00,8670.57,8688.07,8666.55,8684.05,1023
2026-06-01T14:15:00+00:00,8684.05,8690.57,8674.55,8684.05,885
2026-06-01T14:30:00+00:00,8684.05,8684.56,8669.55,8670.55,504
2026-06-01T14:45:00+00:00,8670.55,8672.07,8663.55,8667.05,428
2026-06-01T15:00:00+00:00,8667.05,8686.57,8664.57,8681.57,544
2026-06-01T15:15:00+00:00,8681.57,8693.57,8680.55,8690.56,342
2026-06-01T15:30:00+00:00,8690.56,8705.57,8690.56,8700.05,1027
2026-06-01T15:45:00+00:00,8700.05,8700.56,8689.56,8689.57,262
2026-06-01T16:00:00+00:00,8689.57,8695.57,8679.56,8681.55,342
2026-06-01T16:15:00+00:00,8681.55,8683.56,8675.56,8681.05,269
2026-06-01T16:30:00+00:00,8681.05,8685.07,8679.55,8681.56,311
2026-06-01T16:45:00+00:00,8681.56,8699.57,8679.57,8699.06,427
2026-06-01T17:00:00+00:00,8699.06,8700.57,8691.57,8693.56,299
2026-06-01T17:15:00+00:00,8693.56,8710.07,8693.56,8710.07,198
2026-06-01T17:30:00+00:00,8710.07,8724.56,8706.55,8714.55,786
2026-06-01T17:45:00+00:00,8714.55,8717.57,8714.05,8714.56,242
2026-06-01T18:00:00+00:00,8714.56,8716.56,8711.56,8712.56,124
2026-06-01T18:15:00+00:00,8712.56,8715.57,8710.55,8711.05,99.6253058371199
2026-06-01T18:30:00+00:00,8711.05,8712.06,8708.05,8709.57,75
2026-06-01T18:45:00+00:00,8709.57,8713.05,8709.55,8710.05,80.96631130063966
2026-06-01T19:00:00+00:00,8710.05,8710.57,8705.56,8705.56,117
2026-06-01T19:15:00+00:00,8705.56,8706.57,8701.55,8701.55,169
2026-06-01T19:30:00+00:00,8701.55,8707.07,8701.07,8704.56,137.45359801488834
2026-06-01T19:45:00+00:00,8704.56,8704.57,8693.57,8697.57,224
2026-06-01T20:00:00+00:00,8697.57,8699.57,8694.55,8697.57,80
2026-06-01T20:15:00+00:00,8697.57,8697.57,8694.57,8696.56,58
2026-06-01T20:30:00+00:00,8696.56,8699.07,8696.06,8698.07,52
2026-06-01T20:45:00+00:00,8698.07,8698.07,8689.55,8691.35,81
2026-06-01T23:00:00+00:00,8682.11,8683.11,8679.11,8682.11,78.23429532660987
2026-06-01T23:15:00+00:00,8682.11,8688.11,8682.11,8683.11,67.67804231477223
2026-06-01T23:30:00+00:00,8683.11,8685.11,8673.11,8683.11,178.336766255054
2026-06-01T23:45:00+00:00,8683.11,8693.11,8643.37,8677.880000000001,496.31435604770166
2026-06-02T00:00:00+00:00,8677.880000000001,8684.78,8641.28,8644.27,1310
2026-06-02T00:15:00+00:00,8644.27,8654.28,8629.26,8633.28,1011
2026-06-02T00:30:00+00:00,8633.28,8639.28,8614.77,8617.27,743
2026-06-02T00:45:00+00:00,8617.27,8618.28,8602.27,8613.28,648
2026-06-02T01:00:00+00:00,8613.28,8638.26,8611.28,8638.26,1090
2026-06-02T01:15:00+00:00,8638.26,8654.77,8636.28,8651.27,732
2026-06-02T01:30:00+00:00,8651.27,8655.26,8643.76,8644.28,690
2026-06-02T01:45:00+00:00,8644.28,8645.28,8617.26,8624.26,640
2026-06-02T02:00:00+00:00,8624.26,8640.26,8624.26,8633.77,561
2026-06-02T02:15:00+00:00,8633.77,8654.27,8633.26,8652.27,408
2026-06-02T02:30:00+00:00,8652.27,8659.28,8651.26,8658.26,290
2026-06-02T02:45:00+00:00,8658.26,8669.78,8657.27,8668.26,250
2026-06-02T03:00:00+00:00,8668.26,8670.28,8660.26,8664.77,216
2026-06-02T03:15:00+00:00,8664.77,8664.78,8655.77,8659.76,225
2026-06-02T03:30:00+00:00,8659.76,8664.27,8656.26,8663.76,264
2026-06-02T03:45:00+00:00,8663.76,8676.27,8662.78,8673.77,248
2026-06-02T04:00:00+00:00,8673.77,8684.77,8669.78,8677.28,216
2026-06-02T04:15:00+00:00,8677.28,8678.28,8673.26,8676.26,170
2026-06-02T04:30:00+00:00,8676.26,8678.27,8670.27,8675.78,172
2026-06-02T04:45:00+00:00,8675.78,8685.77,8675.26,8685.76,180
2026-06-02T05:00:00+00:00,8685.76,8697.28,8685.76,8697.28,257
2026-06-02T05:15:00+00:00,8697.28,8705.28,8695.26,8703.28,179
2026-06-02T05:30:00+00:00,8703.28,8709.78,8703.28,8708.77,186
2026-06-02T05:45:00+00:00,8708.77,8709.28,8703.26,8708.28,190
2026-06-02T06:00:00+00:00,8708.28,8710.880000000001,8701.86,8704.880000000001,464
2026-06-02T06:15:00+00:00,8704.880000000001,8714.17,8704.87,8713.68,236
2026-06-02T07:00:00+00:00,8732.42,8752.61,8732.42,8740.6,106
2026-06-02T07:15:00+00:00,8740.6,8745.1,8737.11,8739.11,178
2026-06-02T07:30:00+00:00,8739.11,8747.12,8736.11,8746.6,201
2026-06-02T07:45:00+00:00,8746.6,8754.1,8744.1,8754.1,191
2026-06-02T08:00:00+00:00,8754.1,8758.62,8752.61,8754.11,285
2026-06-02T08:15:00+00:00,8754.11,8758.12,8750.1,8750.12,260
2026-06-02T08:30:00+00:00,8750.12,8753.62,8747.11,8751.62,159
2026-06-02T08:45:00+00:00,8751.62,8757.62,8751.6,8754.62,138
2026-06-02T09:00:00+00:00,8754.62,8754.62,8745.6,8751.12,186
2026-06-02T09:15:00+00:00,8751.12,8752.6,8745.6,8746.62,155
2026-06-02T09:30:00+00:00,8746.62,8747.61,8739.61,8747.61,143
2026-06-02T09:45:00+00:00,8747.61,8751.12,8745.6,8747.61,149
2026-06-02T10:00:00+00:00,8747.61,8749.12,8741.6,8746.6,142
2026-06-02T10:15:00+00:00,8746.6,8751.62,8744.62,8751.11,154
2026-06-02T10:30:00+00:00,8751.11,8752.62,8748.6,8751.1,104
2026-06-02T10:45:00+00:00,8751.1,8751.62,8744.6,8744.6,134
2026-06-02T11:00:00+00:00,8744.6,8748.11,8743.6,8745.6,145
2026-06-02T11:15:00+00:00,8745.6,8753.12,8743.61,8752.6,140
2026-06-02T11:30:00+00:00,8752.6,8752.62,8746.61,8750.1,159
2026-06-02T11:45:00+00:00,8750.1,8751.62,8746.6,8746.6,112
2026-06-02T12:00:00+00:00,8746.6,8753.12,8743.12,8750.61,147
2026-06-02T12:15:00+00:00,8750.61,8753.6,8747.6,8751.1,188
2026-06-02T12:30:00+00:00,8751.1,8751.62,8744.1,8749.11,293
2026-06-02T12:45:00+00:00,8749.11,8749.62,8742.6,8744.61,156
2026-06-02T13:00:00+00:00,8744.61,8747.61,8735.61,8738.61,418
2026-06-02T13:15:00+00:00,8738.61,8739.62,8735.6,8736.1,187
2026-06-02T13:30:00+00:00,8736.1,8754.62,8735.1,8748.62,601
2026-06-02T13:45:00+00:00,8748.62,8752.11,8737.6,8740.61,268
2026-06-02T14:00:00+00:00,8740.61,8747.62,8735.11,8745.1,366
2026-06-02T14:15:00+00:00,8745.1,8746.62,8737.6,8740.6,370
2026-06-02T14:30:00+00:00,8740.6,8749.1,8739.62,8748.61,394
2026-06-02T14:45:00+00:00,8748.61,8761.61,8748.61,8755.62,227
2026-06-02T15:00:00+00:00,8755.62,8763.1,8754.1,8759.6,191
2026-06-02T15:15:00+00:00,8759.6,8766.12,8758.6,8761.61,226
2026-06-02T15:30:00+00:00,8761.61,8764.62,8757.62,8761.12,275
2026-06-02T15:45:00+00:00,8761.12,8764.62,8756.61,8760.62,208
2026-06-02T16:00:00+00:00,8760.62,8761.62,8753.6,8758.61,237
2026-06-02T16:15:00+00:00,8758.61,8760.62,8752.1,8752.62,148
2026-06-02T16:30:00+00:00,8752.62,8753.6,8748.6,8751.62,136
2026-06-02T16:45:00+00:00,8751.62,8754.61,8751.1,8753.61,93
2026-06-02T17:00:00+00:00,8753.61,8754.62,8744.62,8747.1,128
2026-06-02T17:15:00+00:00,8747.1,8748.62,8742.6,8746.61,111
2026-06-02T17:30:00+00:00,8746.61,8749.61,8742.6,8744.12,109.23270440251572
2026-06-02T17:45:00+00:00,8744.12,8746.11,8742.12,8745.62,90
2026-06-02T18:00:00+00:00,8745.62,8752.62,8745.62,8751.61,86
2026-06-02T18:15:00+00:00,8751.61,8758.12,8751.6,8756.11,106
2026-06-02T18:30:00+00:00,8756.11,8756.62,8754.62,8755.6,62
2026-06-02T18:45:00+00:00,8755.6,8759.62,8754.61,8758.62,86
2026-06-02T19:00:00+00:00,8758.62,8760.62,8757.61,8759.62,43
2026-06-02T19:15:00+00:00,8759.62,8765.12,8759.6,8763.61,53
2026-06-02T19:30:00+00:00,8763.61,8765.62,8762.1,8763.62,67
2026-06-02T19:45:00+00:00,8763.62,8768.12,8763.6,8766.61,189
2026-06-02T20:00:00+00:00,8766.61,8770.1,8765.6,8769.6,56.06754385964912
2026-06-02T20:15:00+00:00,8769.6,8770.12,8768.6,8768.62,20
2026-06-02T20:30:00+00:00,8768.62,8768.62,8767.1,8768.61,17
2026-06-02T20:45:00+00:00,8768.61,8769.12,8767.6,8768.61,38
2026-06-02T23:00:00+00:00,8758.07,8759.07,8740.07,8746.07,122.6441640416292
2026-06-02T23:15:00+00:00,8746.07,8747.07,8725.07,8742.07,271.5156321462796
2026-06-02T23:30:00+00:00,8742.07,8763.07,8740.07,8759.07,232.95175515389704
2026-06-02T23:45:00+00:00,8759.07,8769.07,8752.099999999999,8762.619999999999,366.1281746479888
2026-06-03T00:00:00+00:00,8762.619999999999,8762.619999999999,8744.5,8759.019999999999,818
2026-06-03T00:15:00+00:00,8759.019999999999,8759.019999999999,8748.5,8751,409
2026-06-03T00:30:00+00:00,8751,8754.5,8740,8751.5,331
2026-06-03T00:45:00+00:00,8751.5,8751.5,8730,8734.019999999999,244
2026-06-03T01:00:00+00:00,8734.019999999999,8744.5,8723.5,8739,384
2026-06-03T01:15:00+00:00,8739,8744.509999999998,8737.5,8741.519999999999,229
2026-06-03T01:30:00+00:00,8741.519999999999,8751.509999999998,8741.509999999998,8751.009999999998,375
2026-06-03T01:45:00+00:00,8751.009999999998,8760.019999999999,8751.009999999998,8760,177
2026-06-03T02:00:00+00:00,8760,8772.009999999998,8760,8770,222
2026-06-03T02:15:00+00:00,8770,8774.019999999999,8767.519999999999,8773.009999999998,152.17335285505123
2026-06-03T02:30:00+00:00,8773.009999999998,8777.019999999999,8768.019999999999,8768.019999999999,173
2026-06-03T02:45:00+00:00,8768.019999999999,8779.519999999999,8766.509999999998,8779.5,129
2026-06-03T03:00:00+00:00,8779.5,8779.509999999998,8772.5,8774.019999999999,141
2026-06-03T03:15:00+00:00,8774.019999999999,8780.519999999999,8773.009999999998,8780.509999999998,88
2026-06-03T03:30:00+00:00,8780.509999999998,8792.519999999999,8780.5,8792.009999999998,91
2026-06-03T03:45:00+00:00,8792.009999999998,8796.019999999999,8787.009999999998,8787.5,86
2026-06-03T04:00:00+00:00,8787.5,8796.019999999999,8787.5,8796.019999999999,106
2026-06-03T04:15:00+00:00,8796.019999999999,8798,8787.519999999999,8788.509999999998,68
2026-06-03T04:30:00+00:00,8788.509999999998,8796.019999999999,8785.519999999999,8795.5,86.90614752553617
2026-06-03T04:45:00+00:00,8795.5,8798.509999999998,8795,8796.5,82.4451939291737
2026-06-03T05:00:00+00:00,8796.5,8801.519999999999,8792.5,8801.009999999998,156
2026-06-03T05:15:00+00:00,8801.009999999998,8805.509999999998,8799,8801.019999999999,144
2026-06-03T05:30:00+00:00,8801.019999999999,8801.519999999999,8797.519999999999,8799.009999999998,142
2026-06-03T05:45:00+00:00,8799.009999999998,8800.519999999999,8793,8794.019999999999,154.16176470588235
2026-06-03T06:00:00+00:00,8794.019999999999,8796.099999999999,8775.099999999999,8777.119999999999,531
2026-06-03T06:15:00+00:00,8777.119999999999,8784.919999999998,8775.599999999999,8784.919999999998,255
2026-06-03T07:00:00+00:00,8791.94,8803.66,8791.94,8797.64,148
2026-06-03T07:15:00+00:00,8797.64,8798.66,8781.16,8781.16,193
2026-06-03T07:30:00+00:00,8781.16,8782.15,8770.64,8773.15,295
2026-06-03T07:45:00+00:00,8773.15,8776.66,8769.64,8776.16,157
2026-06-03T08:00:00+00:00,8776.16,8777.66,8769.64,8771.65,305
2026-06-03T08:15:00+00:00,8771.65,8772.66,8766.64,8771.15,294
2026-06-03T08:30:00+00:00,8771.15,8777.65,8766.64,8768.15,309
2026-06-03T08:45:00+00:00,8768.15,8769.66,8765.14,8765.66,149
2026-06-03T09:00:00+00:00,8765.66,8771.65,8762.15,8768.64,159
2026-06-03T09:15:00+00:00,8768.64,8769.14,8763.65,8763.66,183
2026-06-03T09:30:00+00:00,8763.66,8764.64,8759.14,8759.64,136
2026-06-03T09:45:00+00:00,8759.64,8764.66,8757.14,8758.14,181
2026-06-03T10:00:00+00:00,8758.14,8773.65,8756.14,8766.14,786
2026-06-03T10:15:00+00:00,8766.14,8766.66,8759.15,8762.16,205
2026-06-03T10:30:00+00:00,8762.16,8762.66,8752.64,8753.16,147
2026-06-03T10:45:00+00:00,8753.16,8758.66,8750.64,8758.66,138
2026-06-03T11:00:00+00:00,8758.66,8759.64,8752.14,8753.64,174
2026-06-03T11:15:00+00:00,8753.64,8753.66,8749.64,8751.14,111
2026-06-03T11:30:00+00:00,8751.14,8758.15,8750.64,8758.15,98
2026-06-03T11:45:00+00:00,8758.15,8758.15,8752.64,8753.15,165.45816956765862
2026-06-03T12:00:00+00:00,8753.15,8756.16,8748.64,8749.66,105
2026-06-03T12:15:00+00:00,8749.66,8749.66,8740.14,8740.15,194
2026-06-03T12:30:00+00:00,8740.15,8741.64,8732.65,8737.14,233
2026-06-03T12:45:00+00:00,8737.14,8746.15,8736.65,8740.65,225
2026-06-03T13:00:00+00:00,8740.65,8747.16,8739.65,8743.64,230
2026-06-03T13:15:00+00:00,8743.64,8745.16,8739.64,8742.65,197
2026-06-03T13:30:00+00:00,8742.65,8745.66,8729.64,8730.16,582
2026-06-03T13:45:00+00:00,8730.16,8740.66,8721.14,8740.14,665
2026-06-03T14:00:00+00:00,8740.14,8750.16,8738.16,8745.14,435
2026-06-03T14:15:00+00:00,8745.14,8749.66,8732.65,8748.65,542
2026-06-03T14:30:00+00:00,8748.65,8753.14,8738.65,8739.66,428
2026-06-03T14:45:00+00:00,8739.66,8752.15,8737.64,8746.66,342
2026-06-03T15:00:00+00:00,8746.66,8750.16,8738.15,8739.65,348
2026-06-03T15:15:00+00:00,8739.65,8748.66,8737.66,8746.64,476
2026-06-03T15:30:00+00:00,8746.64,8747.66,8731.64,8734.16,537
2026-06-03T15:45:00+00:00,8734.16,8737.66,8730.64,8734.66,294
2026-06-03T16:00:00+00:00,8734.66,8736.65,8731.64,8733.13,249.512869765655
2026-06-03T16:15:00+00:00,8733.13,8734.14,8725.619999999999,8729.13,296
2026-06-03T16:30:00+00:00,8729.13,8733.119999999999,8725.119999999999,8729.14,205
2026-06-03T16:45:00+00:00,8729.14,8733.64,8727.63,8733.14,231
2026-06-03T17:00:00+00:00,8733.14,8739.14,8728.619999999999,8730.64,218
2026-06-03T17:15:00+00:00,8730.64,8733.119999999999,8729.13,8729.63,157
2026-06-03T17:30:00+00:00,8729.63,8736.13,8727.119999999999,8734.64,108
2026-06-03T17:45:00+00:00,8734.64,8736.14,8731.119999999999,8732.64,113
2026-06-03T18:00:00+00:00,8732.64,8737.119999999999,8732.119999999999,8734.14,108
2026-06-03T18:15:00+00:00,8734.14,8736.14,8729.63,8736.13,145
2026-06-03T18:30:00+00:00,8736.13,8738.14,8731.119999999999,8734.14,155
2026-06-03T18:45:00+00:00,8734.14,8735.14,8733.119999999999,8734.119999999999,96
2026-06-03T19:00:00+00:00,8734.119999999999,8735.14,8731.13,8733.14,111
2026-06-03T19:15:00+00:00,8733.14,8738.14,8731.619999999999,8734.13,140
2026-06-03T19:30:00+00:00,8734.13,8740.14,8734.119999999999,8737.14,159
2026-06-03T19:45:00+00:00,8737.14,8738.14,8728.119999999999,8730.14,356
2026-06-03T20:00:00+00:00,8730.14,8732.14,8726.63,8727.64,110
2026-06-03T20:15:00+00:00,8727.64,8728.64,8724.119999999999,8724.13,254.6452615225272
2026-06-03T20:30:00+00:00,8724.13,8725.13,8715.63,8716.63,105
2026-06-03T20:45:00+00:00,8716.63,8718.63,8713.119999999999,8714.43,154
2026-06-03T23:00:00+00:00,8719.57,8724.57,8708.57,8712.57,197.95545037143586
2026-06-03T23:15:00+00:00,8712.57,8720.57,8704.57,8719.57,142.00351404683303
2026-06-03T23:30:00+00:00,8719.57,8736.57,8702.57,8721.57,269.79658370703555
2026-06-03T23:45:00+00:00,8721.57,8751.21,8712.57,8750.21,510.91295377885433
2026-06-04T00:00:00+00:00,8750.21,8750.599999999999,8708.099999999999,8711.099999999999,1557
2026-06-04T00:15:00+00:00,8711.099999999999,8719.099999999999,8694.089999999998,8696.089999999998,893
2026-06-04T00:30:00+00:00,8696.089999999998,8701.589999999998,8688.089999999998,8698.089999999998,808
2026-06-04T00:45:00+00:00,8698.089999999998,8698.599999999999,8677.589999999998,8695.599999999999,485
2026-06-04T01:00:00+00:00,8695.599999999999,8708.109999999999,8694.089999999998,8701.099999999999,798
2026-06-04T01:15:00+00:00,8701.099999999999,8701.609999999999,8685.589999999998,8694.589999999998,543
2026-06-04T01:30:00+00:00,8694.589999999998,8703.109999999999,8689.089999999998,8691.089999999998,505
2026-06-04T01:45:00+00:00,8691.089999999998,8694.609999999999,8675.589999999998,8683.609999999999,541
2026-06-04T02:00:00+00:00,8683.609999999999,8690.609999999999,8675.589999999998,8677.609999999999,647
2026-06-04T02:15:00+00:00,8677.609999999999,8677.609999999999,8666.589999999998,8673.599999999999,497
2026-06-04T02:30:00+00:00,8673.599999999999,8674.609999999999,8660.109999999999,8667.609999999999,443
2026-06-04T02:45:00+00:00,8667.609999999999,8683.609999999999,8667.599999999999,8680.599999999999,348
2026-06-04T03:00:00+00:00,8680.599999999999,8690.609999999999,8680.599999999999,8685.599999999999,256
2026-06-04T03:15:00+00:00,8685.599999999999,8688.109999999999,8681.609999999999,8688.089999999998,200
2026-06-04T03:30:00+00:00,8688.089999999998,8690.609999999999,8678.089999999998,8678.599999999999,297
2026-06-04T03:45:00+00:00,8678.599999999999,8686.089999999998,8677.599999999999,8683.109999999999,236
2026-06-04T04:00:00+00:00,8683.109999999999,8685.609999999999,8679.089999999998,8683.599999999999,134
2026-06-04T04:15:00+00:00,8683.599999999999,8687.109999999999,8680.589999999998,8684.609999999999,182
2026-06-04T04:30:00+00:00,8684.609999999999,8689.599999999999,8682.589999999998,8687.099999999999,228
2026-06-04T04:45:00+00:00,8687.099999999999,8693.099999999999,8687.089999999998,8691.589999999998,163
2026-06-04T05:00:00+00:00,8691.589999999998,8693.609999999999,8685.589999999998,8690.599999999999,309
2026-06-04T05:15:00+00:00,8690.599999999999,8692.609999999999,8685.589999999998,8689.089999999998,215
2026-06-04T05:30:00+00:00,8689.089999999998,8699.089999999998,8686.589999999998,8698.599999999999,295
2026-06-04T05:45:00+00:00,8698.599999999999,8698.599999999999,8691.609999999999,8697.589999999998,241
2026-06-04T06:00:00+00:00,8697.589999999998,8700.21,8690.189999999999,8690.71,382
2026-06-04T06:15:00+00:00,8690.71,8690.999999999998,8682.199999999999,8690.509999999998,314
2026-06-04T07:00:00+00:00,8675.89,8695.09,8675.89,8691.08,97
2026-06-04T07:15:00+00:00,8691.08,8694.59,8688.07,8693.57,278
2026-06-04T07:30:00+00:00,8693.57,8697.59,8685.59,8688.57,210
2026-06-04T07:45:00+00:00,8688.57,8691.09,8686.58,8688.08,203
2026-06-04T08:00:00+00:00,8688.08,8689.09,8681.57,8682.09,409
2026-06-04T08:15:00+00:00,8682.09,8683.57,8673.57,8681.57,412
2026-06-04T08:30:00+00:00,8681.57,8687.59,8678.57,8681.58,469
2026-06-04T08:45:00+00:00,8681.58,8682.58,8670.57,8672.57,236
2026-06-04T09:00:00+00:00,8672.57,8673.09,8661.08,8662.08,412
2026-06-04T09:15:00+00:00,8662.08,8665.58,8659.07,8665.07,321
2026-06-04T09:30:00+00:00,8665.07,8675.59,8662.57,8674.59,338
2026-06-04T09:45:00+00:00,8674.59,8683.59,8674.57,8681.58,240
2026-06-04T10:00:00+00:00,8681.58,8681.58,8671.57,8672.59,275
2026-06-04T10:15:00+00:00,8672.59,8673.57,8666.08,8668.09,201
2026-06-04T10:30:00+00:00,8668.09,8669.59,8658.07,8663.08,192
2026-06-04T10:45:00+00:00,8663.08,8665.57,8654.08,8661.09,304
2026-06-04T11:00:00+00:00,8661.09,8673.59,8661.07,8672.58,296
2026-06-04T11:15:00+00:00,8672.58,8686.08,8671.57,8682.58,528
2026-06-04T11:30:00+00:00,8682.58,8683.59,8672.57,8679.58,567
2026-06-04T11:45:00+00:00,8679.58,8697.59,8679.09,8696.07,530
2026-06-04T12:00:00+00:00,8696.07,8699.08,8685.57,8688.58,547
2026-06-04T12:15:00+00:00,8688.58,8696.58,8687.57,8696.09,313
2026-06-04T12:30:00+00:00,8696.09,8700.59,8693.07,8700.58,285
2026-06-04T12:45:00+00:00,8700.58,8705.08,8696.57,8700.09,198
2026-06-04T13:00:00+00:00,8700.09,8705.58,8698.58,8703.59,249
2026-06-04T13:15:00+00:00,8703.59,8707.59,8697.57,8700.59,212
2026-06-04T13:30:00+00:00,8700.59,8714.59,8700.58,8713.57,759
2026-06-04T13:45:00+00:00,8713.57,8724.58,8712.58,8718.58,535
2026-06-04T14:00:00+00:00,8718.58,8723.59,8711.59,8723.07,546
2026-06-04T14:15:00+00:00,8723.07,8726.59,8719.57,8720.58,430
2026-06-04T14:30:00+00:00,8720.58,8720.58,8706.57,8709.58,299
2026-06-04T14:45:00+00:00,8709.58,8711.59,8704.57,8704.57,268
2026-06-04T15:00:00+00:00,8704.57,8705.58,8697.57,8702.07,219
2026-06-04T15:15:00+00:00,8702.07,8703.59,8693.07,8693.59,264
2026-06-04T15:30:00+00:00,8693.59,8703.59,8689.07,8690.59,277
2026-06-04T15:45:00+00:00,8690.59,8703.58,8689.09,8702.59,209
2026-06-04T16:00:00+00:00,8702.59,8712.58,8701.58,8710.08,185
2026-06-04T16:15:00+00:00,8710.08,8712.07,8708.07,8709.59,106
2026-06-04T16:30:00+00:00,8709.59,8710.58,8706.08,8707.08,150
2026-06-04T16:45:00+00:00,8707.08,8710.59,8705.57,8709.57,152.34524158125913
2026-06-04T17:00:00+00:00,8709.57,8715.59,8708.07,8708.08,116
2026-06-04T17:15:00+00:00,8708.08,8708.59,8704.57,8707.57,88.25386551600144
2026-06-04T17:30:00+00:00,8707.57,8709.58,8703.58,8704.09,92
2026-06-04T17:45:00+00:00,8704.09,8707.08,8703.58,8705.59,58
2026-06-04T18:00:00+00:00,8705.59,8707.59,8703.09,8707.57,134.58687615526802
2026-06-04T18:15:00+00:00,8707.57,8710.57,8705.59,8706.09,114
2026-06-04T18:30:00+00:00,8706.09,8706.59,8702.57,8703.58,87
2026-06-04T18:45:00+00:00,8703.58,8708.59,8703.57,8706.59,71.54328358208954
2026-06-04T19:00:00+00:00,8706.59,8708.59,8705.08,8705.59,52
2026-06-04T19:15:00+00:00,8705.59,8710.57,8703.57,8709.57,64.99283154121864
2026-06-04T19:30:00+00:00,8709.57,8711.57,8705.07,8706.59,67.99338235294118
2026-06-04T19:45:00+00:00,8706.59,8708.59,8700.57,8707.57,203
2026-06-04T20:00:00+00:00,8707.57,8708.58,8703.58,8705.08,74
2026-06-04T20:15:00+00:00,8705.08,8705.59,8702.59,8705.09,45
2026-06-04T20:30:00+00:00,8705.09,8707.59,8705.07,8706.08,51.37278931588372
2026-06-04T20:45:00+00:00,8706.08,8714.39,8705.58,8706.87,41.86673368859484
2026-06-04T23:00:00+00:00,8706.57,8708.57,8697.57,8697.57,72.18374599814717
2026-06-04T23:15:00+00:00,8697.57,8700.57,8684.57,8699.57,89.74585179481141
2026-06-04T23:30:00+00:00,8699.57,8700.57,8686.57,8687.57,114.6823105261895
2026-06-04T23:45:00+00:00,8687.57,8691.57,8666.999999999998,8667.49,379.4225756893401
2026-06-05T00:00:00+00:00,8667.49,8669.909999999998,8609.9,8614.909999999998,1649
2026-06-05T00:15:00+00:00,8614.909999999998,8633.89,8606.39,8618.409999999998,1124
2026-06-05T00:30:00+00:00,8618.409999999998,8623.409999999998,8599.909999999998,8606.409999999998,795
2026-06-05T00:45:00+00:00,8606.409999999998,8607.909999999998,8593.909999999998,8606.909999999998,709
2026-06-05T01:00:00+00:00,8606.909999999998,8613.909999999998,8597.89,8597.9,770
2026-06-05T01:15:00+00:00,8597.9,8604.89,8584.9,8601.89,845
2026-06-05T01:30:00+00:00,8601.89,8610.409999999998,8599.909999999998,8601.909999999998,682
2026-06-05T01:45:00+00:00,8601.909999999998,8612.89,8592.4,8604.89,517
2026-06-05T02:00:00+00:00,8604.89,8615.909999999998,8601.89,8615.39,433
2026-06-05T02:15:00+00:00,8615.39,8621.909999999998,8615.39,8618.9,311
2026-06-05T02:30:00+00:00,8618.9,8624.909999999998,8611.89,8613.89,383
2026-06-05T02:45:00+00:00,8613.89,8613.89,8603.89,8603.909999999998,331
2026-06-05T03:00:00+00:00,8603.909999999998,8604.909999999998,8597.89,8598.909999999998,263
2026-06-05T03:15:00+00:00,8598.909999999998,8603.909999999998,8589.89,8590.909999999998,336
2026-06-05T03:30:00+00:00,8590.909999999998,8597.909999999998,8588.89,8595.89,416
2026-06-05T03:45:00+00:00,8595.89,8602.909999999998,8595.39,8596.4,281
2026-06-05T04:00:00+00:00,8596.4,8608.9,8595.89,8605.89,276
2026-06-05T04:15:00+00:00,8605.89,8613.909999999998,8603.909999999998,8604.9,301
2026-06-05T04:30:00+00:00,8604.9,8608.409999999998,8594.909999999998,8600.909999999998,347
2026-06-05T04:45:00+00:00,8600.909999999998,8603.409999999998,8597.909999999998,8598.409999999998,307
2026-06-05T05:00:00+00:00,8598.409999999998,8600.9,8592.39,8593.9,449
2026-06-05T05:15:00+00:00,8593.9,8603.4,8592.89,8595.409999999998,297
2026-06-05T05:30:00+00:00,8595.409999999998,8607.9,8594.909999999998,8600.9,348
2026-06-05T05:45:00+00:00,8600.9,8601.909999999998,8594.9,8599.39,340
2026-06-05T06:00:00+00:00,8599.39,8604.509999999998,8594.49,8595.509999999998,436
2026-06-05T06:15:00+00:00,8595.509999999998,8597.009999999998,8579.99,8586.81,430
2026-06-05T07:00:00+00:00,8612.11,8612.11,8605.79,8609.31,128
2026-06-05T07:15:00+00:00,8609.31,8617.81,8605.29,8615.8,363
2026-06-05T07:30:00+00:00,8615.8,8621.29,8613.79,8616.79,364
2026-06-05T07:45:00+00:00,8616.79,8620.31,8612.8,8613.81,196
2026-06-05T08:00:00+00:00,8613.81,8613.81,8602.3,8612.31,444
2026-06-05T08:15:00+00:00,8612.31,8621.8,8609.8,8621.8,364
2026-06-05T08:30:00+00:00,8621.8,8623.81,8616.81,8616.81,278
2026-06-05T08:45:00+00:00,8616.81,8617.81,8611.81,8616.8,170
2026-06-05T09:00:00+00:00,8616.8,8634.81,8616.79,8628.29,721
2026-06-05T09:15:00+00:00,8628.29,8631.31,8623.81,8626.29,553
2026-06-05T09:30:00+00:00,8626.29,8633.8,8624.29,8624.81,325
2026-06-05T09:45:00+00:00,8624.81,8628.8,8623.29,8624.81,196
2026-06-05T10:00:00+00:00,8624.81,8628.79,8619.8,8628.79,125
2026-06-05T10:15:00+00:00,8628.79,8632.81,8626.8,8631.8,97
2026-06-05T10:30:00+00:00,8631.8,8634.81,8630.8,8634.81,113.82588235294118
2026-06-05T10:45:00+00:00,8634.81,8636.81,8633.79,8633.79,76
2026-06-05T11:00:00+00:00,8633.79,8636.81,8630.79,8635.31,156
2026-06-05T11:15:00+00:00,8635.31,8635.31,8625.3,8634.81,221
2026-06-05T11:30:00+00:00,8634.81,8636.81,8631.79,8633.29,172
2026-06-05T11:45:00+00:00,8633.29,8635.31,8630.8,8632.31,129
2026-06-05T12:00:00+00:00,8632.31,8635.8,8630.8,8633.81,202
2026-06-05T12:15:00+00:00,8633.81,8638.81,8632.29,8633.8,178
2026-06-05T12:30:00+00:00,8633.8,8636.79,8591.1,8611.8,584
2026-06-05T12:45:00+00:00,8611.8,8614.81,8596.29,8598.3,483
2026-06-05T13:00:00+00:00,8598.3,8611.81,8594.31,8604.29,635
2026-06-05T13:15:00+00:00,8604.29,8610.3,8600.79,8602.29,483
2026-06-05T13:30:00+00:00,8602.29,8603.79,8579.29,8580.79,1074
2026-06-05T13:45:00+00:00,8580.79,8590.31,8567.3,8567.31,1107
2026-06-05T14:00:00+00:00,8567.31,8590.31,8560.3,8588.81,1846
2026-06-05T14:15:00+00:00,8588.81,8592.3,8570.8,8576.79,746
2026-06-05T14:30:00+00:00,8576.79,8587.3,8572.81,8582.81,1024
2026-06-05T14:45:00+00:00,8582.81,8588.81,8579.29,8584.8,848
2026-06-05T15:00:00+00:00,8584.8,8585.81,8567.31,8567.31,608
2026-06-05T15:15:00+00:00,8567.31,8569.81,8557.79,8562.79,678
2026-06-05T15:30:00+00:00,8562.79,8565.8,8546.79,8548.29,536.771253935914
2026-06-05T15:45:00+00:00,8548.29,8551.79,8542.270000000002,8542.78,375
2026-06-05T16:00:00+00:00,8542.78,8544.270000000002,8535.79,8540.79,467
2026-06-05T16:15:00+00:00,8540.79,8546.28,8535.270000000002,8542.28,506
2026-06-05T16:30:00+00:00,8542.28,8542.78,8532.28,8534.29,449
2026-06-05T16:45:00+00:00,8534.29,8549.78,8529.770000000002,8548.78,625
2026-06-05T17:00:00+00:00,8548.78,8549.79,8537.78,8540.28,519
2026-06-05T17:15:00+00:00,8540.28,8545.29,8532.28,8544.29,568
2026-06-05T17:30:00+00:00,8544.29,8554.29,8541.28,8542.29,464
2026-06-05T17:45:00+00:00,8542.29,8549.79,8540.270000000002,8549.270000000002,404
2026-06-05T18:00:00+00:00,8549.270000000002,8551.29,8533.270000000002,8533.28,436
2026-06-05T18:15:00+00:00,8533.28,8537.29,8525.270000000002,8528.78,688
2026-06-05T18:30:00+00:00,8528.78,8532.29,8522.770000000002,8526.270000000002,509
2026-06-05T18:45:00+00:00,8526.270000000002,8528.29,8514.270000000002,8517.29,859
2026-06-05T19:00:00+00:00,8517.29,8518.79,8498.770000000002,8501.29,724
2026-06-05T19:15:00+00:00,8501.29,8520.29,8494.770000000002,8520.28,990
2026-06-05T19:30:00+00:00,8520.28,8522.79,8508.79,8515.78,1123
2026-06-05T19:45:00+00:00,8515.78,8526.79,8514.270000000002,8518.770000000002,1105
2026-06-05T20:00:00+00:00,8518.770000000002,8519.28,8491.770000000002,8495.79,680
2026-06-05T20:15:00+00:00,8495.79,8496.79,8488.770000000002,8489.28,273
2026-06-05T20:30:00+00:00,8489.28,8493.770000000002,8484.28,8493.770000000002,126
2026-06-08T07:00:00+00:00,8494.29,8520.3,8494.29,8506.48,224
2026-06-08T07:15:00+00:00,8506.48,8536,8503.48,8528,639
2026-06-08T07:30:00+00:00,8528,8530.48,8522.49,8526.98,559
2026-06-08T07:45:00+00:00,8526.98,8537.5,8525.49,8530.49,495
2026-06-08T08:00:00+00:00,8530.49,8532,8516.98,8517.48,692
2026-06-08T08:15:00+00:00,8517.48,8522.99,8508.5,8516.5,724
2026-06-08T08:30:00+00:00,8516.5,8518,8500.99,8506,572
2026-06-08T08:45:00+00:00,8506,8512.5,8500.48,8508.48,665
2026-06-08T09:00:00+00:00,8508.48,8518,8502.98,8512.48,488
2026-06-08T09:15:00+00:00,8512.48,8519,8510.98,8515.5,293
2026-06-08T09:30:00+00:00,8515.5,8532,8504.48,8522.98,861
2026-06-08T09:45:00+00:00,8522.98,8532.5,8521.48,8530.99,486
2026-06-08T10:00:00+00:00,8530.99,8535.49,8518.98,8531.5,540
2026-06-08T10:15:00+00:00,8531.5,8532.48,8521.48,8526,357
2026-06-08T10:30:00+00:00,8526,8549.5,8524.99,8537.5,753
2026-06-08T10:45:00+00:00,8537.5,8538.5,8527.49,8530.49,356
2026-06-08T11:00:00+00:00,8530.49,8559.48,8522.98,8559.48,824
2026-06-08T11:15:00+00:00,8559.48,8566,8551.99,8557.5,1165
2026-06-08T11:30:00+00:00,8557.5,8565.5,8550.99,8553.48,468
2026-06-08T11:45:00+00:00,8553.48,8560,8547.48,8555.48,396
2026-06-08T12:00:00+00:00,8555.48,8564,8554.99,8558.99,574
2026-06-08T12:15:00+00:00,8558.99,8568.99,8554.5,8568.99,352
2026-06-08T12:30:00+00:00,8568.99,8578.48,8567.98,8571,323
2026-06-08T12:45:00+00:00,8571,8571,8558.98,8565,357
2026-06-08T13:00:00+00:00,8565,8568,8553.49,8554.49,399
2026-06-08T13:15:00+00:00,8554.49,8565,8550.48,8562,424
2026-06-08T13:30:00+00:00,8562,8581.99,8560.48,8563.98,1765
2026-06-08T13:45:00+00:00,8563.98,8569,8551.48,8552,1288
2026-06-08T14:00:00+00:00,8552,8556.5,8536.98,8538.49,1261
2026-06-08T14:15:00+00:00,8538.49,8539.49,8525.98,8526.98,1071
2026-06-08T14:30:00+00:00,8526.98,8542.99,8525.98,8542,1047
2026-06-08T14:45:00+00:00,8542,8551.99,8534.99,8550.99,692
2026-06-08T15:00:00+00:00,8550.99,8557,8547.98,8554.5,444
2026-06-08T15:15:00+00:00,8554.5,8558.99,8545.99,8546.5,525
2026-06-08T15:30:00+00:00,8546.5,8552.48,8535.98,8549.99,993
2026-06-08T15:45:00+00:00,8549.99,8553,8541.48,8544.49,532
2026-06-08T16:00:00+00:00,8544.49,8546,8537.99,8542,555
2026-06-08T16:15:00+00:00,8542,8545.99,8535.98,8535.98,442
2026-06-08T16:30:00+00:00,8535.98,8541,8534.48,8539,498
2026-06-08T16:45:00+00:00,8539,8543.99,8534.98,8534.98,382
2026-06-08T17:00:00+00:00,8534.98,8535.98,8521.48,8525.98,526
2026-06-08T17:15:00+00:00,8525.98,8531.5,8518.98,8531.5,400
2026-06-08T17:30:00+00:00,8531.5,8532.5,8519.98,8521,472
2026-06-08T17:45:00+00:00,8521,8530.5,8521,8528.5,412
2026-06-08T18:00:00+00:00,8528.5,8541.49,8528.5,8535.48,381
2026-06-08T18:15:00+00:00,8535.48,8542.49,8535.48,8541.99,332
2026-06-08T18:30:00+00:00,8541.99,8547,8534.49,8537.99,422
2026-06-08T18:45:00+00:00,8537.99,8541.49,8535.98,8537,261
2026-06-08T19:00:00+00:00,8537,8537.99,8526.48,8526.98,402
2026-06-08T19:15:00+00:00,8526.98,8531,8518.98,8525.99,467
2026-06-08T19:30:00+00:00,8525.99,8531.5,8521.98,8522.49,501
2026-06-08T19:45:00+00:00,8522.49,8532.98,8521.99,8527,586
2026-06-08T20:00:00+00:00,8527,8528,8521.98,8525,152
2026-06-08T20:15:00+00:00,8525,8525.98,8518,8522.48,101
2026-06-08T20:30:00+00:00,8522.48,8524.98,8522.48,8523.98,32
2026-06-08T20:45:00+00:00,8523.98,8526.3,8518.3,8522.79,60
2026-06-08T23:00:00+00:00,8524.61,8531.61,8520.61,8527.61,223.71699549956756
2026-06-08T23:15:00+00:00,8527.61,8530.61,8522.61,8528.61,167.34381664473196
2026-06-08T23:30:00+00:00,8528.61,8536.61,8522.61,8522.61,284.54985505516186
2026-06-08T23:45:00+00:00,8522.61,8525.61,8501.279999999999,8518.279999999999,700.9965132909374
2026-06-09T00:00:00+00:00,8518.279999999999,8528.199999999999,8474.18,8478.699999999999,1997
2026-06-09T00:15:00+00:00,8478.699999999999,8495.199999999999,8476.18,8492.699999999999,1272
2026-06-09T00:30:00+00:00,8492.699999999999,8506.199999999999,8485.19,8505.18,1190
2026-06-09T00:45:00+00:00,8505.18,8515.18,8495.68,8514.19,945
2026-06-09T01:00:00+00:00,8514.19,8523.199999999999,8508.68,8523.19,1041
2026-06-09T01:15:00+00:00,8523.19,8556.69,8519.68,8549.68,1407
2026-06-09T01:30:00+00:00,8549.68,8560.69,8543.18,8553.68,1161
2026-06-09T01:45:00+00:00,8553.68,8566.18,8553.68,8565.18,790
2026-06-09T02:00:00+00:00,8565.18,8571.199999999999,8563.18,8569.199999999999,497
2026-06-09T02:15:00+00:00,8569.199999999999,8569.199999999999,8563.18,8566.19,544
2026-06-09T02:30:00+00:00,8566.19,8575.19,8566.18,8575.19,583
2026-06-09T02:45:00+00:00,8575.19,8584.19,8569.199999999999,8576.18,459
2026-06-09T03:00:00+00:00,8576.18,8588.19,8576.18,8586.18,484
2026-06-09T03:15:00+00:00,8586.18,8597.19,8581.18,8582.69,424
2026-06-09T03:30:00+00:00,8582.69,8593.699999999999,8582.18,8592.68,398
2026-06-09T03:45:00+00:00,8592.68,8597.699999999999,8588.199999999999,8596.18,359
2026-06-09T04:00:00+00:00,8596.18,8596.18,8584.68,8587.18,318
2026-06-09T04:15:00+00:00,8587.18,8593.69,8585.18,8587.69,208
2026-06-09T04:30:00+00:00,8587.69,8596.19,8587.199999999999,8590.199999999999,215
2026-06-09T04:45:00+00:00,8590.199999999999,8599.199999999999,8590.199999999999,8592.68,258.8498498498499
2026-06-09T05:00:00+00:00,8592.68,8600.19,8591.18,8599.199999999999,226
2026-06-09T05:15:00+00:00,8599.199999999999,8604.18,8594.199999999999,8594.199999999999,271
2026-06-09T05:30:00+00:00,8594.199999999999,8605.199999999999,8593.18,8601.19,523
2026-06-09T05:45:00+00:00,8601.19,8604.199999999999,8596.18,8598.69,257
2026-06-09T06:00:00+00:00,8598.69,8599.8,8584.779999999999,8590.3,526
2026-06-09T06:15:00+00:00,8590.3,8595.789999999999,8582.58,8584.6,314
2026-06-09T07:00:00+00:00,8600.78,8603.96,8595.98,8597.47,194
2026-06-09T07:15:00+00:00,8597.47,8602.98,8591.96,8598.98,492
2026-06-09T07:30:00+00:00,8598.98,8606.98,8596.98,8606.97,452
2026-06-09T07:45:00+00:00,8606.97,8608.98,8597.96,8599.96,348
2026-06-09T08:00:00+00:00,8599.96,8622.47,8596.96,8621.98,663
2026-06-09T08:15:00+00:00,8621.98,8625.98,8615.97,8624.98,387
2026-06-09T08:30:00+00:00,8624.98,8632.98,8621.46,8632.48,282
2026-06-09T08:45:00+00:00,8632.48,8633.98,8627.96,8629.97,160
2026-06-09T09:00:00+00:00,8629.97,8639.98,8628.96,8637.98,124
2026-06-09T09:15:00+00:00,8637.98,8642.97,8637.47,8640.48,127.12205416813225
2026-06-09T09:30:00+00:00,8640.48,8646.98,8636.97,8645.98,227
2026-06-09T09:45:00+00:00,8645.98,8648.98,8643.96,8644.96,168
2026-06-09T10:00:00+00:00,8644.96,8646.97,8634.96,8644.96,512
2026-06-09T10:15:00+00:00,8644.96,8644.96,8639.96,8641.48,143
2026-06-09T10:30:00+00:00,8641.48,8642.98,8636.97,8640.47,117
2026-06-09T10:45:00+00:00,8640.47,8645.97,8639.96,8642.47,262.43594306049823
2026-06-09T11:00:00+00:00,8642.47,8644.98,8638.47,8640.98,176
2026-06-09T11:15:00+00:00,8640.98,8643.97,8638.96,8642.98,95
2026-06-09T11:30:00+00:00,8642.98,8644.98,8640.48,8641.97,105
2026-06-09T11:45:00+00:00,8641.97,8642.98,8635.96,8638.46,139
2026-06-09T12:00:00+00:00,8638.46,8638.46,8631.96,8631.96,112
2026-06-09T12:15:00+00:00,8631.96,8636.47,8630.97,8634.48,161
2026-06-09T12:30:00+00:00,8634.48,8642.98,8634.48,8635.97,219
2026-06-09T12:45:00+00:00,8635.97,8644.98,8633.96,8644.48,193
2026-06-09T13:00:00+00:00,8644.48,8651.98,8639.46,8644.46,403
2026-06-09T13:15:00+00:00,8644.46,8645.46,8635.96,8640.98,210
2026-06-09T13:30:00+00:00,8640.98,8654.46,8640.98,8652.97,693
2026-06-09T13:45:00+00:00,8652.97,8671.47,8652.97,8655.48,670
2026-06-09T14:00:00+00:00,8655.48,8661.47,8636.98,8637.97,952
2026-06-09T14:15:00+00:00,8637.97,8643.97,8615.98,8636.98,1807
2026-06-09T14:30:00+00:00,8636.98,8641.98,8609.97,8610.97,1599
2026-06-09T14:45:00+00:00,8610.97,8612.48,8586.48,8609.97,2379
2026-06-09T15:00:00+00:00,8609.97,8613.48,8597.97,8605.97,1723
2026-06-09T15:15:00+00:00,8605.97,8608.98,8558.96,8559.97,1534
2026-06-09T15:30:00+00:00,8559.97,8579.97,8558.46,8576.46,2681
2026-06-09T15:45:00+00:00,8576.46,8585.48,8559.48,8560.98,1515
2026-06-09T16:00:00+00:00,8560.98,8576.97,8558.47,8562.97,1520
2026-06-09T16:15:00+00:00,8562.97,8565.98,8548.96,8560.47,1737
2026-06-09T16:30:00+00:00,8560.47,8570.96,8518.48,8536.46,4306
2026-06-09T16:45:00+00:00,8536.46,8546.98,8526.96,8544.98,2786
2026-06-09T17:00:00+00:00,8544.98,8566.98,8543.96,8565.98,2107
2026-06-09T17:15:00+00:00,8565.98,8582.48,8560.96,8578.98,1435
2026-06-09T17:30:00+00:00,8578.98,8596.97,8574.98,8590.98,960
2026-06-09T17:45:00+00:00,8590.98,8593.47,8580.47,8590.46,1070
2026-06-09T18:00:00+00:00,8590.46,8594.98,8585.46,8591.97,1039
2026-06-09T18:15:00+00:00,8591.97,8604.98,8585.96,8600.98,1233
2026-06-09T18:30:00+00:00,8600.98,8608.48,8598.48,8599.46,787
2026-06-09T18:45:00+00:00,8599.46,8614.48,8598.96,8612.97,676
2026-06-09T19:00:00+00:00,8612.97,8617.48,8603.97,8605.97,701
2026-06-09T19:15:00+00:00,8605.97,8605.97,8590.96,8597.47,1010
2026-06-09T19:30:00+00:00,8597.47,8600.98,8586.46,8591.47,1059
2026-06-09T19:45:00+00:00,8591.47,8619.48,8587.96,8611.96,1451
2026-06-09T20:00:00+00:00,8611.96,8617.48,8606.96,8608.47,361
2026-06-09T20:15:00+00:00,8608.47,8611.48,8605.96,8609.98,143
2026-06-09T20:30:00+00:00,8609.98,8613.98,8606.97,8610.48,117
2026-06-09T20:45:00+00:00,8610.48,8612.46,8606.97,8609.28,75
2026-06-09T23:00:00+00:00,8611.61,8628.61,8606.61,8612.61,574.9318234177282
2026-06-09T23:15:00+00:00,8612.61,8614.61,8600.61,8606.61,403.110527491708
2026-06-09T23:30:00+00:00,8606.61,8607.61,8594.61,8601.61,605.1411116527203
2026-06-09T23:45:00+00:00,8601.61,8614.61,8565.86,8576.85,844.4430185770673
2026-06-10T00:00:00+00:00,8576.85,8606.27,8576.85,8597.77,1803
2026-06-10T00:15:00+00:00,8597.77,8622.77,8594.27,8620.77,1250
2026-06-10T00:30:00+00:00,8620.77,8627.77,8605.25,8624.76,1294
2026-06-10T00:45:00+00:00,8624.76,8648.25,8623.26,8645.75,1266
2026-06-10T01:00:00+00:00,8645.75,8667.26,8644.25,8652.77,1290
2026-06-10T01:15:00+00:00,8652.77,8666.27,8646.26,8654.25,1005
2026-06-10T01:30:00+00:00,8654.25,8657.76,8635.25,8637.25,1525
2026-06-10T01:45:00+00:00,8637.25,8642.27,8625.25,8631.76,1261
2026-06-10T02:00:00+00:00,8631.76,8635.77,8623.26,8632.75,1088
2026-06-10T02:15:00+00:00,8632.75,8634.27,8623.76,8629.25,1200
2026-06-10T02:30:00+00:00,8629.25,8637.27,8618.25,8623.26,934
2026-06-10T02:45:00+00:00,8623.26,8628.27,8613.27,8614.26,744
2026-06-10T03:00:00+00:00,8614.26,8626.77,8614.25,8623.75,862
2026-06-10T03:15:00+00:00,8623.75,8631.76,8612.26,8615.27,743
2026-06-10T03:30:00+00:00,8615.27,8617.27,8603.27,8604.27,1081
2026-06-10T03:45:00+00:00,8604.27,8609.27,8602.25,8608.26,735
2026-06-10T04:00:00+00:00,8608.26,8612.26,8604.76,8607.75,509
2026-06-10T04:15:00+00:00,8607.75,8614.27,8600.25,8600.27,616
2026-06-10T04:30:00+00:00,8600.27,8606.27,8597.25,8597.27,637
2026-06-10T04:45:00+00:00,8597.27,8607.25,8597.25,8598.25,683
2026-06-10T05:00:00+00:00,8598.25,8608.76,8595.25,8607.26,867
2026-06-10T05:15:00+00:00,8607.26,8622.27,8602.25,8622.27,789
2026-06-10T05:30:00+00:00,8622.27,8629.27,8613.26,8622.27,1392
2026-06-10T05:45:00+00:00,8622.27,8637.26,8621.25,8635.27,756
2026-06-10T06:00:00+00:00,8635.27,8645.87,8633.85,8642.86,627
2026-06-10T06:15:00+00:00,8642.86,8647.15,8639.35,8645.65,309
2026-06-10T07:00:00+00:00,8656.82,8657.54,8641.04,8654.52,210
2026-06-10T07:15:00+00:00,8654.52,8661.04,8649.04,8649.04,356
2026-06-10T07:30:00+00:00,8649.04,8655.04,8647.02,8649.54,387
2026-06-10T07:45:00+00:00,8649.54,8656.54,8646.02,8656.54,480
2026-06-10T08:00:00+00:00,8656.54,8658.02,8639.52,8645.04,1003
2026-06-10T08:15:00+00:00,8645.04,8649.04,8639.03,8641.54,840
2026-06-10T08:30:00+00:00,8641.54,8645.03,8629.03,8629.54,636
2026-06-10T08:45:00+00:00,8629.54,8631.04,8619.02,8625.54,720
2026-06-10T09:00:00+00:00,8625.54,8632.54,8616.52,8617.03,777
2026-06-10T09:15:00+00:00,8617.03,8629.04,8614.02,8628.52,644
2026-06-10T09:30:00+00:00,8628.52,8637.04,8622.02,8624.04,746
2026-06-10T09:45:00+00:00,8624.04,8633.04,8619.02,8631.03,565
2026-06-10T10:00:00+00:00,8631.03,8632.02,8621.52,8623.52,623
2026-06-10T10:15:00+00:00,8623.52,8633.52,8617.53,8632.04,727
2026-06-10T10:30:00+00:00,8632.04,8637.03,8629.04,8636.52,632
2026-06-10T10:45:00+00:00,8636.52,8640.04,8630.02,8636.53,640
2026-06-10T11:00:00+00:00,8636.53,8639.54,8583.52,8609.02,2436
2026-06-10T11:15:00+00:00,8609.02,8620.04,8588.52,8603.53,2043
2026-06-10T11:30:00+00:00,8603.53,8608.04,8597.02,8604.03,1313
2026-06-10T11:45:00+00:00,8604.03,8622.54,8601.52,8618.04,874
2026-06-10T12:00:00+00:00,8618.04,8626.54,8615.53,8621.02,935
2026-06-10T12:15:00+00:00,8621.02,8631.04,8615.02,8628.34,868
2026-06-10T12:30:00+00:00,8628.34,8659.53,8628.34,8656.52,2017
2026-06-10T12:45:00+00:00,8656.52,8665.02,8650.52,8651.03,1227
2026-06-10T13:00:00+00:00,8651.03,8657.04,8646.02,8653.53,992
2026-06-10T13:15:00+00:00,8653.53,8659.03,8653.02,8657.02,683
2026-06-10T13:30:00+00:00,8657.02,8696.54,8647.02,8696.03,2258
2026-06-10T13:45:00+00:00,8696.03,8703.02,8680.53,8691.52,1849
2026-06-10T14:00:00+00:00,8691.52,8702.02,8684.02,8693.54,1617
2026-06-10T14:15:00+00:00,8693.54,8696.04,8685.52,8690.03,1370
2026-06-10T14:30:00+00:00,8690.03,8700.04,8684.02,8688.02,1236
2026-06-10T14:45:00+00:00,8688.02,8692.03,8666.02,8668.53,1858
2026-06-10T15:00:00+00:00,8668.53,8687.04,8664.02,8668.53,2146
2026-06-10T15:15:00+00:00,8668.53,8673.54,8655.02,8660.52,2038
2026-06-10T15:30:00+00:00,8660.52,8668.04,8655.02,8666.04,1798
2026-06-10T15:45:00+00:00,8666.04,8669.53,8626.33,8662.03,3044
2026-06-10T16:00:00+00:00,8662.03,8667.04,8648.02,8650.54,1661
2026-06-10T16:15:00+00:00,8650.54,8658.04,8648.03,8654.53,1400
2026-06-10T16:30:00+00:00,8654.53,8663.02,8647.02,8649.54,1337
2026-06-10T16:45:00+00:00,8649.54,8649.54,8638.03,8646.54,1252
2026-06-10T17:00:00+00:00,8646.54,8655.54,8635.02,8637.52,1473
2026-06-10T17:15:00+00:00,8637.52,8642.04,8632.02,8639.04,1216
2026-06-10T17:30:00+00:00,8639.04,8639.54,8625.52,8626.54,1047
2026-06-10T17:45:00+00:00,8626.54,8649.04,8625.52,8648.03,1799
2026-06-10T18:00:00+00:00,8648.03,8656.04,8645.52,8647.02,1071
2026-06-10T18:15:00+00:00,8647.02,8650.04,8635.52,8638.52,1030
2026-06-10T18:30:00+00:00,8638.52,8639.04,8628.52,8629.04,1109
2026-06-10T18:45:00+00:00,8629.04,8630.54,8619.02,8623.04,855
2026-06-10T19:00:00+00:00,8623.04,8625.53,8615.02,8617.02,871
2026-06-10T19:15:00+00:00,8617.02,8619.04,8607.03,8610.04,788
2026-06-10T19:30:00+00:00,8610.04,8621.04,8608.02,8620.02,1075
2026-06-10T19:45:00+00:00,8620.02,8623.52,8601.02,8603.04,1255
2026-06-10T20:00:00+00:00,8603.04,8603.54,8594.02,8599.53,645
2026-06-10T20:15:00+00:00,8599.53,8602.02,8595.53,8597.02,256.98846507678155
2026-06-10T20:30:00+00:00,8597.02,8597.51,8592.51,8593.01,178
2026-06-10T20:45:00+00:00,8593.01,8593.53,8583.81,8583.81,291
2026-06-10T23:00:00+00:00,8567.61,8586.61,8552.61,8562.61,767.9251790405799
2026-06-10T23:15:00+00:00,8562.61,8596.61,8562.61,8582.61,1156.5403142713499
2026-06-10T23:30:00+00:00,8582.61,8596.61,8575.61,8589.61,682.3080220251051
2026-06-10T23:45:00+00:00,8589.61,8593.61,8556.76,8561.26,852.1177731678906
2026-06-11T00:00:00+00:00,8561.26,8575.68,8547.160000000002,8573.160000000002,2404
2026-06-11T00:15:00+00:00,8573.160000000002,8591.68,8568.17,8571.660000000002,2760
2026-06-11T00:30:00+00:00,8571.660000000002,8576.18,8559.68,8563.67,1158
2026-06-11T00:45:00+00:00,8563.67,8599.68,8563.660000000002,8597.660000000002,1218
2026-06-11T01:00:00+00:00,8597.660000000002,8628.68,8595.660000000002,8627.67,1510
2026-06-11T01:15:00+00:00,8627.67,8632.660000000002,8613.68,8628.660000000002,1043
2026-06-11T01:30:00+00:00,8628.660000000002,8629.18,8612.660000000002,8619.18,974
2026-06-11T01:45:00+00:00,8619.18,8623.68,8604.660000000002,8606.17,430
2026-06-11T02:00:00+00:00,8606.17,8619.67,8603.660000000002,8609.18,478
2026-06-11T02:15:00+00:00,8609.18,8610.68,8588.160000000002,8590.17,458
2026-06-11T02:30:00+00:00,8590.17,8593.68,8581.660000000002,8583.660000000002,611
2026-06-11T02:45:00+00:00,8583.660000000002,8603.18,8582.67,8601.68,406
2026-06-11T03:00:00+00:00,8601.68,8611.68,8594.660000000002,8598.18,465
2026-06-11T03:15:00+00:00,8598.18,8605.18,8592.660000000002,8602.17,765
2026-06-11T03:30:00+00:00,8602.17,8612.68,8598.68,8612.660000000002,874
2026-06-11T03:45:00+00:00,8612.660000000002,8626.18,8611.17,8626.17,469
2026-06-11T04:00:00+00:00,8626.17,8636.18,8625.660000000002,8635.68,494
2026-06-11T04:15:00+00:00,8635.68,8648.68,8629.660000000002,8647.67,695
2026-06-11T04:30:00+00:00,8647.67,8661.660000000002,8646.67,8659.160000000002,688
2026-06-11T04:45:00+00:00,8659.160000000002,8662.67,8649.660000000002,8657.18,539
2026-06-11T05:00:00+00:00,8657.18,8658.68,8642.660000000002,8648.160000000002,759
2026-06-11T05:15:00+00:00,8648.160000000002,8650.68,8641.68,8643.67,399
2026-06-11T05:30:00+00:00,8643.67,8648.68,8640.660000000002,8644.17,523
2026-06-11T05:45:00+00:00,8644.17,8644.17,8632.660000000002,8633.160000000002,400
2026-06-11T06:00:00+00:00,8633.160000000002,8633.160000000002,8616.26,8623.28,784
2026-06-11T06:15:00+00:00,8623.28,8633.28,8623.26,8631.070000000002,471
2026-06-11T07:00:00+00:00,8639.78,8663.47,8639.78,8662.99,184
2026-06-11T07:15:00+00:00,8662.99,8682.99,8661.97,8682.99,333
2026-06-11T07:30:00+00:00,8682.99,8692.99,8682.99,8687.49,347
2026-06-11T07:45:00+00:00,8687.49,8688.99,8679.47,8684.48,321
2026-06-11T08:00:00+00:00,8684.48,8701.49,8683.49,8699.97,530
2026-06-11T08:15:00+00:00,8699.97,8699.99,8682.48,8684.49,395
2026-06-11T08:30:00+00:00,8684.49,8689.99,8681.99,8685.98,383
2026-06-11T08:45:00+00:00,8685.98,8686.99,8682.47,8685.99,265
2026-06-11T09:00:00+00:00,8685.99,8686.99,8677.98,8682.48,288
2026-06-11T09:15:00+00:00,8682.48,8689.99,8681.97,8683.97,275
2026-06-11T09:30:00+00:00,8683.97,8688.99,8681.98,8685.47,240
2026-06-11T09:45:00+00:00,8685.47,8694.48,8683.97,8690.97,285
2026-06-11T10:00:00+00:00,8690.97,8692.99,8685.97,8690.98,297
2026-06-11T10:15:00+00:00,8690.98,8692.48,8685.97,8685.98,263
2026-06-11T10:30:00+00:00,8685.98,8694.97,8685.97,8691.48,274
2026-06-11T10:45:00+00:00,8691.48,8694.98,8688.98,8688.98,173
2026-06-11T11:00:00+00:00,8688.98,8688.98,8680.99,8685.99,292
2026-06-11T11:15:00+00:00,8685.99,8686.48,8679.97,8683.97,309
2026-06-11T11:30:00+00:00,8683.97,8694.49,8682.97,8691.48,514
2026-06-11T11:45:00+00:00,8691.48,8696.99,8689.47,8695.49,149
2026-06-11T12:00:00+00:00,8695.49,8695.98,8688.97,8691.99,209
2026-06-11T12:15:00+00:00,8691.99,8693.48,8647.47,8665.98,2086
2026-06-11T12:30:00+00:00,8665.98,8672.99,8652.47,8666.48,1609
2026-06-11T12:45:00+00:00,8666.48,8683.99,8663.97,8680.47,1401
2026-06-11T13:00:00+00:00,8680.47,8681.48,8671.99,8675.49,694
2026-06-11T13:15:00+00:00,8675.49,8682.99,8673.97,8680.97,514
2026-06-11T13:30:00+00:00,8680.97,8698.99,8677.97,8694.97,2024
2026-06-11T13:45:00+00:00,8694.97,8726.99,8693.97,8711.48,1984
2026-06-11T14:00:00+00:00,8711.48,8723.49,8696.47,8697.47,1681
2026-06-11T14:15:00+00:00,8697.47,8706.49,8689.97,8693.47,1967
2026-06-11T14:30:00+00:00,8693.47,8699.99,8688.97,8693.47,1425
2026-06-11T14:45:00+00:00,8693.47,8697.48,8671.48,8673.97,1407
2026-06-11T15:00:00+00:00,8673.97,8697.98,8667.97,8693.98,1815
2026-06-11T15:15:00+00:00,8693.98,8699.49,8685.47,8686.97,1344
2026-06-11T15:30:00+00:00,8686.97,8697.98,8683.47,8688.97,1466
2026-06-11T15:45:00+00:00,8688.97,8691.49,8679.97,8687.47,1095
2026-06-11T16:00:00+00:00,8687.47,8697.99,8682.97,8697.99,772
2026-06-11T16:15:00+00:00,8697.99,8698.49,8682.97,8683.48,877
2026-06-11T16:30:00+00:00,8683.48,8694.49,8678.99,8686.99,935
2026-06-11T16:45:00+00:00,8686.99,8688.48,8677.47,8677.49,677
2026-06-11T17:00:00+00:00,8677.49,8683.98,8665.48,8671.47,1062
2026-06-11T17:15:00+00:00,8671.47,8720.99,8662.48,8718.99,1547
2026-06-11T17:30:00+00:00,8718.99,8762.99,8717.97,8758.47,5377
2026-06-11T17:45:00+00:00,8758.47,8760.99,8739.97,8751.47,1868
2026-06-11T18:00:00+00:00,8751.47,8756.99,8731.47,8744.48,1395
2026-06-11T18:15:00+00:00,8744.48,8753.99,8735.97,8743.47,1389
2026-06-11T18:30:00+00:00,8743.47,8750.99,8740.97,8749.47,884
2026-06-11T18:45:00+00:00,8749.47,8756.98,8748.48,8752.47,580
2026-06-11T19:00:00+00:00,8752.47,8769.97,8751.97,8765.47,962
2026-06-11T19:15:00+00:00,8765.47,8772.98,8763.97,8766.97,677
2026-06-11T19:30:00+00:00,8766.97,8784.99,8766.97,8781.99,1281
2026-06-11T19:45:00+00:00,8781.99,8787.49,8770.47,8783.99,917
2026-06-11T20:00:00+00:00,8783.99,8785.98,8778.47,8785.98,346
2026-06-11T20:15:00+00:00,8785.98,8789.98,8784.48,8786.49,207
2026-06-11T20:30:00+00:00,8786.49,8786.99,8779.97,8781.47,153
2026-06-11T20:45:00+00:00,8781.47,8784.48,8780.97,8783.28,132
2026-06-11T23:00:00+00:00,8797.039999999999,8797.039999999999,8787.039999999999,8792.039999999999,650.1852633365417
2026-06-11T23:15:00+00:00,8792.039999999999,8792.039999999999,8780.01,8785.01,795.1928173766512
2026-06-11T23:30:00+00:00,8785.01,8798.01,8785.01,8793.01,890.274793800648
2026-06-11T23:45:00+00:00,8793.01,8803.01,8773.609999999999,8773.619999999999,1537.5015899174005
2026-06-12T00:00:00+00:00,8773.619999999999,8780.51,8757.01,8778.529999999999,1978
2026-06-12T00:15:00+00:00,8778.529999999999,8801.529999999999,8774.02,8794.529999999999,918
2026-06-12T00:30:00+00:00,8794.529999999999,8800.01,8784.01,8790.029999999999,635
2026-06-12T00:45:00+00:00,8790.029999999999,8809.02,8790.029999999999,8800.51,608
2026-06-12T01:00:00+00:00,8800.51,8802.029999999999,8789.01,8798.01,876
2026-06-12T01:15:00+00:00,8798.01,8810.02,8783.51,8783.51,826
2026-06-12T01:30:00+00:00,8783.51,8797.01,8783.01,8792.01,936
2026-06-12T01:45:00+00:00,8792.01,8812.029999999999,8790.02,8810.529999999999,387
2026-06-12T02:00:00+00:00,8810.529999999999,8817.029999999999,8807.01,8813.51,465
2026-06-12T02:15:00+00:00,8813.51,8820.02,8804.01,8804.01,423
2026-06-12T02:30:00+00:00,8804.01,8810.029999999999,8799.029999999999,8807.02,446
2026-06-12T02:45:00+00:00,8807.02,8811.029999999999,8802.02,8803.029999999999,238
2026-06-12T03:00:00+00:00,8803.029999999999,8808.01,8799.01,8801.02,281
2026-06-12T03:15:00+00:00,8801.02,8804.029999999999,8796.51,8800.02,321
2026-06-12T03:30:00+00:00,8800.02,8814.029999999999,8800.01,8810.01,462
2026-06-12T03:45:00+00:00,8810.01,8814.029999999999,8806.029999999999,8809.029999999999,338
2026-06-12T04:00:00+00:00,8809.029999999999,8809.029999999999,8800.02,8809.029999999999,352
2026-06-12T04:15:00+00:00,8809.029999999999,8810.02,8799.51,8806.01,290
2026-06-12T04:30:00+00:00,8806.01,8812.029999999999,8802.52,8810.029999999999,296
2026-06-12T04:45:00+00:00,8810.029999999999,8811.029999999999,8807.01,8809.52,189
2026-06-12T05:00:00+00:00,8809.52,8815.029999999999,8806.02,8808.529999999999,342
2026-06-12T05:15:00+00:00,8808.529999999999,8810.51,8805.01,8810.02,283
2026-06-12T05:30:00+00:00,8810.02,8810.029999999999,8798.01,8800.529999999999,739
2026-06-12T05:45:00+00:00,8800.529999999999,8801.529999999999,8790.01,8798.029999999999,532
2026-06-12T06:00:00+00:00,8798.029999999999,8813.63,8796.13,8809.609999999999,892
2026-06-12T06:15:00+00:00,8809.609999999999,8814.63,8806.63,8813.92,424
2026-06-12T07:00:00+00:00,8805.69,8805.69,8787.38,8787.89,210
2026-06-12T07:15:00+00:00,8787.89,8794.38,8782.88,8788.89,561
2026-06-12T07:30:00+00:00,8788.89,8803.38,8787.89,8802.9,497
2026-06-12T07:45:00+00:00,8802.9,8832.88,8802.88,8828.4,748
2026-06-12T08:00:00+00:00,8828.4,8854.4,8826.88,8853.39,902
2026-06-12T08:15:00+00:00,8853.39,8874.88,8848.38,8870.9,1010
2026-06-12T08:30:00+00:00,8870.9,8876.4,8858.39,8862.88,659
2026-06-12T08:45:00+00:00,8862.88,8868.89,8858.39,8864.4,469
2026-06-12T09:00:00+00:00,8864.4,8870.4,8862.38,8870.4,443
2026-06-12T09:15:00+00:00,8870.4,8878.4,8869.38,8874.4,577
2026-06-12T09:30:00+00:00,8874.4,8884.89,8871.9,8872.4,445
2026-06-12T09:45:00+00:00,8872.4,8872.88,8865.38,8865.88,376
2026-06-12T10:00:00+00:00,8865.88,8868.4,8853.39,8858.39,441
2026-06-12T10:15:00+00:00,8858.39,8860.39,8833.39,8834.89,630
2026-06-12T10:30:00+00:00,8834.89,8845.89,8833.4,8843.38,498
2026-06-12T10:45:00+00:00,8843.38,8849.39,8841.38,8845.89,444
2026-06-12T11:00:00+00:00,8845.89,8847.4,8839.38,8847.39,388
2026-06-12T11:15:00+00:00,8847.39,8853.4,8845.39,8849.4,345
2026-06-12T11:30:00+00:00,8849.4,8851.4,8839.89,8849.38,362
2026-06-12T11:45:00+00:00,8849.38,8849.88,8839.89,8842.4,296
2026-06-12T12:00:00+00:00,8842.4,8844.39,8828.38,8830.4,446
2026-06-12T12:15:00+00:00,8830.4,8830.9,8818.38,8820.39,421
2026-06-12T12:30:00+00:00,8820.39,8822.39,8806.89,8809.4,525
2026-06-12T12:45:00+00:00,8809.4,8812.39,8799.39,8801.39,606
2026-06-12T13:00:00+00:00,8801.39,8821.89,8799.38,8821.88,478
2026-06-12T13:15:00+00:00,8821.88,8834.39,8820.4,8833.39,412
2026-06-12T13:30:00+00:00,8833.39,8843.4,8805.88,8810.88,3002
2026-06-12T13:45:00+00:00,8810.88,8825.89,8805.88,8823.9,1894
2026-06-12T14:00:00+00:00,8823.9,8850.4,8823.38,8836.38,1120
2026-06-12T14:15:00+00:00,8836.38,8850.4,8829.88,8830.88,1027
2026-06-12T14:30:00+00:00,8830.88,8845.4,8827.89,8828.9,1286
2026-06-12T14:45:00+00:00,8828.9,8861.38,8820.89,8857.38,2508
2026-06-12T15:00:00+00:00,8857.38,8874.39,8853.9,8871.4,1010
2026-06-12T15:15:00+00:00,8871.4,8877.4,8867.88,8869.89,847
2026-06-12T15:30:00+00:00,8869.89,8880.4,8862.38,8862.88,1216
2026-06-12T15:45:00+00:00,8862.88,8868.4,8849.39,8849.89,1112.6353837576657
2026-06-12T16:00:00+00:00,8849.89,8869.89,8842.89,8862.4,1619
2026-06-12T16:15:00+00:00,8862.4,8873.41,8856.89,8859.41,1043
2026-06-12T16:30:00+00:00,8859.41,8864.91,8856.91,8860.9,791
2026-06-12T16:45:00+00:00,8860.9,8866.91,8859.41,8864.39,537
2026-06-12T17:00:00+00:00,8864.39,8875.39,8864.39,8869.89,544
2026-06-12T17:15:00+00:00,8869.89,8874.91,8867.89,8871.41,383
2026-06-12T17:30:00+00:00,8871.41,8871.9,8865.89,8869.91,435
2026-06-12T17:45:00+00:00,8869.91,8871.4,8863.39,8864.91,322
2026-06-12T18:00:00+00:00,8864.91,8866.91,8859.4,8861.39,408
2026-06-12T18:15:00+00:00,8861.39,8864.91,8857.89,8863.91,392
2026-06-12T18:30:00+00:00,8863.91,8870.89,8863.39,8868.4,294
2026-06-12T18:45:00+00:00,8868.4,8868.9,8857.89,8858.91,296
2026-06-12T19:00:00+00:00,8858.91,8864.91,8858.39,8860.4,391
2026-06-12T19:15:00+00:00,8860.4,8866.89,8858.89,8860.4,398
2026-06-12T19:30:00+00:00,8860.4,8861.91,8849.89,8851.89,538
2026-06-12T19:45:00+00:00,8851.89,8852.9,8842.89,8851.9,563
2026-06-12T20:00:00+00:00,8851.9,8853.91,8847.91,8852.89,103
2026-06-12T20:15:00+00:00,8852.89,8853.41,8848.9,8848.91,52
2026-06-12T20:30:00+00:00,8848.91,8849.91,8846.89,8847.41,43.69489559164733
2026-06-14T23:45:00+00:00,8847.9,8889.42,8847.9,8879.41,329
2026-06-15T00:00:00+00:00,8879.41,8927.82,8876.82,8916.3,1554
2026-06-15T00:15:00+00:00,8916.3,8931.8,8910.81,8923.32,909
2026-06-15T00:30:00+00:00,8923.32,8934.32,8922.8,8930.8,469
2026-06-15T00:45:00+00:00,8930.8,8935.8,8922.82,8925.82,441
2026-06-15T01:00:00+00:00,8925.82,8926.32,8911.3,8918.8,602
2026-06-15T01:15:00+00:00,8918.8,8930.82,8917.31,8929.81,318
2026-06-15T01:30:00+00:00,8929.81,8931.31,8917.8,8918.81,421
2026-06-15T01:45:00+00:00,8918.81,8928.81,8918.3,8926.31,266
2026-06-15T02:00:00+00:00,8926.31,8926.31,8915.3,8916.81,242
2026-06-15T02:15:00+00:00,8916.81,8926.82,8915.82,8926.3,203
2026-06-15T02:30:00+00:00,8926.3,8928.82,8915.81,8917.32,193
2026-06-15T02:45:00+00:00,8917.32,8928.82,8916.8,8924.81,213
2026-06-15T03:00:00+00:00,8924.81,8927.32,8915.81,8919.31,279
2026-06-15T03:15:00+00:00,8919.31,8922.82,8915.8,8921.8,209
2026-06-15T03:30:00+00:00,8921.8,8925.32,8917.81,8919.81,311
2026-06-15T03:45:00+00:00,8919.81,8923.82,8917.8,8922.32,219
2026-06-15T04:00:00+00:00,8922.32,8927.8,8918.8,8926.82,244
2026-06-15T04:15:00+00:00,8926.82,8928.31,8920.8,8920.81,189
2026-06-15T04:30:00+00:00,8920.81,8920.81,8910.81,8915.31,194
2026-06-15T04:45:00+00:00,8915.31,8920.81,8913.81,8919.82,144
2026-06-15T05:00:00+00:00,8919.82,8923.82,8917.81,8921.8,159
2026-06-15T05:15:00+00:00,8921.8,8927.82,8920.8,8925.81,167
2026-06-15T05:30:00+00:00,8925.81,8927.82,8919.8,8919.8,271
2026-06-15T05:45:00+00:00,8919.8,8920.32,8910.81,8915.3,301
2026-06-15T06:00:00+00:00,8915.3,8920.41,8910.4,8913.4,492
2026-06-15T06:15:00+00:00,8913.4,8920.72,8907.4,8920.72,350
2026-06-15T07:00:00+00:00,8920.72,8927.4,8914.92,8927.4,87
2026-06-15T07:15:00+00:00,8927.4,8932.91,8925.4,8929.41,345
2026-06-15T07:30:00+00:00,8929.41,8930.92,8920.42,8925.9,362
2026-06-15T07:45:00+00:00,8925.9,8926.91,8920.4,8921.42,358
2026-06-15T08:00:00+00:00,8921.42,8924.92,8915.9,8916.92,516
2026-06-15T08:15:00+00:00,8916.92,8927.41,8914.9,8925.92,313
2026-06-15T08:30:00+00:00,8925.92,8926.92,8920.4,8922.9,321
2026-06-15T08:45:00+00:00,8922.9,8925.41,8916.41,8918.42,256
2026-06-15T09:00:00+00:00,8918.42,8921.92,8914.9,8916.42,260
2026-06-15T09:15:00+00:00,8916.42,8918.92,8912.9,8916.9,270
2026-06-15T09:30:00+00:00,8916.9,8919.4,8910.4,8910.42,193
2026-06-15T09:45:00+00:00,8910.42,8921.42,8910.42,8918.42,177
2026-06-15T10:00:00+00:00,8918.42,8921.41,8913.92,8915.41,182
2026-06-15T10:15:00+00:00,8915.41,8921.92,8912.4,8920.9,213
2026-06-15T10:30:00+00:00,8920.9,8922.42,8915.9,8919.9,176
2026-06-15T10:45:00+00:00,8919.9,8921.42,8916.9,8920.42,130
2026-06-15T11:00:00+00:00,8920.42,8925.42,8917.4,8923.4,207
2026-06-15T11:15:00+00:00,8923.4,8928.42,8920.42,8926.4,191
2026-06-15T11:30:00+00:00,8926.4,8927.41,8918.4,8919.92,238
2026-06-15T11:45:00+00:00,8919.92,8925.4,8918.9,8921.4,285
2026-06-15T12:00:00+00:00,8921.4,8922.92,8917.41,8919.42,327
2026-06-15T12:15:00+00:00,8919.42,8921.9,8914.4,8919.42,312
2026-06-15T12:30:00+00:00,8919.42,8923.91,8917.9,8922.41,203
2026-06-15T12:45:00+00:00,8922.41,8922.42,8914.41,8914.9,249
2026-06-15T13:00:00+00:00,8914.9,8916.42,8910.4,8913.92,174
2026-06-15T13:15:00+00:00,8913.92,8915.92,8907.41,8908.4,175
2026-06-15T13:30:00+00:00,8908.4,8910.91,8886.91,8887.4,735
2026-06-15T13:45:00+00:00,8887.4,8894.42,8884.4,8888.92,563
2026-06-15T14:00:00+00:00,8888.92,8894.41,8882.4,8885.42,583
2026-06-15T14:15:00+00:00,8885.42,8888.42,8880.41,8881.9,485
2026-06-15T14:30:00+00:00,8881.9,8883.91,8874.9,8876.9,410
2026-06-15T14:45:00+00:00,8876.9,8880.42,8864.9,8866.41,393
2026-06-15T15:00:00+00:00,8866.41,8867.42,8853.4,8853.4,388
2026-06-15T15:15:00+00:00,8853.4,8859.4,8851.4,8857.41,440
2026-06-15T15:30:00+00:00,8857.41,8858.92,8851.41,8855.91,499
2026-06-15T15:45:00+00:00,8855.91,8858.41,8851.4,8852.91,238
2026-06-15T16:00:00+00:00,8852.91,8854.92,8844.4,8844.4,179
2026-06-15T16:15:00+00:00,8844.4,8844.42,8837.4,8839.41,188
2026-06-15T16:30:00+00:00,8839.41,8839.92,8830.91,8832.41,114
2026-06-15T16:45:00+00:00,8832.41,8835.92,8824.7,8830.92,177
2026-06-15T17:00:00+00:00,8830.92,8830.92,8813.71,8817.91,334
2026-06-15T17:15:00+00:00,8817.91,8819.42,8814.41,8815.42,132
2026-06-15T17:30:00+00:00,8815.42,8816.42,8801.42,8802.4,128
2026-06-15T17:45:00+00:00,8802.4,8805.92,8798.41,8805.41,146
2026-06-15T18:00:00+00:00,8805.41,8807.41,8791.9,8793.4,284
2026-06-15T18:15:00+00:00,8793.4,8797.42,8776.91,8776.91,246
2026-06-15T18:30:00+00:00,8776.91,8789.42,8771.71,8785.4,287
2026-06-15T18:45:00+00:00,8785.4,8788.91,8776.4,8776.4,212
2026-06-15T19:00:00+00:00,8776.4,8779.41,8769.4,8774.41,256
2026-06-15T19:15:00+00:00,8774.41,8778.42,8768.4,8770.42,260
2026-06-15T19:30:00+00:00,8770.42,8780.41,8770.42,8775.41,282
2026-06-15T19:45:00+00:00,8775.41,8789.42,8773.4,8789.42,495
2026-06-15T20:00:00+00:00,8789.42,8792.92,8786.42,8792.91,106
2026-06-15T20:15:00+00:00,8792.91,8797.41,8791.9,8796.9,45
2026-06-15T20:30:00+00:00,8796.9,8807.4,8795.4,8806.4,78
2026-06-15T20:45:00+00:00,8806.4,8822.72,8805.91,8822.72,111
2026-06-15T23:00:00+00:00,8809.51,8816.51,8809.51,8809.51,108.01923197515694
2026-06-15T23:15:00+00:00,8809.51,8825.51,8808.51,8823.51,147.9152575970364
2026-06-15T23:30:00+00:00,8823.51,8829.51,8818.51,8825.51,223.00213426121022
2026-06-15T23:45:00+00:00,8825.51,8853.59,8825.51,8852.88,546.7067354968854
2026-06-16T00:00:00+00:00,8852.88,8870.49,8835.99,8853.47,1596
2026-06-16T00:15:00+00:00,8853.47,8874.49,8847.97,8871.98,900
2026-06-16T00:30:00+00:00,8871.98,8905.49,8869.48,8902.97,970
2026-06-16T00:45:00+00:00,8902.97,8911.98,8893.49,8901.97,809
2026-06-16T01:00:00+00:00,8901.97,8907.98,8883.97,8891.99,970
2026-06-16T01:15:00+00:00,8891.99,8898.98,8870.89,8894.97,822
2026-06-16T01:30:00+00:00,8894.97,8895.49,8883.97,8883.98,751
2026-06-16T01:45:00+00:00,8883.98,8889.99,8880.88,8885.99,503
2026-06-16T02:00:00+00:00,8885.99,8891.99,8874.99,8879.97,527
2026-06-16T02:15:00+00:00,8879.97,8882.49,8873.47,8880.98,329
2026-06-16T02:30:00+00:00,8880.98,8889.49,8877.98,8883.98,350
2026-06-16T02:45:00+00:00,8883.98,8887.99,8874.97,8881.48,234
2026-06-16T03:00:00+00:00,8881.48,8890.99,8881.48,8886.49,311
2026-06-16T03:15:00+00:00,8886.49,8894.49,8882.97,8891.49,384
2026-06-16T03:30:00+00:00,8891.49,8896.99,8888.97,8892.99,298
2026-06-16T03:45:00+00:00,8892.99,8894.98,8886.97,8891.99,202
2026-06-16T04:00:00+00:00,8891.99,8903.99,8889.99,8902.48,178
2026-06-16T04:15:00+00:00,8902.48,8908.98,8898.97,8899.49,270
2026-06-16T04:30:00+00:00,8899.49,8922.99,8898.97,8922.48,434
2026-06-16T04:45:00+00:00,8922.48,8926.97,8915.97,8920.99,452
2026-06-16T05:00:00+00:00,8920.99,8926.99,8917.97,8919.48,354
2026-06-16T05:15:00+00:00,8919.48,8923.98,8914.99,8917.98,237
2026-06-16T05:30:00+00:00,8917.98,8920.98,8912.98,8917.97,390
2026-06-16T05:45:00+00:00,8917.97,8927.99,8916.97,8923.97,576
2026-06-16T06:00:00+00:00,8923.97,8929.59,8921.58,8922.57,653
2026-06-16T06:15:00+00:00,8922.57,8930.89,8920.58,8929.37,406
2026-06-16T07:00:00+00:00,8920.2,8921.42,8916.7,8920.92,80
2026-06-16T07:15:00+00:00,8920.92,8923.4,8910.9,8916.41,209
2026-06-16T07:30:00+00:00,8916.41,8916.92,8902.4,8905.42,346
2026-06-16T07:45:00+00:00,8905.42,8925.41,8905.42,8924.4,223
2026-06-16T08:00:00+00:00,8924.4,8934.41,8921.41,8931.91,262
2026-06-16T08:15:00+00:00,8931.91,8944.91,8931.4,8944.4,219
2026-06-16T08:30:00+00:00,8944.4,8951.4,8940.4,8945.9,152
2026-06-16T08:45:00+00:00,8945.9,8949.92,8943.91,8948.41,145
2026-06-16T09:00:00+00:00,8948.41,8948.92,8938.4,8939.4,205
2026-06-16T09:15:00+00:00,8939.4,8940.42,8933.9,8937.91,193
2026-06-16T09:30:00+00:00,8937.91,8940.42,8931.42,8931.92,187.57674050632912
2026-06-16T09:45:00+00:00,8931.92,8934.92,8929.4,8933.92,175
2026-06-16T10:00:00+00:00,8933.92,8936.92,8932.4,8933.41,173
2026-06-16T10:15:00+00:00,8933.41,8934.92,8925.91,8927.41,91
2026-06-16T10:30:00+00:00,8927.41,8932.42,8927.41,8930.9,193
2026-06-16T10:45:00+00:00,8930.9,8931.92,8928.41,8930.91,188
2026-06-16T11:00:00+00:00,8930.91,8930.92,8917.9,8921.91,310
2026-06-16T11:15:00+00:00,8921.91,8926.92,8919.42,8924.91,267
2026-06-16T11:30:00+00:00,8924.91,8925.92,8919.9,8924.9,116
2026-06-16T11:45:00+00:00,8924.9,8931.92,8924.9,8931.42,142
2026-06-16T12:00:00+00:00,8931.42,8934.91,8927.4,8929.92,207
2026-06-16T12:15:00+00:00,8929.92,8930.92,8915.9,8919.41,324
2026-06-16T12:30:00+00:00,8919.41,8924.91,8917.42,8917.91,317
2026-06-16T12:45:00+00:00,8917.91,8925.4,8917.91,8923.41,192
2026-06-16T13:00:00+00:00,8923.41,8924.4,8915.4,8918.42,198
2026-06-16T13:15:00+00:00,8918.42,8921.42,8916.4,8919.41,224
2026-06-16T13:30:00+00:00,8919.41,8929.42,8918.91,8921.41,660
2026-06-16T13:45:00+00:00,8921.41,8925.92,8918.91,8924.9,253
2026-06-16T14:00:00+00:00,8924.9,8937.4,8923.91,8936.41,399
2026-06-16T14:15:00+00:00,8936.41,8936.41,8910.91,8910.91,550
2026-06-16T14:30:00+00:00,8910.91,8917.92,8909.4,8910.4,598
2026-06-16T14:45:00+00:00,8910.4,8913.42,8906.4,8910.9,427
2026-06-16T15:00:00+00:00,8910.9,8913.42,8907.4,8911.9,391
2026-06-16T15:15:00+00:00,8911.9,8917.91,8909.9,8915.9,443
2026-06-16T15:30:00+00:00,8915.9,8920.4,8914.4,8917.42,502
2026-06-16T15:45:00+00:00,8917.42,8928.42,8910.9,8921.42,766
2026-06-16T16:00:00+00:00,8921.42,8927.4,8920.91,8925.41,466
2026-06-16T16:15:00+00:00,8925.41,8928.92,8924.9,8926.91,338
2026-06-16T16:30:00+00:00,8926.91,8927.92,8922.4,8922.41,310
2026-06-16T16:45:00+00:00,8922.41,8924.42,8918.41,8920.9,312
2026-06-16T17:00:00+00:00,8920.9,8922.42,8918.4,8920.9,257
2026-06-16T17:15:00+00:00,8920.9,8922.41,8916.4,8920.4,188
2026-06-16T17:30:00+00:00,8920.4,8925.92,8919.4,8924.9,264
2026-06-16T17:45:00+00:00,8924.9,8926.92,8921.9,8926.4,214
2026-06-16T18:00:00+00:00,8926.4,8929.42,8925.91,8927.42,182
2026-06-16T18:15:00+00:00,8927.42,8929.92,8926.4,8927.91,266
2026-06-16T18:30:00+00:00,8927.91,8928.9,8925.42,8925.91,244
2026-06-16T18:45:00+00:00,8925.91,8926.92,8919.4,8920.9,121
2026-06-16T19:00:00+00:00,8920.9,8923.4,8912.9,8913.4,162
2026-06-16T19:15:00+00:00,8913.4,8917.42,8909.4,8915.92,258
2026-06-16T19:30:00+00:00,8915.92,8917.41,8908.41,8911.42,160
2026-06-16T19:45:00+00:00,8911.42,8913.42,8900.9,8903.92,397
2026-06-16T20:00:00+00:00,8903.92,8906.92,8897.72,8899.9,98
2026-06-16T20:15:00+00:00,8899.9,8899.9,8894.4,8898.9,45
2026-06-16T20:30:00+00:00,8898.9,8899.4,8897.4,8897.9,16
2026-06-16T20:45:00+00:00,8897.9,8897.92,8887.7,8889.71,85
2026-06-16T23:00:00+00:00,8895.61,8895.61,8871.61,8876.61,268.6533517323744
2026-06-16T23:15:00+00:00,8876.61,8893.61,8876.61,8893.61,169.78950391091612
2026-06-16T23:30:00+00:00,8893.61,8895.61,8890.61,8893.61,242.38977333196743
2026-06-16T23:45:00+00:00,8893.61,8906.61,8887.61,8889.350000000002,526.7433871941328
2026-06-17T00:00:00+00:00,8889.350000000002,8907.770000000002,8886.650000000001,8907.770000000002,719
2026-06-17T00:15:00+00:00,8907.770000000002,8928.750000000002,8907.770000000002,8925.760000000002,431
2026-06-17T00:30:00+00:00,8925.760000000002,8926.770000000002,8909.750000000002,8914.260000000002,360
2026-06-17T00:45:00+00:00,8914.260000000002,8914.270000000002,8903.760000000002,8907.750000000002,357
2026-06-17T01:00:00+00:00,8907.750000000002,8927.770000000002,8899.750000000002,8926.770000000002,420
2026-06-17T01:15:00+00:00,8926.770000000002,8937.770000000002,8918.760000000002,8935.270000000002,329
2026-06-17T01:30:00+00:00,8935.270000000002,8951.750000000002,8935.270000000002,8944.250000000002,274
2026-06-17T01:45:00+00:00,8944.250000000002,8972.760000000002,8944.250000000002,8972.270000000002,322
2026-06-17T02:00:00+00:00,8972.270000000002,8980.770000000002,8969.270000000002,8974.250000000002,344
2026-06-17T02:15:00+00:00,8974.250000000002,8975.770000000002,8963.770000000002,8969.250000000002,247
2026-06-17T02:30:00+00:00,8969.250000000002,8977.770000000002,8964.270000000002,8972.260000000002,208
2026-06-17T02:45:00+00:00,8972.260000000002,8973.770000000002,8964.750000000002,8968.750000000002,171
2026-06-17T03:00:00+00:00,8968.750000000002,8970.260000000002,8962.260000000002,8963.770000000002,135
2026-06-17T03:15:00+00:00,8963.770000000002,8965.750000000002,8953.750000000002,8956.770000000002,117
2026-06-17T03:30:00+00:00,8956.770000000002,8963.270000000002,8955.260000000002,8962.750000000002,144
2026-06-17T03:45:00+00:00,8962.750000000002,8964.760000000002,8959.760000000002,8960.760000000002,153
2026-06-17T04:00:00+00:00,8960.760000000002,8972.760000000002,8960.760000000002,8971.760000000002,189
2026-06-17T04:15:00+00:00,8971.760000000002,8974.270000000002,8961.760000000002,8961.760000000002,190
2026-06-17T04:30:00+00:00,8961.760000000002,8962.770000000002,8950.770000000002,8953.750000000002,316
2026-06-17T04:45:00+00:00,8953.750000000002,8965.770000000002,8953.750000000002,8963.770000000002,217
2026-06-17T05:00:00+00:00,8963.770000000002,8967.770000000002,8961.760000000002,8967.270000000002,221
2026-06-17T05:15:00+00:00,8967.270000000002,8972.760000000002,8965.750000000002,8969.750000000002,171
2026-06-17T05:30:00+00:00,8969.750000000002,8976.770000000002,8969.750000000002,8971.250000000002,237
2026-06-17T05:45:00+00:00,8971.250000000002,8974.760000000002,8963.750000000002,8966.770000000002,265
2026-06-17T06:00:00+00:00,8966.770000000002,8974.36,8960.37,8961.87,581
2026-06-17T06:15:00+00:00,8961.87,8975.37,8961.350000000002,8969.150000000001,464
2026-06-17T07:00:00+00:00,8961.25,8974.45,8961.25,8969.95,72
2026-06-17T07:15:00+00:00,8969.95,8970.96,8960.95,8964.95,167
2026-06-17T07:30:00+00:00,8964.95,8968.47,8963.47,8967.45,142
2026-06-17T07:45:00+00:00,8967.45,8967.47,8960.45,8960.46,129
2026-06-17T08:00:00+00:00,8960.46,8963.46,8953.96,8954.97,219
2026-06-17T08:15:00+00:00,8954.97,8960.96,8953.45,8956.95,200
2026-06-17T08:30:00+00:00,8956.95,8957.46,8948.45,8951.47,171
2026-06-17T08:45:00+00:00,8951.47,8958.97,8950.95,8956.95,89
2026-06-17T09:00:00+00:00,8956.95,8962.97,8956.45,8962.45,87
2026-06-17T09:15:00+00:00,8962.45,8964.47,8959.95,8963.96,90
2026-06-17T09:30:00+00:00,8963.96,8966.97,8960.95,8963.95,126
2026-06-17T09:45:00+00:00,8963.95,8965.46,8960.95,8963.45,101
2026-06-17T10:00:00+00:00,8963.45,8963.96,8955.46,8961.47,133
2026-06-17T10:15:00+00:00,8961.47,8965.47,8960.45,8960.45,108
2026-06-17T10:30:00+00:00,8960.45,8962.97,8960.45,8962.45,122
2026-06-17T10:45:00+00:00,8962.45,8966.45,8959.47,8959.96,122
2026-06-17T11:00:00+00:00,8959.96,8964.97,8959.96,8964.46,115
2026-06-17T11:15:00+00:00,8964.46,8965.46,8960.97,8962.95,87
2026-06-17T11:30:00+00:00,8962.95,8962.96,8954.45,8954.45,117
2026-06-17T11:45:00+00:00,8954.45,8956.46,8944.95,8949.47,125
2026-06-17T12:00:00+00:00,8949.47,8958.46,8948.96,8956.45,102.26247848537005
2026-06-17T12:15:00+00:00,8956.45,8956.95,8950.45,8954.77,116
2026-06-17T12:30:00+00:00,8954.77,8964.46,8954.45,8960.95,201
2026-06-17T12:45:00+00:00,8960.95,8961.96,8953.97,8954.97,183
2026-06-17T13:00:00+00:00,8954.97,8956.46,8948.46,8950.45,138
2026-06-17T13:15:00+00:00,8950.45,8951.47,8944.47,8946.46,160
2026-06-17T13:30:00+00:00,8946.46,8954.47,8943.45,8949.95,306
2026-06-17T13:45:00+00:00,8949.95,8961.47,8949.95,8956.46,245
2026-06-17T14:00:00+00:00,8956.46,8965.45,8953.95,8961.96,306
2026-06-17T14:15:00+00:00,8961.96,8976.45,8960.45,8973.95,205
2026-06-17T14:30:00+00:00,8973.95,8975.46,8965.45,8969.95,262
2026-06-17T14:45:00+00:00,8969.95,8973.47,8940.95,8958.95,642
2026-06-17T15:00:00+00:00,8958.95,8963.97,8956.45,8962.47,235
2026-06-17T15:15:00+00:00,8962.47,8972.45,8959.95,8971.96,236
2026-06-17T15:30:00+00:00,8971.96,8977.47,8967.45,8970.45,270
2026-06-17T15:45:00+00:00,8970.45,8975.47,8970.45,8973.47,187
2026-06-17T16:00:00+00:00,8973.47,8975.97,8970.45,8971.96,171
2026-06-17T16:15:00+00:00,8971.96,8971.96,8969.45,8970.96,98.39860426929393
2026-06-17T16:30:00+00:00,8970.96,8972.47,8967.45,8968.96,177
2026-06-17T16:45:00+00:00,8968.96,8972.97,8965.45,8971.45,146
2026-06-17T17:00:00+00:00,8971.45,8971.47,8961.47,8969.46,190
2026-06-17T17:15:00+00:00,8969.46,8969.47,8965.45,8966.45,155
2026-06-17T17:30:00+00:00,8966.45,8969.46,8964.46,8967.47,156
2026-06-17T17:45:00+00:00,8967.47,8976.47,8966.45,8976.47,186
2026-06-17T18:00:00+00:00,8976.47,8976.47,8913.95,8928.97,1546
2026-06-17T18:15:00+00:00,8928.97,8943.46,8923.95,8928.47,700
2026-06-17T18:30:00+00:00,8928.47,8962.97,8916.96,8962.97,1514
2026-06-17T18:45:00+00:00,8962.97,8963.97,8925.77,8937.95,900
2026-06-17T19:00:00+00:00,8937.95,8947.46,8917.95,8936.45,1047
2026-06-17T19:15:00+00:00,8936.45,8937.47,8893.95,8896.97,793
2026-06-17T19:30:00+00:00,8896.97,8899.96,8881.45,8882.95,815
2026-06-17T19:45:00+00:00,8882.95,8896.47,8880.96,8884.95,833
2026-06-17T20:00:00+00:00,8884.95,8897.45,8884.45,8894.45,161.88498192573118
2026-06-17T20:15:00+00:00,8894.45,8899.47,8892.95,8896.96,133
2026-06-17T20:30:00+00:00,8896.96,8899.96,8894.45,8896.95,87
2026-06-17T20:45:00+00:00,8896.95,8899.47,8888.77,8895.26,131
2026-06-17T23:00:00+00:00,8906.71,8917.71,8901.71,8911.71,195.01322379605242
2026-06-17T23:15:00+00:00,8911.71,8921.71,8903.71,8903.71,268.7618085256818
2026-06-17T23:30:00+00:00,8903.71,8916.71,8896.71,8909.71,460.7746409471967
2026-06-17T23:45:00+00:00,8909.71,8956.019999999999,8897.71,8947.499999999998,868.3330811391899
2026-06-18T00:00:00+00:00,8947.499999999998,8988.419999999998,8936.419999999998,8988.4,1434
2026-06-18T00:15:00+00:00,8988.4,8995.419999999998,8974.419999999998,8983.419999999998,994
2026-06-18T00:30:00+00:00,8983.419999999998,8993.4,8962.4,8963.419999999998,776
2026-06-18T00:45:00+00:00,8963.419999999998,8964.409999999998,8942.909999999998,8944.4,885
2026-06-18T01:00:00+00:00,8944.4,8953.419999999998,8937.4,8950.909999999998,778
2026-06-18T01:15:00+00:00,8950.909999999998,8957.409999999998,8942.909999999998,8945.419999999998,623
2026-06-18T01:30:00+00:00,8945.419999999998,8948.919999999998,8940.9,8943.409999999998,511
2026-06-18T01:45:00+00:00,8943.409999999998,8943.919999999998,8928.9,8934.919999999998,457
2026-06-18T02:00:00+00:00,8934.919999999998,8938.919999999998,8931.909999999998,8935.919999999998,309
2026-06-18T02:15:00+00:00,8935.919999999998,8940.919999999998,8934.4,8938.919999999998,243
2026-06-18T02:30:00+00:00,8938.919999999998,8941.409999999998,8929.409999999998,8936.9,359
2026-06-18T02:45:00+00:00,8936.9,8938.4,8923.909999999998,8927.919999999998,261
2026-06-18T03:00:00+00:00,8927.919999999998,8929.419999999998,8920.4,8921.9,231
2026-06-18T03:15:00+00:00,8921.9,8936.419999999998,8919.919999999998,8934.409999999998,280
2026-06-18T03:30:00+00:00,8934.409999999998,8936.409999999998,8928.4,8930.409999999998,292
2026-06-18T03:45:00+00:00,8930.409999999998,8931.4,8922.409999999998,8927.909999999998,199
2026-06-18T04:00:00+00:00,8927.909999999998,8938.419999999998,8927.4,8932.9,254
2026-06-18T04:15:00+00:00,8932.9,8935.419999999998,8930.4,8932.9,289
2026-06-18T04:30:00+00:00,8932.9,8932.9,8925.4,8925.919999999998,271
2026-06-18T04:45:00+00:00,8925.919999999998,8929.419999999998,8925.4,8925.4,275
2026-06-18T05:00:00+00:00,8925.4,8935.409999999998,8919.419999999998,8934.409999999998,330
2026-06-18T05:15:00+00:00,8934.409999999998,8944.409999999998,8933.419999999998,8941.9,320
2026-06-18T05:30:00+00:00,8941.9,8945.909999999998,8932.4,8932.4,268
2026-06-18T05:45:00+00:00,8932.4,8933.4,8928.4,8930.419999999998,283
2026-06-18T06:00:00+00:00,8930.419999999998,8930.419999999998,8912.999999999998,8924.009999999998,643
2026-06-18T06:15:00+00:00,8924.009999999998,8930.019999999999,8918.499999999998,8924.8,384
2026-06-18T07:00:00+00:00,8913.85,8923.56,8913.85,8919.56,132
2026-06-18T07:15:00+00:00,8919.56,8936.06,8916.57,8935.57,259
2026-06-18T07:30:00+00:00,8935.57,8935.57,8925.05,8928.56,307
2026-06-18T07:45:00+00:00,8928.56,8929.07,8920.05,8923.07,251
2026-06-18T08:00:00+00:00,8923.07,8929.57,8916.55,8916.57,322
2026-06-18T08:15:00+00:00,8916.57,8918.06,8900.05,8900.05,266
2026-06-18T08:30:00+00:00,8900.05,8905.57,8897.07,8901.05,299
2026-06-18T08:45:00+00:00,8901.05,8901.57,8887.55,8887.55,233
2026-06-18T09:00:00+00:00,8887.55,8893.07,8881.06,8893.06,307
2026-06-18T09:15:00+00:00,8893.06,8899.07,8891.06,8897.06,196
2026-06-18T09:30:00+00:00,8897.06,8897.06,8890.05,8894.07,256
2026-06-18T09:45:00+00:00,8894.07,8903.07,8893.05,8901.05,154
2026-06-18T10:00:00+00:00,8901.05,8901.07,8892.55,8899.56,222
2026-06-18T10:15:00+00:00,8899.56,8902.06,8893.05,8894.07,195
2026-06-18T10:30:00+00:00,8894.07,8896.07,8885.05,8885.56,202
2026-06-18T10:45:00+00:00,8885.56,8888.57,8882.55,8885.05,189
2026-06-18T11:00:00+00:00,8885.05,8885.57,8869.05,8875.06,429
2026-06-18T11:15:00+00:00,8875.06,8877.07,8870.05,8876.57,397
2026-06-18T11:30:00+00:00,8876.57,8879.06,8863.55,8869.56,331
2026-06-18T11:45:00+00:00,8869.56,8872.07,8865.55,8871.57,246
2026-06-18T12:00:00+00:00,8871.57,8882.57,8868.55,8881.06,236
2026-06-18T12:15:00+00:00,8881.06,8884.07,8877.07,8883.06,268
2026-06-18T12:30:00+00:00,8883.06,8889.07,8881.57,8882.55,238
2026-06-18T12:45:00+00:00,8882.55,8890.56,8881.55,8888.05,293
2026-06-18T13:00:00+00:00,8888.05,8889.06,8881.55,8886.57,328
2026-06-18T13:15:00+00:00,8886.57,8893.06,8884.06,8888.05,349
2026-06-18T13:30:00+00:00,8888.05,8896.05,8879.55,8885.06,829
2026-06-18T13:45:00+00:00,8885.06,8887.07,8868.55,8876.06,638
2026-06-18T14:00:00+00:00,8876.06,8884.07,8870.06,8874.57,726
2026-06-18T14:15:00+00:00,8874.57,8892.07,8872.05,8890.07,536
2026-06-18T14:30:00+00:00,8890.07,8892.07,8883.55,8886.56,654
2026-06-18T14:45:00+00:00,8886.56,8889.57,8877.05,8888.07,313
2026-06-18T15:00:00+00:00,8888.07,8889.07,8878.07,8880.05,379
2026-06-18T15:15:00+00:00,8880.05,8881.56,8873.05,8874.55,601
2026-06-18T15:30:00+00:00,8874.55,8880.05,8865.05,8874.05,713
2026-06-18T15:45:00+00:00,8874.05,8878.07,8869.06,8872.55,390
2026-06-18T16:00:00+00:00,8872.55,8876.06,8870.57,8873.57,364
2026-06-18T16:15:00+00:00,8873.57,8874.07,8869.07,8870.05,211
2026-06-18T16:30:00+00:00,8870.05,8874.07,8868.06,8871.57,208
2026-06-18T16:45:00+00:00,8871.57,8872.57,8865.05,8867.57,213
2026-06-18T17:00:00+00:00,8867.57,8877.56,8866.07,8875.05,168
2026-06-18T17:15:00+00:00,8875.05,8878.05,8872.55,8874.06,169
2026-06-18T17:30:00+00:00,8874.06,8877.06,8872.55,8875.06,131
2026-06-18T17:45:00+00:00,8875.06,8877.07,8872.57,8874.56,93
2026-06-18T18:00:00+00:00,8874.56,8875.07,8870.05,8871.07,145
2026-06-18T18:15:00+00:00,8871.07,8876.07,8870.05,8871.56,193
2026-06-18T18:30:00+00:00,8871.56,8872.07,8867.55,8870.06,152
2026-06-18T18:45:00+00:00,8870.06,8872.07,8869.05,8869.55,131
2026-06-18T19:00:00+00:00,8869.55,8869.55,8854.56,8858.55,275
2026-06-18T19:15:00+00:00,8858.55,8867.06,8856.07,8866.07,206
2026-06-18T19:30:00+00:00,8866.07,8872.06,8860.05,8871.06,242
2026-06-18T19:45:00+00:00,8871.06,8876.07,8864.05,8865.55,490
2026-06-18T20:00:00+00:00,8865.55,8867.06,8860.06,8866.55,103
2026-06-18T20:15:00+00:00,8866.55,8870.07,8866.55,8868.56,37.90505129197388
2026-06-18T20:30:00+00:00,8868.56,8870.07,8866.56,8866.56,34
2026-06-18T20:45:00+00:00,8866.56,8868.55,8854.36,8854.36,74.62436177972283
2026-06-18T23:00:00+00:00,8857.71,8863.71,8855.71,8861.71,128.02091039497665
2026-06-18T23:15:00+00:00,8861.71,8866.71,8853.71,8855.71,171.11203332406149
2026-06-18T23:30:00+00:00,8855.71,8858.71,8850.71,8858.71,238.36247533057502
2026-06-18T23:45:00+00:00,8858.71,8877.939999999999,8855.71,8867.419999999998,470.36413476873236
2026-06-19T00:00:00+00:00,8867.419999999998,8870.339999999998,8830.339999999998,8835.319999999998,1800
2026-06-19T00:15:00+00:00,8835.319999999998,8842.819999999998,8829.329999999998,8834.839999999998,804
2026-06-19T00:30:00+00:00,8834.839999999998,8847.339999999998,8832.829999999998,8844.819999999998,561
2026-06-19T00:45:00+00:00,8844.819999999998,8844.829999999998,8827.829999999998,8841.319999999998,355
2026-06-19T01:00:00+00:00,8841.319999999998,8843.339999999998,8823.819999999998,8830.819999999998,426
2026-06-19T01:15:00+00:00,8830.819999999998,8843.339999999998,8829.319999999998,8839.839999999998,291
2026-06-19T01:30:00+00:00,8839.839999999998,8840.339999999998,8824.329999999998,8830.329999999998,399
2026-06-19T01:45:00+00:00,8830.329999999998,8842.329999999998,8826.319999999998,8835.319999999998,302
2026-06-19T02:00:00+00:00,8835.319999999998,8842.339999999998,8830.819999999998,8841.319999999998,336
2026-06-19T02:15:00+00:00,8841.319999999998,8842.339999999998,8828.339999999998,8842.329999999998,232
2026-06-19T02:30:00+00:00,8842.329999999998,8844.329999999998,8831.329999999998,8843.829999999998,236
2026-06-19T02:45:00+00:00,8843.829999999998,8848.829999999998,8832.319999999998,8833.839999999998,210
2026-06-19T03:00:00+00:00,8833.839999999998,8834.839999999998,8825.319999999998,8827.329999999998,226
2026-06-19T03:15:00+00:00,8827.329999999998,8828.339999999998,8821.319999999998,8826.329999999998,295
2026-06-19T03:30:00+00:00,8826.329999999998,8835.339999999998,8823.319999999998,8832.829999999998,491
2026-06-19T03:45:00+00:00,8832.829999999998,8836.829999999998,8826.329999999998,8829.829999999998,312
2026-06-19T04:00:00+00:00,8829.829999999998,8830.839999999998,8819.319999999998,8826.319999999998,341
2026-06-19T04:15:00+00:00,8826.319999999998,8826.839999999998,8821.319999999998,8826.839999999998,237.6129234629862
2026-06-19T04:30:00+00:00,8826.839999999998,8827.339999999998,8816.319999999998,8822.339999999998,224
2026-06-19T04:45:00+00:00,8822.339999999998,8823.319999999998,8817.329999999998,8819.339999999998,182
2026-06-19T05:00:00+00:00,8819.339999999998,8826.329999999998,8817.319999999998,8825.829999999998,315
2026-06-19T05:15:00+00:00,8825.829999999998,8831.339999999998,8822.339999999998,8831.319999999998,299
2026-06-19T05:30:00+00:00,8831.319999999998,8834.339999999998,8827.319999999998,8830.329999999998,272
2026-06-19T05:45:00+00:00,8830.329999999998,8838.339999999998,8824.329999999998,8837.319999999998,324
2026-06-19T06:00:00+00:00,8837.319999999998,8850.939999999999,8830.419999999998,8848.419999999998,776
2026-06-19T06:15:00+00:00,8848.419999999998,8855.239999999998,8841.429999999998,8853.72,527
2026-06-19T07:00:00+00:00,8838.87,8846.57,8838.87,8843.58,98
2026-06-19T07:15:00+00:00,8843.58,8845.59,8840.09,8843.09,143
2026-06-19T07:30:00+00:00,8843.09,8848.59,8842.57,8848.07,179
2026-06-19T07:45:00+00:00,8848.07,8855.08,8846.07,8852.57,107
2026-06-19T08:00:00+00:00,8852.57,8853.08,8846.07,8850.08,170
2026-06-19T08:15:00+00:00,8850.08,8855.57,8850.08,8855.09,118.92252894033838
2026-06-19T08:30:00+00:00,8855.09,8861.57,8853.09,8860.58,139
2026-06-19T08:45:00+00:00,8860.58,8861.09,8856.08,8859.09,101
2026-06-19T09:00:00+00:00,8859.09,8863.09,8847.09,8847.57,218
2026-06-19T09:15:00+00:00,8847.57,8851.07,8841.59,8841.59,143
2026-06-19T09:30:00+00:00,8841.59,8846.59,8839.58,8846.59,167
2026-06-19T09:45:00+00:00,8846.59,8847.58,8842.08,8843.07,215
2026-06-19T10:00:00+00:00,8843.07,8844.08,8839.07,8840.09,132
2026-06-19T10:15:00+00:00,8840.09,8843.09,8836.57,8837.09,96
2026-06-19T10:30:00+00:00,8837.09,8837.59,8827.07,8832.08,183
2026-06-19T10:45:00+00:00,8832.08,8838.59,8831.07,8835.08,201
2026-06-19T11:00:00+00:00,8835.08,8835.08,8826.09,8830.07,200
2026-06-19T11:15:00+00:00,8830.07,8838.07,8828.07,8829.07,114
2026-06-19T11:30:00+00:00,8829.07,8835.07,8827.57,8832.09,139
2026-06-19T11:45:00+00:00,8832.09,8834.59,8829.07,8834.58,80
2026-06-19T12:00:00+00:00,8834.58,8836.58,8830.08,8833.07,108
2026-06-19T12:15:00+00:00,8833.07,8833.59,8828.57,8831.08,103
2026-06-19T12:30:00+00:00,8831.08,8831.59,8823.09,8829.09,209
2026-06-19T12:45:00+00:00,8829.09,8851.09,8826.08,8849.58,416
2026-06-19T13:00:00+00:00,8849.58,8852.09,8842.08,8845.59,338
2026-06-19T13:15:00+00:00,8845.59,8848.09,8842.07,8846.58,167
2026-06-19T13:30:00+00:00,8846.58,8847.58,8835.07,8835.57,398
2026-06-19T13:45:00+00:00,8835.57,8837.07,8827.58,8831.08,323.8771929824561
2026-06-19T14:00:00+00:00,8831.08,8833.58,8826.58,8829.57,176
2026-06-19T14:15:00+00:00,8829.57,8830.08,8824.57,8828.09,133
2026-06-19T14:30:00+00:00,8828.09,8831.09,8826.57,8829.08,204
2026-06-19T14:45:00+00:00,8829.08,8829.58,8817.07,8819.59,181
2026-06-19T15:00:00+00:00,8819.59,8832.09,8819.59,8831.09,194
2026-06-19T15:15:00+00:00,8831.09,8831.09,8825.57,8826.07,190
2026-06-19T15:30:00+00:00,8826.07,8827.09,8821.07,8821.57,387
2026-06-19T15:45:00+00:00,8821.57,8827.07,8821.57,8826.07,132
2026-06-19T16:00:00+00:00,8826.07,8826.57,8822.58,8824.57,62.16639027086788
2026-06-19T16:15:00+00:00,8824.57,8828.59,8824.57,8828.58,76.59898154042011
2026-06-19T16:30:00+00:00,8828.58,8829.59,8826.57,8827.57,57.20624593363696
2026-06-19T16:45:00+00:00,8827.57,8828.08,8816.57,8817.59,92
2026-06-19T17:00:00+00:00,8817.59,8821.09,8817.57,8821.09,27.363005338182354
2026-06-19T17:15:00+00:00,8821.09,8821.09,8820.57,8821.07,33.61696878832578
2026-06-19T17:30:00+00:00,8821.07,8823.59,8821.07,8823.59,37.61450489979534
2026-06-19T17:45:00+00:00,8823.59,8824.59,8823.08,8824.58,34.12661272666592
2026-06-19T18:00:00+00:00,8824.58,8826.59,8824.58,8826.57,28.17957751665219
2026-06-19T18:15:00+00:00,8826.57,8826.57,8823.57,8823.57,31.090145451910246
2026-06-19T18:30:00+00:00,8823.57,8823.59,8823.57,8823.59,30.98680361500758
2026-06-19T18:45:00+00:00,8823.59,8823.59,8822.07,8822.08,43.04155770148348
2026-06-19T19:00:00+00:00,8822.08,8822.09,8822.07,8822.07,41.4957222679584
2026-06-19T19:15:00+00:00,8822.07,8822.07,8822.07,8822.07,72.38034333060286
2026-06-19T19:30:00+00:00,8822.07,8822.07,8818.57,8820.09,40.355863056185136
2026-06-19T19:45:00+00:00,8820.09,8820.09,8816.08,8816.08,54.850353038186945
2026-06-19T20:00:00+00:00,8816.08,8817.08,8816.07,8817.08,60.976749993623194
2026-06-19T20:15:00+00:00,8817.08,8818.09,8817.07,8818.08,57.32822520534366
2026-06-19T20:30:00+00:00,8818.08,8818.09,8817.09,8817.59,55.75636932042729
2026-06-21T23:45:00+00:00,8818.09,8818.09,8789.1,8802.09,243
2026-06-22T00:00:00+00:00,8802.09,8814.01,8793.99,8811.01,1079
2026-06-22T00:15:00+00:00,8811.01,8828.01,8802.49,8827.49,796
2026-06-22T00:30:00+00:00,8827.49,8829.51,8815.5,8819.51,429
2026-06-22T00:45:00+00:00,8819.51,8843.01,8818.49,8838.5,371
2026-06-22T01:00:00+00:00,8838.5,8849.99,8836.49,8838,621
2026-06-22T01:15:00+00:00,8838,8845.01,8831.49,8844.99,427
2026-06-22T01:30:00+00:00,8844.99,8852.99,8839.5,8846,269
2026-06-22T01:45:00+00:00,8846,8846.5,8827.49,8832.5,342
2026-06-22T02:00:00+00:00,8832.5,8840.49,8829.01,8833.99,281
2026-06-22T02:15:00+00:00,8833.99,8838.5,8832,8835.49,267
2026-06-22T02:30:00+00:00,8835.49,8842.01,8831.51,8835.5,253
2026-06-22T02:45:00+00:00,8835.5,8835.5,8825.51,8829.49,273
2026-06-22T03:00:00+00:00,8829.49,8829.49,8817.49,8822.01,302
2026-06-22T03:15:00+00:00,8822.01,8827.01,8819.5,8825.49,230
2026-06-22T03:30:00+00:00,8825.49,8827.51,8821.51,8823.99,190
2026-06-22T03:45:00+00:00,8823.99,8825.51,8818.49,8821.51,268
2026-06-22T04:00:00+00:00,8821.51,8829.5,8818.49,8826.51,199
2026-06-22T04:15:00+00:00,8826.51,8827.5,8821,8821,220
2026-06-22T04:30:00+00:00,8821,8821.51,8813.5,8816.5,348
2026-06-22T04:45:00+00:00,8816.5,8822.01,8815.51,8819.5,198
2026-06-22T05:00:00+00:00,8819.5,8825.5,8817.49,8824,196
2026-06-22T05:15:00+00:00,8824,8827,8822.49,8826.49,234
2026-06-22T05:30:00+00:00,8826.49,8827.51,8823.99,8826.51,222
2026-06-22T05:45:00+00:00,8826.51,8827.5,8822.5,8824.5,164
2026-06-22T06:00:00+00:00,8824.5,8824.5,8809.1,8813.59,461
2026-06-22T06:15:00+00:00,8813.59,8825.6,8812.1,8824.91,311
2026-06-22T07:00:00+00:00,8824.91,8824.91,8816.09,8823.6,127
2026-06-22T07:15:00+00:00,8823.6,8827.61,8821.09,8827.59,165
2026-06-22T07:30:00+00:00,8827.59,8828.11,8814.11,8814.59,148
2026-06-22T07:45:00+00:00,8814.59,8817.11,8810.41,8811.59,167
2026-06-22T08:00:00+00:00,8811.59,8813.11,8804.09,8811.61,198
2026-06-22T08:15:00+00:00,8811.61,8815.6,8808.09,8814.59,222
2026-06-22T08:30:00+00:00,8814.59,8815.61,8810.09,8815.61,175
2026-06-22T08:45:00+00:00,8815.61,8819.11,8812.09,8818.11,142
2026-06-22T09:00:00+00:00,8818.11,8838.09,8814.09,8834.59,196
2026-06-22T09:15:00+00:00,8834.59,8835.1,8830.11,8831.6,179
2026-06-22T09:30:00+00:00,8831.6,8836.11,8826.6,8827.09,220
2026-06-22T09:45:00+00:00,8827.09,8830.11,8825.1,8825.61,219
2026-06-22T10:00:00+00:00,8825.61,8839.11,8825.59,8836.09,285
2026-06-22T10:15:00+00:00,8836.09,8839.11,8836.09,8838.61,199
2026-06-22T10:30:00+00:00,8838.61,8838.61,8833.09,8834.61,198
2026-06-22T10:45:00+00:00,8834.61,8840.1,8834.09,8836.1,154
2026-06-22T11:00:00+00:00,8836.1,8851.09,8835.09,8837.61,666
2026-06-22T11:15:00+00:00,8837.61,8841.1,8834.09,8839.61,144
2026-06-22T11:30:00+00:00,8839.61,8846.11,8839.09,8845.09,234
2026-06-22T11:45:00+00:00,8845.09,8847.1,8841.09,8846.6,190
2026-06-22T12:00:00+00:00,8846.6,8847.61,8843.09,8847.1,215
2026-06-22T12:15:00+00:00,8847.1,8854.11,8845.09,8850.6,244
2026-06-22T12:30:00+00:00,8850.6,8853.1,8845.09,8850.09,248
2026-06-22T12:45:00+00:00,8850.09,8852.1,8845.59,8846.11,144
2026-06-22T13:00:00+00:00,8846.11,8858.11,8844.09,8853.61,714
2026-06-22T13:15:00+00:00,8853.61,8856.11,8847.1,8854.61,226
2026-06-22T13:30:00+00:00,8854.61,8866.09,8853.09,8857.6,672
2026-06-22T13:45:00+00:00,8857.6,8874.11,8856.59,8869.11,496
2026-06-22T14:00:00+00:00,8869.11,8869.11,8855.59,8859.09,469
2026-06-22T14:15:00+00:00,8859.09,8859.61,8840.59,8846.1,547
2026-06-22T14:30:00+00:00,8846.1,8848.09,8840.6,8843.1,770
2026-06-22T14:45:00+00:00,8843.1,8851.61,8841.59,8847.11,764
2026-06-22T15:00:00+00:00,8847.11,8855.09,8838.1,8847.11,461
2026-06-22T15:15:00+00:00,8847.11,8852.1,8842.6,8846.09,647
2026-06-22T15:30:00+00:00,8846.09,8850.11,8839.11,8848.11,472
2026-06-22T15:45:00+00:00,8848.11,8850.11,8837.6,8841.6,529
2026-06-22T16:00:00+00:00,8841.6,8845.1,8835.1,8845.1,541
2026-06-22T16:15:00+00:00,8845.1,8847.11,8839.6,8842.59,344
2026-06-22T16:30:00+00:00,8842.59,8843.11,8839.1,8841.1,329
2026-06-22T16:45:00+00:00,8841.1,8848.11,8840.59,8846.09,305
2026-06-22T17:00:00+00:00,8846.09,8847.6,8840.59,8842.1,207
2026-06-22T17:15:00+00:00,8842.1,8845.11,8840.59,8840.59,196
2026-06-22T17:30:00+00:00,8840.59,8843.61,8834.09,8843.09,239
2026-06-22T17:45:00+00:00,8843.09,8851.11,8843.09,8847.6,207
2026-06-22T18:00:00+00:00,8847.6,8851.11,8845.59,8849.09,159
2026-06-22T18:15:00+00:00,8849.09,8854.11,8848.61,8849.59,167
2026-06-22T18:30:00+00:00,8849.59,8853.1,8847.11,8848.1,155
2026-06-22T18:45:00+00:00,8848.1,8851.61,8843.11,8845.11,304.73033216783216
2026-06-22T19:00:00+00:00,8845.11,8846.11,8839.09,8843.1,195
2026-06-22T19:15:00+00:00,8843.1,8846.11,8840.1,8840.1,230
2026-06-22T19:30:00+00:00,8840.1,8843.1,8835.59,8835.59,165
2026-06-22T19:45:00+00:00,8835.59,8846.1,8835.59,8845.11,339
2026-06-22T20:00:00+00:00,8845.11,8847.61,8844.09,8845.6,87
2026-06-22T20:15:00+00:00,8845.6,8845.6,8843.09,8843.61,25
2026-06-22T20:30:00+00:00,8843.61,8844.11,8842.59,8844.09,18
2026-06-22T20:45:00+00:00,8844.09,8844.11,8842.41,8842.41,27
2026-06-22T23:00:00+00:00,8825.71,8826.71,8822.71,8822.71,156.78655276972373
2026-06-22T23:15:00+00:00,8822.71,8835.71,8818.71,8833.71,169.16256287127538
2026-06-22T23:30:00+00:00,8833.71,8842.71,8831.71,8839.71,228.3155233881889
2026-06-22T23:45:00+00:00,8839.71,8842.71,8814.019999999999,8818.529999999999,449.099175576442
2026-06-23T00:00:00+00:00,8818.529999999999,8838.929999999998,8798.92,8799.42,1226
2026-06-23T00:15:00+00:00,8799.42,8810.939999999999,8783.92,8807.939999999999,821
2026-06-23T00:30:00+00:00,8807.939999999999,8819.939999999999,8799.42,8819.929999999998,608
2026-06-23T00:45:00+00:00,8819.929999999998,8827.939999999999,8808.92,8817.939999999999,543
2026-06-23T01:00:00+00:00,8817.939999999999,8822.929999999998,8808.439999999999,8808.929999999998,581
2026-06-23T01:15:00+00:00,8808.929999999998,8812.439999999999,8802.92,8811.92,567
2026-06-23T01:30:00+00:00,8811.92,8812.929999999998,8797.939999999999,8798.939999999999,593
2026-06-23T01:45:00+00:00,8798.939999999999,8811.939999999999,8795.92,8809.439999999999,546
2026-06-23T02:00:00+00:00,8809.439999999999,8815.939999999999,8798.92,8809.92,723
2026-06-23T02:15:00+00:00,8809.92,8814.92,8804.42,8804.929999999998,480
2026-06-23T02:30:00+00:00,8804.929999999998,8811.929999999998,8799.92,8810.929999999998,282
2026-06-23T02:45:00+00:00,8810.929999999998,8820.939999999999,8808.929999999998,8812.92,451
2026-06-23T03:00:00+00:00,8812.92,8813.939999999999,8796.92,8799.939999999999,410
2026-06-23T03:15:00+00:00,8799.939999999999,8804.939999999999,8796.929999999998,8799.42,423
2026-06-23T03:30:00+00:00,8799.42,8799.42,8786.439999999999,8795.92,483
2026-06-23T03:45:00+00:00,8795.92,8810.429999999998,8792.92,8810.429999999998,356
2026-06-23T04:00:00+00:00,8810.429999999998,8818.939999999999,8800.439999999999,8800.92,422
2026-06-23T04:15:00+00:00,8800.92,8800.92,8787.429999999998,8788.42,287
2026-06-23T04:30:00+00:00,8788.42,8790.929999999998,8781.92,8782.42,305
2026-06-23T04:45:00+00:00,8782.42,8787.439999999999,8772.42,8774.929999999998,370
2026-06-23T05:00:00+00:00,8774.929999999998,8783.939999999999,8773.42,8779.429999999998,529
2026-06-23T05:15:00+00:00,8779.429999999998,8781.939999999999,8770.92,8771.939999999999,418
2026-06-23T05:30:00+00:00,8771.939999999999,8773.939999999999,8766.92,8767.429999999998,520
2026-06-23T05:45:00+00:00,8767.429999999998,8773.439999999999,8764.92,8772.939999999999,272
2026-06-23T06:00:00+00:00,8772.939999999999,8783.039999999999,8769.519999999999,8777.539999999999,723
2026-06-23T06:15:00+00:00,8777.539999999999,8779.539999999999,8750.82,8753.33,629
2026-06-23T07:00:00+00:00,8768.03,8774.24,8763.53,8766.73,194
2026-06-23T07:15:00+00:00,8766.73,8769.73,8756.22,8764.24,427
2026-06-23T07:30:00+00:00,8764.24,8767.23,8754.24,8756.22,602
2026-06-23T07:45:00+00:00,8756.22,8759.74,8745.22,8747.24,483
2026-06-23T08:00:00+00:00,8747.24,8747.24,8734.22,8739.23,868
2026-06-23T08:15:00+00:00,8739.23,8745.73,8731.22,8733.22,801
2026-06-23T08:30:00+00:00,8733.22,8748.72,8733.22,8741.24,677
2026-06-23T08:45:00+00:00,8741.24,8741.24,8732.22,8739.22,535
2026-06-23T09:00:00+00:00,8739.22,8754.72,8739.22,8753.24,484
2026-06-23T09:15:00+00:00,8753.24,8762.24,8750.22,8761.24,382
2026-06-23T09:30:00+00:00,8761.24,8763.24,8754.23,8756.22,319
2026-06-23T09:45:00+00:00,8756.22,8762.24,8753.73,8762.24,304
2026-06-23T10:00:00+00:00,8762.24,8772.23,8758.22,8759.24,351
2026-06-23T10:15:00+00:00,8759.24,8772.24,8758.22,8764.74,351
2026-06-23T10:30:00+00:00,8764.74,8765.24,8752.72,8757.24,486
2026-06-23T10:45:00+00:00,8757.24,8761.23,8753.22,8755.72,443
2026-06-23T11:00:00+00:00,8755.72,8770.24,8754.22,8769.74,388
2026-06-23T11:15:00+00:00,8769.74,8774.24,8762.72,8765.73,548
2026-06-23T11:30:00+00:00,8765.73,8773.24,8759.22,8773.24,415
2026-06-23T11:45:00+00:00,8773.24,8780.24,8769.72,8776.22,355
2026-06-23T12:00:00+00:00,8776.22,8780.24,8769.74,8776.24,406
2026-06-23T12:15:00+00:00,8776.24,8776.24,8766.73,8772.22,355
2026-06-23T12:30:00+00:00,8772.22,8781.22,8766.22,8780.24,425
2026-06-23T12:45:00+00:00,8780.24,8781.22,8770.24,8773.24,456
2026-06-23T13:00:00+00:00,8773.24,8774.24,8767.24,8771.24,388
2026-06-23T13:15:00+00:00,8771.24,8777.23,8768.22,8776.22,333
2026-06-23T13:30:00+00:00,8776.22,8799.24,8771.22,8797.23,1812
2026-06-23T13:45:00+00:00,8797.23,8814.74,8792.73,8814.72,955
2026-06-23T14:00:00+00:00,8814.72,8826.74,8812.22,8825.72,864
2026-06-23T14:15:00+00:00,8825.72,8833.24,8822.22,8826.73,610
2026-06-23T14:30:00+00:00,8826.73,8828.24,8813.23,8815.24,895
2026-06-23T14:45:00+00:00,8815.24,8821.24,8807.22,8818.23,872
2026-06-23T15:00:00+00:00,8818.23,8824.23,8811.22,8815.23,868
2026-06-23T15:15:00+00:00,8815.23,8818.74,8806.22,8807.74,597
2026-06-23T15:30:00+00:00,8807.74,8814.24,8802.22,8804.72,675
2026-06-23T15:45:00+00:00,8804.72,8819.24,8803.72,8819.24,572
2026-06-23T16:00:00+00:00,8819.24,8830.24,8818.22,8829.22,406
2026-06-23T16:15:00+00:00,8829.22,8830.23,8820.73,8827.24,442
2026-06-23T16:30:00+00:00,8827.24,8832.74,8825.73,8832.72,302
2026-06-23T16:45:00+00:00,8832.72,8833.24,8824.23,8827.23,377
2026-06-23T17:00:00+00:00,8827.23,8832.23,8822.74,8829.22,353
2026-06-23T17:15:00+00:00,8829.22,8834.24,8827.72,8831.22,391
2026-06-23T17:30:00+00:00,8831.22,8835.23,8827.24,8828.24,299
2026-06-23T17:45:00+00:00,8828.24,8830.74,8819.72,8820.24,379
2026-06-23T18:00:00+00:00,8820.24,8825.74,8815.72,8819.22,466
2026-06-23T18:15:00+00:00,8819.22,8820.24,8813.24,8815.23,275
2026-06-23T18:30:00+00:00,8815.23,8816.24,8805.22,8805.74,266
2026-06-23T18:45:00+00:00,8805.74,8811.24,8803.22,8808.24,471
2026-06-23T19:00:00+00:00,8808.24,8817.24,8806.22,8809.22,595
2026-06-23T19:15:00+00:00,8809.22,8813.74,8801.22,8812.74,540
2026-06-23T19:30:00+00:00,8812.74,8813.74,8804.22,8807.24,546
2026-06-23T19:45:00+00:00,8807.24,8807.74,8798.72,8798.72,630
2026-06-23T20:00:00+00:00,8798.72,8802.74,8795.72,8799.74,176
2026-06-23T20:15:00+00:00,8799.74,8802.72,8798.73,8801.24,65
2026-06-23T20:30:00+00:00,8801.24,8804.24,8800.73,8802.72,68
2026-06-23T20:45:00+00:00,8802.72,8802.74,8798.73,8800.03,57
2026-06-23T23:00:00+00:00,8793.26,8801.26,8778.26,8800.26,402.1870840071962
2026-06-23T23:15:00+00:00,8800.26,8805.26,8795.26,8799.26,238.04259985343717
2026-06-23T23:30:00+00:00,8799.26,8802.26,8786.26,8789.26,514.3610143910361
2026-06-23T23:45:00+00:00,8789.26,8819.26,8783.26,8794.5,942.743858105459
2026-06-24T00:00:00+00:00,8794.5,8811.9,8785.38,8796.4,1890
2026-06-24T00:15:00+00:00,8796.4,8806.9,8784.88,8788.39,951
2026-06-24T00:30:00+00:00,8788.39,8797.89,8784.4,8785.89,822
2026-06-24T00:45:00+00:00,8785.89,8794.4,8781.4,8790.38,777
2026-06-24T01:00:00+00:00,8790.38,8809.4,8783.89,8807.38,937
2026-06-24T01:15:00+00:00,8807.38,8808.89,8788.89,8803.39,785
2026-06-24T01:30:00+00:00,8803.39,8819.39,8797.38,8814.39,591
2026-06-24T01:45:00+00:00,8814.39,8823.38,8813.88,8816.4,417
2026-06-24T02:00:00+00:00,8816.4,8818.4,8807.39,8813.4,427
2026-06-24T02:15:00+00:00,8813.4,8817.4,8809.38,8815.9,281
2026-06-24T02:30:00+00:00,8815.9,8818.39,8799.38,8802.39,448
2026-06-24T02:45:00+00:00,8802.39,8804.38,8785.9,8786.88,599
2026-06-24T03:00:00+00:00,8786.88,8802.4,8783.4,8801.38,776
2026-06-24T03:15:00+00:00,8801.38,8801.38,8789.88,8799.38,511
2026-06-24T03:30:00+00:00,8799.38,8806.4,8798.38,8799.38,671
2026-06-24T03:45:00+00:00,8799.38,8802.4,8794.38,8802.4,456
2026-06-24T04:00:00+00:00,8802.4,8802.9,8791.88,8793.39,396
2026-06-24T04:15:00+00:00,8793.39,8794.39,8781.88,8783.4,419
2026-06-24T04:30:00+00:00,8783.4,8796.39,8783.39,8794.88,495
2026-06-24T04:45:00+00:00,8794.88,8799.39,8792.38,8794.39,342
2026-06-24T05:00:00+00:00,8794.39,8804.4,8790.39,8804.38,411
2026-06-24T05:15:00+00:00,8804.38,8807.4,8802.38,8805.38,271
2026-06-24T05:30:00+00:00,8805.38,8810.4,8800.39,8802.38,346
2026-06-24T05:45:00+00:00,8802.38,8806.4,8798.38,8802.4,239
2026-06-24T06:00:00+00:00,8802.4,8806.99,8794.99,8804,316
2026-06-24T06:15:00+00:00,8804,8810,8800.98,8803.789999999999,345
2026-06-24T07:00:00+00:00,8810.56,8816.25,8806.06,8815.27,160
2026-06-24T07:15:00+00:00,8815.27,8824.75,8813.25,8813.76,416
2026-06-24T07:30:00+00:00,8813.76,8817.75,8801.06,8817.27,492
2026-06-24T07:45:00+00:00,8817.27,8822.27,8811.25,8811.76,293
2026-06-24T08:00:00+00:00,8811.76,8822.27,8810.76,8821.25,508
2026-06-24T08:15:00+00:00,8821.25,8821.77,8813.75,8817.25,429
2026-06-24T08:30:00+00:00,8817.25,8821.26,8814.77,8817.25,343
2026-06-24T08:45:00+00:00,8817.25,8817.76,8811.27,8814.77,272
2026-06-24T09:00:00+00:00,8814.77,8819.27,8811.75,8816.25,407
2026-06-24T09:15:00+00:00,8816.25,8818.77,8809.25,8812.77,358
2026-06-24T09:30:00+00:00,8812.77,8813.27,8800.75,8800.75,341
2026-06-24T09:45:00+00:00,8800.75,8809.26,8799.27,8808.26,373
2026-06-24T10:00:00+00:00,8808.26,8808.27,8799.75,8803.25,411
2026-06-24T10:15:00+00:00,8803.25,8810.77,8802.25,8810.77,299
2026-06-24T10:30:00+00:00,8810.77,8811.26,8803.75,8807.26,398
2026-06-24T10:45:00+00:00,8807.26,8808.27,8800.75,8800.76,246
2026-06-24T11:00:00+00:00,8800.76,8808.76,8797.77,8797.77,300
2026-06-24T11:15:00+00:00,8797.77,8798.76,8790.27,8796.26,272
2026-06-24T11:30:00+00:00,8796.26,8802.27,8794.25,8795.76,342
2026-06-24T11:45:00+00:00,8795.76,8809.77,8795.26,8807.75,549
2026-06-24T12:00:00+00:00,8807.75,8809.27,8803.25,8806.25,444
2026-06-24T12:15:00+00:00,8806.25,8815.77,8804.26,8811.25,354
2026-06-24T12:30:00+00:00,8811.25,8813.26,8802.76,8805.76,468
2026-06-24T12:45:00+00:00,8805.76,8808.26,8796.76,8797.77,266
2026-06-24T13:00:00+00:00,8797.77,8802.75,8785.27,8786.25,539
2026-06-24T13:15:00+00:00,8786.25,8796.27,8784.26,8795.25,574
2026-06-24T13:30:00+00:00,8795.25,8810.75,8778.26,8793.26,1566
2026-06-24T13:45:00+00:00,8793.26,8812.77,8786.26,8806.77,1591
2026-06-24T14:00:00+00:00,8806.77,8807.77,8794.75,8796.26,1304
2026-06-24T14:15:00+00:00,8796.26,8810.27,8788.76,8803.26,987
2026-06-24T14:30:00+00:00,8803.26,8815.26,8803.26,8814.26,930
2026-06-24T14:45:00+00:00,8814.26,8816.77,8809.75,8816.77,522
2026-06-24T15:00:00+00:00,8816.77,8816.77,8797.76,8803.76,551
2026-06-24T15:15:00+00:00,8803.76,8813.27,8801.27,8813.27,702
2026-06-24T15:30:00+00:00,8813.27,8815.77,8807.26,8810.76,617
2026-06-24T15:45:00+00:00,8810.76,8815.77,8805.77,8809.27,610
2026-06-24T16:00:00+00:00,8809.27,8813.77,8808.25,8811.76,533
2026-06-24T16:15:00+00:00,8811.76,8817.24,8807.74,8813.75,417.8590925857617
2026-06-24T16:30:00+00:00,8813.75,8815.25,8798.25,8802.76,562
2026-06-24T16:45:00+00:00,8802.76,8805.24,8794.74,8797.25,510
2026-06-24T17:00:00+00:00,8797.25,8802.26,8789.74,8793.75,594
2026-06-24T17:15:00+00:00,8793.75,8795.74,8776.24,8777.74,770
2026-06-24T17:30:00+00:00,8777.74,8781.24,8771.74,8775.26,853
2026-06-24T17:45:00+00:00,8775.26,8783.26,8772.25,8772.74,799
2026-06-24T18:00:00+00:00,8772.74,8780.76,8771.74,8779.76,965
2026-06-24T18:15:00+00:00,8779.76,8790.74,8779.74,8789.26,650
2026-06-24T18:30:00+00:00,8789.26,8791.76,8779.74,8781.74,586
2026-06-24T18:45:00+00:00,8781.74,8781.76,8772.26,8775.74,825
2026-06-24T19:00:00+00:00,8775.74,8782.25,8767.25,8773.24,810
2026-06-24T19:15:00+00:00,8773.24,8779.26,8770.24,8778.25,651
2026-06-24T19:30:00+00:00,8778.25,8781.26,8774.74,8779.25,630
2026-06-24T19:45:00+00:00,8779.25,8801.25,8778.24,8790.24,979
2026-06-24T20:00:00+00:00,8790.24,8817.26,8785.74,8813.25,675
2026-06-24T20:15:00+00:00,8813.25,8820.76,8809.24,8820.25,207
2026-06-24T20:30:00+00:00,8820.25,8831.25,8819.75,8830.26,172
2026-06-24T20:45:00+00:00,8830.26,8831.26,8821.539999999999,8821.539999999999,152
2026-06-24T23:00:00+00:00,8820.56,8825.56,8811.56,8814.56,312.8664473661747
2026-06-24T23:15:00+00:00,8814.56,8822.56,8809.56,8816.56,335.3500707977114
2026-06-24T23:30:00+00:00,8816.56,8821.56,8802.56,8821.56,571.2840518929711
2026-06-24T23:45:00+00:00,8821.56,8828.56,8789.89,8793.39,1115.2738138943732
2026-06-25T00:00:00+00:00,8793.39,8801.79,8759.27,8771.27,1741
2026-06-25T00:15:00+00:00,8771.27,8776.29,8760.78,8774.28,736
2026-06-25T00:30:00+00:00,8774.28,8778.29,8762.29,8766.77,622
2026-06-25T00:45:00+00:00,8766.77,8767.78,8749.78,8757.79,662
2026-06-25T01:00:00+00:00,8757.79,8766.29,8753.77,8765.79,889
2026-06-25T01:15:00+00:00,8765.79,8774.28,8762.27,8771.79,688
2026-06-25T01:30:00+00:00,8771.79,8793.29,8764.27,8786.27,719
2026-06-25T01:45:00+00:00,8786.27,8786.78,8773.27,8775.78,482
2026-06-25T02:00:00+00:00,8775.78,8778.78,8763.27,8764.77,559
2026-06-25T02:15:00+00:00,8764.77,8774.29,8763.27,8769.27,440
2026-06-25T02:30:00+00:00,8769.27,8776.29,8763.28,8768.79,288
2026-06-25T02:45:00+00:00,8768.79,8773.79,8762.28,8772.29,271
2026-06-25T03:00:00+00:00,8772.29,8775.29,8767.77,8770.77,285
2026-06-25T03:15:00+00:00,8770.77,8777.28,8768.27,8771.27,347
2026-06-25T03:30:00+00:00,8771.27,8778.29,8765.27,8765.77,350
2026-06-25T03:45:00+00:00,8765.77,8768.77,8760.27,8768.28,281
2026-06-25T04:00:00+00:00,8768.28,8770.28,8758.27,8764.29,258
2026-06-25T04:15:00+00:00,8764.29,8764.78,8754.27,8754.79,214
2026-06-25T04:30:00+00:00,8754.79,8756.27,8750.79,8755.29,268
2026-06-25T04:45:00+00:00,8755.29,8757.79,8751.78,8754.29,199
2026-06-25T05:00:00+00:00,8754.29,8768.78,8753.27,8767.29,317
2026-06-25T05:15:00+00:00,8767.29,8778.28,8766.28,8777.29,193
2026-06-25T05:30:00+00:00,8777.29,8778.27,8757.79,8763.79,385
2026-06-25T05:45:00+00:00,8763.79,8764.78,8741.27,8747.79,496
2026-06-25T06:00:00+00:00,8747.79,8758.89,8745.37,8756.39,598
2026-06-25T06:15:00+00:00,8756.39,8758.89,8747.89,8754.69,336
2026-06-25T07:00:00+00:00,8764.68,8772.38,8759.86,8769.87,125
2026-06-25T07:15:00+00:00,8769.87,8780.36,8769.86,8777.88,230
2026-06-25T07:30:00+00:00,8777.88,8783.88,8777.86,8780.36,236
2026-06-25T07:45:00+00:00,8780.36,8782.88,8777.86,8782.88,181
2026-06-25T08:00:00+00:00,8782.88,8791.87,8778.87,8786.88,278
2026-06-25T08:15:00+00:00,8786.88,8793.88,8782.36,8792.87,239
2026-06-25T08:30:00+00:00,8792.87,8801.38,8790.86,8796.36,167
2026-06-25T08:45:00+00:00,8796.36,8796.86,8789.87,8790.87,157
2026-06-25T09:00:00+00:00,8790.87,8801.88,8790.87,8800.36,188
2026-06-25T09:15:00+00:00,8800.36,8803.38,8792.88,8795.86,181
2026-06-25T09:30:00+00:00,8795.86,8797.37,8791.86,8793.87,145
2026-06-25T09:45:00+00:00,8793.87,8797.87,8791.36,8794.86,113
2026-06-25T10:00:00+00:00,8794.86,8795.88,8791.86,8792.87,171
2026-06-25T10:15:00+00:00,8792.87,8795.88,8789.86,8793.86,177
2026-06-25T10:30:00+00:00,8793.86,8794.88,8791.36,8791.38,173
2026-06-25T10:45:00+00:00,8791.38,8795.36,8789.36,8793.87,218
2026-06-25T11:00:00+00:00,8793.87,8797.37,8789.86,8790.37,184
2026-06-25T11:15:00+00:00,8790.37,8791.87,8784.86,8786.36,203
2026-06-25T11:30:00+00:00,8786.36,8787.38,8781.36,8786.38,207
2026-06-25T11:45:00+00:00,8786.38,8789.87,8782.86,8783.86,151
2026-06-25T12:00:00+00:00,8783.86,8791.88,8782.86,8789.37,244
2026-06-25T12:15:00+00:00,8789.37,8790.87,8783.38,8785.86,191
2026-06-25T12:30:00+00:00,8785.86,8807.87,8785.86,8801.36,1205
2026-06-25T12:45:00+00:00,8801.36,8804.88,8797.86,8799.86,506
2026-06-25T13:00:00+00:00,8799.86,8804.88,8798.88,8800.38,334
2026-06-25T13:15:00+00:00,8800.38,8801.86,8794.36,8800.87,372
2026-06-25T13:30:00+00:00,8800.87,8808.38,8786.37,8787.87,1179
2026-06-25T13:45:00+00:00,8787.87,8790.88,8759.38,8761.88,3100
2026-06-25T14:00:00+00:00,8761.88,8801.38,8761.37,8789.86,2496
2026-06-25T14:15:00+00:00,8789.86,8807.38,8786.36,8800.86,2088
2026-06-25T14:30:00+00:00,8800.86,8809.87,8794.36,8797.87,1529
2026-06-25T14:45:00+00:00,8797.87,8810.36,8791.86,8797.37,1270
2026-06-25T15:00:00+00:00,8797.37,8804.88,8778.36,8779.87,1374
2026-06-25T15:15:00+00:00,8779.87,8800.38,8773.36,8792.36,1513
2026-06-25T15:30:00+00:00,8792.36,8797.88,8787.88,8792.88,1207
2026-06-25T15:45:00+00:00,8792.88,8799.88,8788.86,8789.88,1124
2026-06-25T16:00:00+00:00,8789.88,8801.88,8787.86,8801.36,1013
2026-06-25T16:15:00+00:00,8801.36,8807.88,8794.86,8797.87,697
2026-06-25T16:30:00+00:00,8797.87,8797.87,8783.87,8784.86,689
2026-06-25T16:45:00+00:00,8784.86,8790.36,8779.37,8785.36,677
2026-06-25T17:00:00+00:00,8785.36,8790.88,8782.86,8787.87,647
2026-06-25T17:15:00+00:00,8787.87,8793.86,8778.86,8786.38,742
2026-06-25T17:30:00+00:00,8786.38,8788.36,8779.86,8780.88,705
2026-06-25T17:45:00+00:00,8780.88,8784.88,8774.86,8783.37,925
2026-06-25T18:00:00+00:00,8783.37,8783.87,8767.87,8771.88,896
2026-06-25T18:15:00+00:00,8771.88,8787.88,8769.87,8787.37,717
2026-06-25T18:30:00+00:00,8787.37,8787.37,8771.37,8772.36,820
2026-06-25T18:45:00+00:00,8772.36,8778.38,8765.86,8775.88,611
2026-06-25T19:00:00+00:00,8775.88,8776.37,8769.86,8771.88,633
2026-06-25T19:15:00+00:00,8771.88,8775.38,8767.86,8772.86,617
2026-06-25T19:30:00+00:00,8772.86,8776.87,8769.87,8774.86,747
2026-06-25T19:45:00+00:00,8774.86,8776.86,8766.38,8774.87,727
2026-06-25T20:00:00+00:00,8774.87,8783.86,8773.36,8774.38,415
2026-06-25T20:15:00+00:00,8774.38,8782.38,8774.38,8779.37,129.41788205453392
2026-06-25T20:30:00+00:00,8779.37,8779.87,8775.36,8775.37,68
2026-06-25T20:45:00+00:00,8775.37,8776.37,8768.86,8771.67,65.84024087849805
2026-06-25T23:00:00+00:00,8763.61,8775.61,8760.61,8774.61,401.81627677620617
2026-06-25T23:15:00+00:00,8774.61,8796.35,8773.61,8781.35,816.9555471788128
2026-06-25T23:30:00+00:00,8781.35,8782.35,8754.61,8759.61,940.0725009225763
2026-06-25T23:45:00+00:00,8759.61,8760.61,8734.980000000001,8746.49,1153.3804044382055
2026-06-26T00:00:00+00:00,8746.49,8766.890000000001,8740.880000000001,8746.87,1550
2026-06-26T00:15:00+00:00,8746.87,8756.890000000001,8740.87,8756.87,1455
2026-06-26T00:30:00+00:00,8756.87,8759.390000000001,8736.880000000001,8741.380000000001,1285
2026-06-26T00:45:00+00:00,8741.380000000001,8746.890000000001,8733.37,8741.380000000001,1005
2026-06-26T01:00:00+00:00,8741.380000000001,8750.87,8729.87,8740.880000000001,1297
2026-06-26T01:15:00+00:00,8740.880000000001,8764.87,8740.87,8748.87,1153
2026-06-26T01:30:00+00:00,8748.87,8750.890000000001,8734.87,8740.380000000001,1183
2026-06-26T01:45:00+00:00,8740.380000000001,8755.890000000001,8738.380000000001,8755.37,801
2026-06-26T02:00:00+00:00,8755.37,8765.880000000001,8750.380000000001,8754.890000000001,709
2026-06-26T02:15:00+00:00,8754.890000000001,8759.890000000001,8743.87,8743.880000000001,665
2026-06-26T02:30:00+00:00,8743.880000000001,8743.890000000001,8730.87,8732.380000000001,565
2026-06-26T02:45:00+00:00,8732.380000000001,8732.890000000001,8716.37,8723.390000000001,596
2026-06-26T03:00:00+00:00,8723.390000000001,8723.890000000001,8716.37,8718.890000000001,505
2026-06-26T03:15:00+00:00,8718.890000000001,8719.87,8702.37,8703.880000000001,329
2026-06-26T03:30:00+00:00,8703.880000000001,8716.880000000001,8698.87,8716.87,726
2026-06-26T03:45:00+00:00,8716.87,8736.880000000001,8715.87,8736.380000000001,1128
2026-06-26T04:00:00+00:00,8736.380000000001,8741.390000000001,8730.87,8739.880000000001,904
2026-06-26T04:15:00+00:00,8739.880000000001,8745.890000000001,8736.890000000001,8741.880000000001,605
2026-06-26T04:30:00+00:00,8741.880000000001,8742.890000000001,8736.87,8742.380000000001,415
2026-06-26T04:45:00+00:00,8742.380000000001,8745.880000000001,8738.380000000001,8744.87,331
2026-06-26T05:00:00+00:00,8744.87,8756.880000000001,8744.87,8755.87,495
2026-06-26T05:15:00+00:00,8755.87,8758.890000000001,8751.880000000001,8756.890000000001,331
2026-06-26T05:30:00+00:00,8756.890000000001,8761.880000000001,8742.380000000001,8742.390000000001,399
2026-06-26T05:45:00+00:00,8742.390000000001,8757.390000000001,8739.87,8753.390000000001,521
2026-06-26T06:00:00+00:00,8753.390000000001,8756.99,8746.970000000001,8756.99,547
2026-06-26T06:15:00+00:00,8756.99,8763.29,8753.480000000001,8763.29,540
2026-06-26T07:00:00+00:00,8778.35,8792.05,8778.35,8787.03,100
2026-06-26T07:15:00+00:00,8787.03,8797.53,8785.03,8795.54,388
2026-06-26T07:30:00+00:00,8795.54,8802.54,8795.53,8797.03,299
2026-06-26T07:45:00+00:00,8797.03,8804.54,8795.53,8803.03,245
2026-06-26T08:00:00+00:00,8803.03,8809.05,8797.05,8802.04,518
2026-06-26T08:15:00+00:00,8802.04,8810.05,8801.03,8808.55,407
2026-06-26T08:30:00+00:00,8808.55,8808.55,8789.53,8790.03,415
2026-06-26T08:45:00+00:00,8790.03,8791.55,8771.85,8779.53,445
2026-06-26T09:00:00+00:00,8779.53,8783.55,8770.05,8782.04,589
2026-06-26T09:15:00+00:00,8782.04,8782.55,8770.53,8776.04,610
2026-06-26T09:30:00+00:00,8776.04,8788.53,8770.53,8786.55,416
2026-06-26T09:45:00+00:00,8786.55,8789.05,8779.03,8781.55,445
2026-06-26T10:00:00+00:00,8781.55,8784.55,8771.54,8782.53,468
2026-06-26T10:15:00+00:00,8782.53,8784.55,8774.53,8782.53,408
2026-06-26T10:30:00+00:00,8782.53,8786.55,8779.54,8781.54,443
2026-06-26T10:45:00+00:00,8781.54,8785.54,8777.03,8784.55,393
2026-06-26T11:00:00+00:00,8784.55,8789.55,8782.54,8784.53,643
2026-06-26T11:15:00+00:00,8784.53,8784.54,8776.53,8781.05,403
2026-06-26T11:30:00+00:00,8781.05,8781.05,8771.53,8774.53,397
2026-06-26T11:45:00+00:00,8774.53,8777.53,8766.54,8772.54,406
2026-06-26T12:00:00+00:00,8772.54,8783.55,8770.54,8780.55,482
2026-06-26T12:15:00+00:00,8780.55,8787.04,8771.53,8775.54,514
2026-06-26T12:30:00+00:00,8775.54,8779.03,8764.54,8766.04,509
2026-06-26T12:45:00+00:00,8766.04,8769.55,8761.03,8768.53,524
2026-06-26T13:00:00+00:00,8768.53,8770.53,8751.85,8763.54,567
2026-06-26T13:15:00+00:00,8763.54,8767.55,8745.53,8765.54,1384
2026-06-26T13:30:00+00:00,8765.54,8777.05,8760.04,8774.04,1909
2026-06-26T13:45:00+00:00,8774.04,8795.55,8766.55,8795.05,1332
2026-06-26T14:00:00+00:00,8795.05,8809.53,8789.04,8804.54,1324
2026-06-26T14:15:00+00:00,8804.54,8814.55,8804.03,8808.04,1073
2026-06-26T14:30:00+00:00,8808.04,8809.55,8796.05,8800.03,799
2026-06-26T14:45:00+00:00,8800.03,8810.55,8795.53,8800.53,1052
2026-06-26T15:00:00+00:00,8800.53,8810.03,8793.53,8794.54,848
2026-06-26T15:15:00+00:00,8794.54,8816.54,8791.53,8816.53,728
2026-06-26T15:30:00+00:00,8816.53,8830.84,8812.53,8824.55,779
2026-06-26T15:45:00+00:00,8824.55,8825.55,8810.05,8824.03,934.935051943055
2026-06-26T16:00:00+00:00,8824.03,8826.53,8813.03,8816.55,586
2026-06-26T16:15:00+00:00,8816.55,8819.55,8803.03,8813.04,953
2026-06-26T16:30:00+00:00,8813.04,8822.05,8813.03,8813.53,589
2026-06-26T16:45:00+00:00,8813.53,8818.54,8813.03,8816.53,410
2026-06-26T17:00:00+00:00,8816.53,8828.05,8815.03,8825.54,382
2026-06-26T17:15:00+00:00,8825.54,8825.54,8816.04,8820.55,405
2026-06-26T17:30:00+00:00,8820.55,8825.03,8812.04,8816.53,534
2026-06-26T17:45:00+00:00,8816.53,8817.55,8811.03,8812.53,361
2026-06-26T18:00:00+00:00,8812.53,8818.05,8811.54,8813.55,508
2026-06-26T18:15:00+00:00,8813.55,8815.04,8808.03,8809.03,398
2026-06-26T18:30:00+00:00,8809.03,8813.05,8807.53,8812.04,296
2026-06-26T18:45:00+00:00,8812.04,8812.04,8802.03,8804.54,444
2026-06-26T19:00:00+00:00,8804.54,8815.55,8801.04,8815.05,563
2026-06-26T19:15:00+00:00,8815.05,8816.05,8802.03,8802.03,493
2026-06-26T19:30:00+00:00,8802.03,8804.04,8795.04,8800.03,434
2026-06-26T19:45:00+00:00,8800.03,8808.55,8794.53,8795.04,912
2026-06-26T20:00:00+00:00,8795.04,8808.05,8795.04,8800.55,773
2026-06-26T20:15:00+00:00,8800.55,8806.55,8800.03,8803.55,128
2026-06-26T20:30:00+00:00,8803.55,8804.55,8791.03,8794.54,317
2026-06-28T23:45:00+00:00,8795.04,8817.96,8786.46,8786.46,254
2026-06-29T00:00:00+00:00,8786.46,8834.34,8786.46,8823.86,2162
2026-06-29T00:15:00+00:00,8823.86,8829.86,8812.34,8816.84,1211
2026-06-29T00:30:00+00:00,8816.84,8818.36,8791.84,8804.86,1514
2026-06-29T00:45:00+00:00,8804.86,8804.86,8778.34,8804.84,1338
2026-06-29T01:00:00+00:00,8804.84,8807.34,8791.35,8796.85,1030
2026-06-29T01:15:00+00:00,8796.85,8800.34,8788.34,8789.84,1164
2026-06-29T01:30:00+00:00,8789.84,8799.35,8783.34,8790.86,1264
2026-06-29T01:45:00+00:00,8790.86,8791.36,8776.86,8786.84,855
2026-06-29T02:00:00+00:00,8786.84,8787.85,8773.84,8774.84,663
2026-06-29T02:15:00+00:00,8774.84,8789.34,8772.84,8787.36,535
2026-06-29T02:30:00+00:00,8787.36,8790.36,8784.34,8787.36,390
2026-06-29T02:45:00+00:00,8787.36,8793.36,8784.34,8789.35,369
2026-06-29T03:00:00+00:00,8789.35,8794.34,8788.34,8790.85,294
2026-06-29T03:15:00+00:00,8790.85,8796.34,8787.34,8794.36,276
2026-06-29T03:30:00+00:00,8794.36,8797.36,8787.34,8792.35,354
2026-06-29T03:45:00+00:00,8792.35,8804.36,8788.34,8803.35,393
2026-06-29T04:00:00+00:00,8803.35,8808.85,8802.84,8805.34,207
2026-06-29T04:15:00+00:00,8805.34,8806.86,8800.34,8804.34,225
2026-06-29T04:30:00+00:00,8804.34,8806.36,8797.34,8800.34,168
2026-06-29T04:45:00+00:00,8800.34,8805.35,8798.85,8799.85,206
2026-06-29T05:00:00+00:00,8799.85,8804.36,8798.84,8803.36,302
2026-06-29T05:15:00+00:00,8803.36,8805.85,8801.34,8802.86,254
2026-06-29T05:30:00+00:00,8802.86,8815.86,8801.35,8814.35,236
2026-06-29T05:45:00+00:00,8814.35,8822.36,8813.35,8820.35,182
2026-06-29T06:00:00+00:00,8820.35,8829.96,8817.94,8828.95,487
2026-06-29T06:15:00+00:00,8828.95,8837.96,8827.95,8834.24,310
2026-06-29T07:00:00+00:00,8834.24,8834.24,8822.45,8830.44,122
2026-06-29T07:15:00+00:00,8830.44,8849.96,8829.94,8848.95,323
2026-06-29T07:30:00+00:00,8848.95,8854.45,8843.45,8850.44,246
2026-06-29T07:45:00+00:00,8850.44,8853.96,8840.96,8845.95,335
2026-06-29T08:00:00+00:00,8845.95,8851.95,8842.94,8847.96,489
2026-06-29T08:15:00+00:00,8847.96,8849.44,8830.94,8831.46,345
2026-06-29T08:30:00+00:00,8831.46,8832.96,8822.45,8822.94,356
2026-06-29T08:45:00+00:00,8822.94,8823.95,8813.44,8814.94,328
2026-06-29T09:00:00+00:00,8814.94,8819.96,8813.44,8817.46,352
2026-06-29T09:15:00+00:00,8817.46,8823.96,8815.95,8822.44,330
2026-06-29T09:30:00+00:00,8822.44,8824.44,8817.44,8823.45,251
2026-06-29T09:45:00+00:00,8823.45,8823.96,8811.44,8817.94,455
2026-06-29T10:00:00+00:00,8817.94,8822.94,8816.95,8818.46,241
2026-06-29T10:15:00+00:00,8818.46,8818.96,8811.94,8818.96,234
2026-06-29T10:30:00+00:00,8818.96,8827.96,8815.44,8825.94,267
2026-06-29T10:45:00+00:00,8825.94,8828.96,8821.94,8827.94,282
2026-06-29T11:00:00+00:00,8827.94,8834.46,8827.94,8828.46,283
2026-06-29T11:15:00+00:00,8828.46,8829.45,8820.44,8820.96,252
2026-06-29T11:30:00+00:00,8820.96,8830.44,8819.95,8825.44,490
2026-06-29T11:45:00+00:00,8825.44,8833.96,8825.44,8830.96,198
2026-06-29T12:00:00+00:00,8830.96,8834.96,8827.46,8830.96,312
2026-06-29T12:15:00+00:00,8830.96,8831.96,8823.45,8824.45,324
2026-06-29T12:30:00+00:00,8824.45,8833.95,8818.44,8823.95,287
2026-06-29T12:45:00+00:00,8823.95,8831.46,8823.94,8830.96,302
2026-06-29T13:00:00+00:00,8830.96,8838.96,8830.96,8838.94,249
2026-06-29T13:15:00+00:00,8838.94,8839.96,8829.95,8832.95,278
2026-06-29T13:30:00+00:00,8832.95,8843.94,8821.95,8841.96,1324
2026-06-29T13:45:00+00:00,8841.96,8841.96,8817.94,8821.95,986
2026-06-29T14:00:00+00:00,8821.95,8823.95,8791.46,8791.46,1400
2026-06-29T14:15:00+00:00,8791.46,8825.95,8788.45,8820.96,1744
2026-06-29T14:30:00+00:00,8820.96,8823.96,8808.95,8810.94,1177
2026-06-29T14:45:00+00:00,8810.94,8816.96,8806.94,8816.96,966
2026-06-29T15:00:00+00:00,8816.96,8817.46,8808.44,8816.95,907
2026-06-29T15:15:00+00:00,8816.95,8819.95,8806.94,8817.95,594
2026-06-29T15:30:00+00:00,8817.95,8827.96,8816.94,8827.94,379
2026-06-29T15:45:00+00:00,8827.94,8832.95,8826.46,8832.95,280
2026-06-29T16:00:00+00:00,8832.95,8834.96,8829.96,8831.95,196
2026-06-29T16:15:00+00:00,8831.95,8836.46,8830.94,8833.46,141
2026-06-29T16:30:00+00:00,8833.46,8836.95,8829.96,8834.95,89
2026-06-29T16:45:00+00:00,8834.95,8840.96,8834.94,8837.44,143
2026-06-29T17:00:00+00:00,8837.44,8846.94,8837.44,8843.95,177
2026-06-29T17:15:00+00:00,8843.95,8844.96,8837.45,8842.96,156
2026-06-29T17:30:00+00:00,8842.96,8843.46,8838.94,8842.45,180
2026-06-29T17:45:00+00:00,8842.45,8842.95,8839.94,8841.96,105.29506903353057
2026-06-29T18:00:00+00:00,8841.96,8846.94,8840.44,8842.94,111
2026-06-29T18:15:00+00:00,8842.94,8842.96,8838.94,8840.45,152
2026-06-29T18:30:00+00:00,8840.45,8844.94,8838.94,8843.94,103
2026-06-29T18:45:00+00:00,8843.94,8844.96,8842.46,8843.96,114
2026-06-29T19:00:00+00:00,8843.96,8844.96,8841.44,8842.94,104
2026-06-29T19:15:00+00:00,8842.94,8845.45,8841.96,8841.96,75
2026-06-29T19:30:00+00:00,8841.96,8841.96,8836.96,8838.46,165
2026-06-29T19:45:00+00:00,8838.46,8842.96,8827.94,8838.94,298
2026-06-29T20:00:00+00:00,8838.94,8839.45,8831.44,8834.96,126
2026-06-29T20:15:00+00:00,8834.96,8838.96,8834.94,8835.96,34
2026-06-29T20:30:00+00:00,8835.96,8836.45,8833.45,8834.45,29
2026-06-29T20:45:00+00:00,8834.45,8837.75,8833.94,8836.24,49
2026-06-29T23:00:00+00:00,8825.09,8831.09,8824.09,8828.09,136.6525998351458
2026-06-29T23:15:00+00:00,8828.09,8829.09,8824.09,8827.09,89.37234833697397
2026-06-29T23:30:00+00:00,8827.09,8839.09,8822.09,8836.09,244.41107452700533
2026-06-29T23:45:00+00:00,8836.09,8838.09,8814.380000000001,8824.380000000001,583.1268680908594
2026-06-30T00:00:00+00:00,8824.380000000001,8828.78,8811.77,8820.77,1149
2026-06-30T00:15:00+00:00,8820.77,8828.78,8812.78,8814.28,689
2026-06-30T00:30:00+00:00,8814.28,8820.28,8808.26,8812.76,724
2026-06-30T00:45:00+00:00,8812.76,8820.78,8808.76,8820.76,577
2026-06-30T01:00:00+00:00,8820.76,8825.26,8808.76,8816.77,623
2026-06-30T01:15:00+00:00,8816.77,8829.77,8811.76,8829.26,453
2026-06-30T01:30:00+00:00,8829.26,8829.78,8816.76,8820.78,423
2026-06-30T01:45:00+00:00,8820.78,8827.28,8816.76,8826.26,323
2026-06-30T02:00:00+00:00,8826.26,8827.78,8813.78,8814.78,266
2026-06-30T02:15:00+00:00,8814.78,8816.78,8808.76,8812.26,259
2026-06-30T02:30:00+00:00,8812.26,8816.77,8808.77,8814.27,256
2026-06-30T02:45:00+00:00,8814.27,8823.77,8812.76,8815.27,243
2026-06-30T03:00:00+00:00,8815.27,8815.27,8808.26,8813.26,215
2026-06-30T03:15:00+00:00,8813.26,8816.78,8812.76,8816.27,166
2026-06-30T03:30:00+00:00,8816.27,8821.78,8815.26,8818.28,235
2026-06-30T03:45:00+00:00,8818.28,8819.77,8813.77,8816.78,163
2026-06-30T04:00:00+00:00,8816.78,8820.78,8814.77,8816.27,155
2026-06-30T04:15:00+00:00,8816.27,8817.78,8812.76,8817.76,168
2026-06-30T04:30:00+00:00,8817.76,8817.76,8806.76,8807.78,157
2026-06-30T04:45:00+00:00,8807.78,8809.27,8798.76,8799.76,175
2026-06-30T05:00:00+00:00,8799.76,8804.77,8794.76,8801.78,194
2026-06-30T05:15:00+00:00,8801.78,8804.76,8792.76,8793.78,207
2026-06-30T05:30:00+00:00,8793.78,8793.78,8782.26,8783.76,196
2026-06-30T05:45:00+00:00,8783.76,8788.27,8781.78,8782.28,157
2026-06-30T06:00:00+00:00,8782.28,8784.880000000001,8763.86,8773.86,575
2026-06-30T06:15:00+00:00,8773.86,8775.17,8763.37,8774.68,235
2026-06-30T07:00:00+00:00,8788.83,8791.53,8784.03,8787.53,203
2026-06-30T07:15:00+00:00,8787.53,8794.53,8786.51,8793.02,194
2026-06-30T07:30:00+00:00,8793.02,8805.03,8793.02,8805.03,115
2026-06-30T07:45:00+00:00,8805.03,8805.03,8796.01,8796.03,171
2026-06-30T08:00:00+00:00,8796.03,8803.02,8793.03,8793.52,431
2026-06-30T08:15:00+00:00,8793.52,8798.02,8789.01,8797.52,245
2026-06-30T08:30:00+00:00,8797.52,8798.53,8778.51,8782.03,293
2026-06-30T08:45:00+00:00,8782.03,8788.03,8781.51,8786.01,204
2026-06-30T09:00:00+00:00,8786.01,8794.03,8784.53,8794.03,222
2026-06-30T09:15:00+00:00,8794.03,8796.53,8792.51,8796.52,219
2026-06-30T09:30:00+00:00,8796.52,8800.53,8791.51,8799.51,203
2026-06-30T09:45:00+00:00,8799.51,8803.02,8798.52,8801.52,156
2026-06-30T10:00:00+00:00,8801.52,8805.53,8800.51,8802.52,193
2026-06-30T10:15:00+00:00,8802.52,8807.53,8802.52,8805.53,145
2026-06-30T10:30:00+00:00,8805.53,8807.03,8801.53,8806.03,119
2026-06-30T10:45:00+00:00,8806.03,8811.52,8804.01,8808.02,119
2026-06-30T11:00:00+00:00,8808.02,8809.53,8802.02,8804.51,145
2026-06-30T11:15:00+00:00,8804.51,8805.53,8802.51,8803.53,125
2026-06-30T11:30:00+00:00,8803.53,8807.52,8802.51,8807.03,179
2026-06-30T11:45:00+00:00,8807.03,8808.02,8800.01,8800.53,129
2026-06-30T12:00:00+00:00,8800.53,8800.53,8791.03,8791.53,181
2026-06-30T12:15:00+00:00,8791.53,8791.53,8780.02,8782.02,239
2026-06-30T12:30:00+00:00,8782.02,8788.52,8777.53,8787.53,286
2026-06-30T12:45:00+00:00,8787.53,8790.03,8783.51,8784.53,178
2026-06-30T13:00:00+00:00,8784.53,8785.51,8776.53,8779.51,237
2026-06-30T13:15:00+00:00,8779.51,8787.53,8779.01,8787.52,154.07715582450834
2026-06-30T13:30:00+00:00,8787.52,8792.51,8777.02,8788.01,680
2026-06-30T13:45:00+00:00,8788.01,8801.03,8787.02,8801.02,365
2026-06-30T14:00:00+00:00,8801.02,8807.03,8796.01,8806.51,463
2026-06-30T14:15:00+00:00,8806.51,8818.52,8806.51,8815.02,311
2026-06-30T14:30:00+00:00,8815.02,8816.53,8805.01,8806.03,289
2026-06-30T14:45:00+00:00,8806.03,8806.52,8784.51,8786.53,300
2026-06-30T15:00:00+00:00,8786.53,8807.02,8785.03,8804.03,331
2026-06-30T15:15:00+00:00,8804.03,8804.03,8792.53,8794.53,336
2026-06-30T15:30:00+00:00,8794.53,8799.53,8790.51,8797.52,397
2026-06-30T15:45:00+00:00,8797.52,8802.01,8794.51,8794.52,186
2026-06-30T16:00:00+00:00,8794.52,8796.03,8790.52,8794.03,116.18829418559876
2026-06-30T16:15:00+00:00,8794.03,8796.53,8793.51,8794.52,127
2026-06-30T16:30:00+00:00,8794.52,8795.53,8791.51,8795.01,114
2026-06-30T16:45:00+00:00,8795.01,8795.52,8791.52,8791.52,76
2026-06-30T17:00:00+00:00,8791.52,8793.53,8786.52,8786.52,91
2026-06-30T17:15:00+00:00,8786.52,8790.53,8785.51,8790.53,83
2026-06-30T17:30:00+00:00,8790.53,8792.53,8789.51,8792.51,79
2026-06-30T17:45:00+00:00,8792.51,8797.53,8791.51,8795.51,76.56230031948881
2026-06-30T18:00:00+00:00,8795.51,8797.53,8793.02,8795.01,93
2026-06-30T18:15:00+00:00,8795.01,8797.03,8793.51,8794.51,64.12624330527927
2026-06-30T18:30:00+00:00,8794.51,8795.53,8792.02,8795.53,70
2026-06-30T18:45:00+00:00,8795.53,8799.53,8794.53,8799.02,72
2026-06-30T19:00:00+00:00,8799.02,8801.03,8795.51,8800.52,50
2026-06-30T19:15:00+00:00,8800.52,8802.53,8798.51,8799.02,74
2026-06-30T19:30:00+00:00,8799.02,8799.53,8796.51,8799.01,140
2026-06-30T19:45:00+00:00,8799.01,8803.53,8794.53,8801.51,464
2026-06-30T20:00:00+00:00,8801.51,8801.53,8796.52,8799.02,148.8778195488722
2026-06-30T20:15:00+00:00,8798.02,8798.02,8793.01,8794.52,51
2026-06-30T20:30:00+00:00,8794.52,8794.52,8792.51,8793.01,23
2026-06-30T20:45:00+00:00,8793.01,8798.31,8793.01,8798.31,560
2026-06-30T23:00:00+00:00,8797.01,8799.01,8795.01,8797.01,109.68095130866371
2026-06-30T23:15:00+00:00,8797.01,8800.01,8796.01,8799.01,85.3847368422395
2026-06-30T23:30:00+00:00,8799.01,8802.01,8786.01,8789.01,212.5250790477855
2026-06-30T23:45:00+00:00,8789.01,8806.01,8776.539999999999,8794.06,471.5538443433073
2026-07-01T00:00:00+00:00,8794.06,8796.46,8753.44,8753.96,1398
2026-07-01T00:15:00+00:00,8753.96,8753.96,8733.949999999999,8736.949999999999,683
2026-07-01T00:30:00+00:00,8736.949999999999,8758.96,8725.96,8749.46,638
2026-07-01T00:45:00+00:00,8749.46,8766.46,8748.949999999999,8758.96,604
2026-07-01T01:00:00+00:00,8758.96,8766.44,8752.44,8757.949999999999,684
2026-07-01T01:15:00+00:00,8757.949999999999,8769.96,8746.44,8769.96,713
2026-07-01T01:30:00+00:00,8769.96,8772.949999999999,8759.949999999999,8760.96,581
2026-07-01T01:45:00+00:00,8760.96,8760.96,8741.449999999999,8745.46,497
2026-07-01T02:00:00+00:00,8745.46,8753.949999999999,8728.94,8732.449999999999,608
2026-07-01T02:15:00+00:00,8732.449999999999,8739.449999999999,8727.44,8728.46,445
2026-07-01T02:30:00+00:00,8728.46,8744.96,8722.44,8743.96,376
2026-07-01T02:45:00+00:00,8743.96,8746.96,8735.949999999999,8736.949999999999,416
2026-07-01T03:00:00+00:00,8736.949999999999,8741.94,8734.44,8738.94,249
2026-07-01T03:15:00+00:00,8738.94,8745.96,8733.94,8733.94,297
2026-07-01T03:30:00+00:00,8733.94,8736.96,8727.94,8732.44,285
2026-07-01T03:45:00+00:00,8732.44,8736.46,8730.44,8731.949999999999,201
2026-07-01T04:00:00+00:00,8731.949999999999,8733.949999999999,8714.96,8715.949999999999,338
2026-07-01T04:15:00+00:00,8715.949999999999,8725.96,8714.949999999999,8725.96,224
2026-07-01T04:30:00+00:00,8725.96,8729.46,8721.949999999999,8727.46,201
2026-07-01T04:45:00+00:00,8727.46,8734.96,8726.449999999999,8730.46,219
2026-07-01T05:00:00+00:00,8730.46,8735.96,8725.94,8732.44,323
2026-07-01T05:15:00+00:00,8732.44,8735.949999999999,8730.94,8732.46,149
2026-07-01T05:30:00+00:00,8732.46,8732.949999999999,8719.949999999999,8722.949999999999,277
2026-07-01T05:45:00+00:00,8722.949999999999,8732.449999999999,8718.94,8728.46,222
2026-07-01T06:00:00+00:00,8728.46,8728.46,8717.039999999999,8719.56,410
2026-07-01T06:15:00+00:00,8719.56,8720.86,8711.55,8720.34,224
2026-07-01T07:00:00+00:00,8724.52,8724.52,8698.72,8702.74,120
2026-07-01T07:15:00+00:00,8702.74,8716.74,8701.22,8711.74,363
2026-07-01T07:30:00+00:00,8711.74,8715.74,8710.22,8715.72,198
2026-07-01T07:45:00+00:00,8715.72,8720.74,8715.22,8715.72,182
2026-07-01T08:00:00+00:00,8715.72,8717.74,8711.73,8711.73,178
2026-07-01T08:15:00+00:00,8711.73,8721.74,8711.24,8715.22,206
2026-07-01T08:30:00+00:00,8715.22,8723.73,8714.72,8722.23,207
2026-07-01T08:45:00+00:00,8722.23,8722.23,8718.22,8719.74,202
2026-07-01T09:00:00+00:00,8719.74,8721.23,8712.23,8716.73,211
2026-07-01T09:15:00+00:00,8716.73,8722.23,8715.73,8717.74,127.22277777777778
2026-07-01T09:30:00+00:00,8717.74,8718.74,8711.22,8713.73,153
2026-07-01T09:45:00+00:00,8713.73,8715.74,8711.72,8712.73,111
2026-07-01T10:00:00+00:00,8712.73,8713.73,8702.74,8706.72,134
2026-07-01T10:15:00+00:00,8706.72,8709.74,8704.72,8707.74,113
2026-07-01T10:30:00+00:00,8707.74,8708.73,8700.24,8701.23,170
2026-07-01T10:45:00+00:00,8701.23,8705.24,8700.23,8704.74,93
2026-07-01T11:00:00+00:00,8704.74,8710.74,8704.22,8705.24,126.22562449637388
2026-07-01T11:15:00+00:00,8705.24,8706.74,8703.72,8705.22,213
2026-07-01T11:30:00+00:00,8705.22,8707.24,8701.22,8707.24,113
2026-07-01T11:45:00+00:00,8707.24,8709.22,8696.73,8697.73,157
2026-07-01T12:00:00+00:00,8697.73,8699.24,8686.24,8688.73,206
2026-07-01T12:15:00+00:00,8688.73,8698.23,8688.73,8693.22,284
2026-07-01T12:30:00+00:00,8693.22,8694.74,8681.74,8683.24,404
2026-07-01T12:45:00+00:00,8683.24,8690.73,8681.72,8688.74,289
2026-07-01T13:00:00+00:00,8688.74,8688.74,8679.24,8680.73,335
2026-07-01T13:15:00+00:00,8680.73,8695.24,8680.73,8694.23,553
2026-07-01T13:30:00+00:00,8694.23,8713.23,8686.23,8712.73,1470
2026-07-01T13:45:00+00:00,8712.73,8718.24,8707.23,8709.72,540
2026-07-01T14:00:00+00:00,8709.72,8726.24,8706.72,8723.72,482
2026-07-01T14:15:00+00:00,8723.72,8732.24,8721.22,8721.74,249
2026-07-01T14:30:00+00:00,8721.74,8723.24,8712.72,8712.72,404
2026-07-01T14:45:00+00:00,8712.72,8719.24,8705.72,8708.72,417
2026-07-01T15:00:00+00:00,8708.72,8715.24,8702.73,8705.22,318
2026-07-01T15:15:00+00:00,8705.22,8716.24,8705.22,8716.24,259
2026-07-01T15:30:00+00:00,8716.24,8720.22,8709.72,8719.73,327
2026-07-01T15:45:00+00:00,8719.73,8721.74,8714.72,8720.74,206
2026-07-01T16:00:00+00:00,8720.74,8725.74,8719.23,8725.24,147
2026-07-01T16:15:00+00:00,8725.24,8726.74,8723.72,8725.72,160
2026-07-01T16:30:00+00:00,8725.72,8730.23,8719.72,8722.72,167
2026-07-01T16:45:00+00:00,8722.72,8723.73,8711.72,8712.72,145
2026-07-01T17:00:00+00:00,8712.72,8716.73,8709.72,8712.23,195
2026-07-01T17:15:00+00:00,8712.23,8718.73,8712.22,8715.73,115
2026-07-01T17:30:00+00:00,8715.73,8718.73,8711.74,8711.74,141
2026-07-01T17:45:00+00:00,8711.74,8712.23,8705.22,8705.22,173
2026-07-01T18:00:00+00:00,8705.22,8706.73,8696.23,8696.74,162
2026-07-01T18:15:00+00:00,8696.74,8702.74,8693.72,8698.24,163
2026-07-01T18:30:00+00:00,8698.24,8698.24,8692.72,8697.72,116
2026-07-01T18:45:00+00:00,8697.72,8704.72,8697.72,8703.72,148.67897727272728
2026-07-01T19:00:00+00:00,8703.72,8711.73,8703.72,8711.24,143
2026-07-01T19:15:00+00:00,8711.24,8713.24,8708.72,8710.24,71
2026-07-01T19:30:00+00:00,8710.24,8713.74,8709.73,8710.74,83
2026-07-01T19:45:00+00:00,8710.74,8715.72,8705.22,8708.74,264
2026-07-01T20:00:00+00:00,8708.74,8708.74,8702.22,8706.23,179.67189132706375
2026-07-01T20:15:00+00:00,8706.23,8706.24,8701.73,8703.24,53.66573033707866
2026-07-01T20:30:00+00:00,8703.24,8703.24,8698.73,8700.74,45.186844800881275
2026-07-01T20:45:00+00:00,8700.74,8702.24,8700.23,8700.24,44.26101142606979
2026-07-01T23:00:00+00:00,8710.21,8712.21,8703.21,8704.21,92.36653112889557
2026-07-01T23:15:00+00:00,8704.21,8709.21,8703.21,8709.21,73.1989553584611
2026-07-01T23:30:00+00:00,8709.21,8715.21,8705.21,8709.21,181.12176365317342
2026-07-01T23:45:00+00:00,8709.21,8722.4,8688.21,8717.38,544.1046273900573
2026-07-02T00:00:00+00:00,8717.38,8721.289999999999,8671.789999999999,8676.279999999999,1872
2026-07-02T00:15:00+00:00,8676.279999999999,8705.8,8676.279999999999,8695.789999999999,1020
2026-07-02T00:30:00+00:00,8695.789999999999,8698.289999999999,8686.789999999999,8686.8,662
2026-07-02T00:45:00+00:00,8686.8,8717.8,8686.289999999999,8713.779999999999,790
2026-07-02T01:00:00+00:00,8713.779999999999,8741.779999999999,8710.779999999999,8737.779999999999,761
2026-07-02T01:15:00+00:00,8737.779999999999,8740.789999999999,8720.779999999999,8731.8,594
2026-07-02T01:30:00+00:00,8731.8,8738.789999999999,8717.8,8728.3,584
2026-07-02T01:45:00+00:00,8728.3,8732.779999999999,8722.279999999999,8726.8,396
2026-07-02T02:00:00+00:00,8726.8,8727.8,8715.779999999999,8721.779999999999,351
2026-07-02T02:15:00+00:00,8721.779999999999,8731.8,8720.779999999999,8726.3,293
2026-07-02T02:30:00+00:00,8726.3,8726.3,8719.779999999999,8720.8,223
2026-07-02T02:45:00+00:00,8720.8,8725.279999999999,8717.8,8720.789999999999,206
2026-07-02T03:00:00+00:00,8720.789999999999,8725.3,8716.779999999999,8720.789999999999,259
2026-07-02T03:15:00+00:00,8720.789999999999,8728.789999999999,8719.279999999999,8726.289999999999,221
2026-07-02T03:30:00+00:00,8726.289999999999,8732.8,8725.789999999999,8732.3,256
2026-07-02T03:45:00+00:00,8732.3,8733.779999999999,8725.779999999999,8731.279999999999,256
2026-07-02T04:00:00+00:00,8731.279999999999,8733.8,8718.779999999999,8721.8,277
2026-07-02T04:15:00+00:00,8721.8,8725.8,8719.779999999999,8723.789999999999,258
2026-07-02T04:30:00+00:00,8723.789999999999,8724.8,8715.779999999999,8718.779999999999,240
2026-07-02T04:45:00+00:00,8718.779999999999,8728.789999999999,8718.779999999999,8725.789999999999,289
2026-07-02T05:00:00+00:00,8725.789999999999,8732.8,8720.8,8730.789999999999,257
2026-07-02T05:15:00+00:00,8730.789999999999,8733.789999999999,8728.279999999999,8730.8,148
2026-07-02T05:30:00+00:00,8730.8,8730.8,8721.8,8723.3,256
2026-07-02T05:45:00+00:00,8723.3,8725.8,8721.289999999999,8721.789999999999,253
2026-07-02T06:00:00+00:00,8721.789999999999,8729.9,8720.9,8729.38,392
2026-07-02T06:15:00+00:00,8729.38,8731.38,8724.38,8729.179999999998,429
2026-07-02T07:00:00+00:00,8725.21,8726.43,8715.41,8716.41,188
2026-07-02T07:15:00+00:00,8716.41,8729.93,8714.92,8725.91,217
2026-07-02T07:30:00+00:00,8725.91,8740.92,8723.42,8740.43,233
2026-07-02T07:45:00+00:00,8740.43,8746.93,8739.41,8744.91,266
2026-07-02T08:00:00+00:00,8744.91,8756.93,8742.91,8751.41,485
2026-07-02T08:15:00+00:00,8751.41,8760.43,8749.41,8758.41,276
2026-07-02T08:30:00+00:00,8758.41,8765.43,8757.42,8763.43,167
2026-07-02T08:45:00+00:00,8763.43,8771.43,8761.92,8765.92,175
2026-07-02T09:00:00+00:00,8765.92,8765.92,8758.41,8761.93,152
2026-07-02T09:15:00+00:00,8761.93,8764.93,8761.41,8763.43,101
2026-07-02T09:30:00+00:00,8763.43,8765.43,8760.41,8762.92,133
2026-07-02T09:45:00+00:00,8762.92,8764.43,8760.41,8761.41,117
2026-07-02T10:00:00+00:00,8761.41,8763.43,8756.41,8759.92,143
2026-07-02T10:15:00+00:00,8759.92,8762.42,8759.41,8760.91,135
2026-07-02T10:30:00+00:00,8760.91,8770.43,8760.91,8768.92,93
2026-07-02T10:45:00+00:00,8768.92,8770.41,8766.41,8766.93,122
2026-07-02T11:00:00+00:00,8766.93,8772.93,8763.92,8766.93,155
2026-07-02T11:15:00+00:00,8766.93,8767.42,8760.91,8763.92,84
2026-07-02T11:30:00+00:00,8763.92,8765.93,8759.41,8759.43,122.42046303211352
2026-07-02T11:45:00+00:00,8759.43,8764.43,8757.43,8757.43,86
2026-07-02T12:00:00+00:00,8757.43,8763.42,8754.42,8762.92,162
2026-07-02T12:15:00+00:00,8762.92,8768.93,8762.41,8763.71,152
2026-07-02T12:30:00+00:00,8763.71,8799.43,8763.71,8797.42,869
2026-07-02T12:45:00+00:00,8797.42,8798.43,8779.92,8783.93,512
2026-07-02T13:00:00+00:00,8783.93,8788.43,8778.42,8783.93,339
2026-07-02T13:15:00+00:00,8783.93,8791.43,8781.42,8789.92,369
2026-07-02T13:30:00+00:00,8789.92,8819.42,8788.41,8818.92,1164
2026-07-02T13:45:00+00:00,8818.92,8825.43,8810.41,8817.43,539
2026-07-02T14:00:00+00:00,8817.43,8817.93,8801.93,8810.93,601
2026-07-02T14:15:00+00:00,8810.93,8812.93,8785.91,8790.43,1012
2026-07-02T14:30:00+00:00,8790.43,8800.43,8782.41,8787.42,1427
2026-07-02T14:45:00+00:00,8787.42,8795.43,8784.91,8795.42,1163
2026-07-02T15:00:00+00:00,8795.42,8798.43,8772.41,8786.93,1219
2026-07-02T15:15:00+00:00,8786.93,8789.43,8769.41,8770.92,1405
2026-07-02T15:30:00+00:00,8770.92,8783.93,8769.91,8778.93,1075
2026-07-02T15:45:00+00:00,8778.93,8781.91,8764.92,8768.43,772
2026-07-02T16:00:00+00:00,8768.43,8773.42,8763.41,8771.43,621
2026-07-02T16:15:00+00:00,8771.43,8771.93,8756.91,8757.43,411
2026-07-02T16:30:00+00:00,8757.43,8759.42,8746.91,8757.91,543
2026-07-02T16:45:00+00:00,8757.91,8758.93,8746.93,8752.41,514
2026-07-02T17:00:00+00:00,8752.41,8753.43,8742.41,8745.42,647
2026-07-02T17:15:00+00:00,8745.42,8747.43,8739.42,8739.42,452
2026-07-02T17:30:00+00:00,8739.42,8745.42,8731.91,8733.92,453
2026-07-02T17:45:00+00:00,8733.92,8734.92,8725.41,8727.41,383
2026-07-02T18:00:00+00:00,8727.41,8744.43,8724.43,8739.92,444
2026-07-02T18:15:00+00:00,8739.92,8741.93,8733.41,8741.93,336
2026-07-02T18:30:00+00:00,8741.93,8752.42,8741.41,8749.91,311
2026-07-02T18:45:00+00:00,8749.91,8756.42,8747.42,8754.42,274
2026-07-02T19:00:00+00:00,8754.42,8755.43,8741.41,8745.43,344
2026-07-02T19:15:00+00:00,8745.43,8748.42,8740.41,8746.43,338
2026-07-02T19:30:00+00:00,8746.43,8756.41,8745.91,8755.42,266
2026-07-02T19:45:00+00:00,8755.42,8779.43,8752.42,8776.43,574
2026-07-02T20:00:00+00:00,8776.43,8776.43,8766.92,8770.92,177
2026-07-02T20:15:00+00:00,8770.92,8771.43,8769.91,8769.92,36.90332072299285
2026-07-02T20:30:00+00:00,8769.92,8770.43,8768.91,8769.43,30.826939980617322
2026-07-02T20:45:00+00:00,8769.43,8775.93,8768.42,8769.21,57.76023526476881
2026-07-02T23:00:00+00:00,8775.71,8780.71,8770.71,8770.71,169.51358578601116
2026-07-02T23:15:00+00:00,8770.71,8796.52,8770.71,8788.21,315.18684703825943
2026-07-02T23:30:00+00:00,8788.21,8795.21,8775.21,8776.84,449.1702590458883
2026-07-02T23:45:00+00:00,8776.84,8795.990000000002,8772.84,8787.990000000002,852.2569561511576
2026-07-03T00:00:00+00:00,8787.990000000002,8799.37,8775.37,8795.890000000001,1425
2026-07-03T00:15:00+00:00,8795.890000000001,8799.37,8787.37,8792.880000000001,934
2026-07-03T00:30:00+00:00,8792.880000000001,8809.880000000001,8788.380000000001,8803.890000000001,590
2026-07-03T00:45:00+00:00,8803.890000000001,8812.880000000001,8800.890000000001,8810.390000000001,466
2026-07-03T01:00:00+00:00,8810.390000000001,8839.37,8809.37,8834.390000000001,720
2026-07-03T01:15:00+00:00,8834.390000000001,8862.37,8833.37,8857.880000000001,530
2026-07-03T01:30:00+00:00,8857.880000000001,8861.390000000001,8839.87,8839.890000000001,430
2026-07-03T01:45:00+00:00,8839.890000000001,8843.390000000001,8831.380000000001,8831.880000000001,394
2026-07-03T02:00:00+00:00,8831.880000000001,8853.390000000001,8831.880000000001,8850.380000000001,377
2026-07-03T02:15:00+00:00,8850.380000000001,8854.380000000001,8846.87,8852.380000000001,239
2026-07-03T02:30:00+00:00,8852.380000000001,8856.380000000001,8851.37,8853.390000000001,191
2026-07-03T02:45:00+00:00,8853.390000000001,8865.380000000001,8853.390000000001,8864.390000000001,131
2026-07-03T03:00:00+00:00,8864.390000000001,8868.390000000001,8860.87,8863.880000000001,240
2026-07-03T03:15:00+00:00,8863.880000000001,8863.890000000001,8855.380000000001,8859.390000000001,113
2026-07-03T03:30:00+00:00,8859.390000000001,8865.390000000001,8858.890000000001,8861.390000000001,230
2026-07-03T03:45:00+00:00,8861.390000000001,8868.390000000001,8856.37,8866.380000000001,181
2026-07-03T04:00:00+00:00,8866.380000000001,8870.890000000001,8865.37,8865.880000000001,160
2026-07-03T04:15:00+00:00,8865.880000000001,8872.390000000001,8865.37,8869.390000000001,111
2026-07-03T04:30:00+00:00,8869.390000000001,8873.390000000001,8866.37,8871.87,116
2026-07-03T04:45:00+00:00,8871.87,8875.380000000001,8869.37,8872.880000000001,136
2026-07-03T05:00:00+00:00,8872.880000000001,8878.390000000001,8869.390000000001,8870.890000000001,199
2026-07-03T05:15:00+00:00,8870.890000000001,8872.890000000001,8863.87,8868.380000000001,121
2026-07-03T05:30:00+00:00,8868.380000000001,8870.390000000001,8866.37,8867.390000000001,150
2026-07-03T05:45:00+00:00,8867.390000000001,8868.390000000001,8861.890000000001,8863.37,114
2026-07-03T06:00:00+00:00,8863.37,8874.490000000002,8859.970000000001,8865.990000000002,465
2026-07-03T06:15:00+00:00,8865.990000000002,8866.990000000002,8860.970000000001,8864.28,217
2026-07-03T07:00:00+00:00,8845.65,8846.84,8840.84,8844.34,61
2026-07-03T07:15:00+00:00,8844.34,8848.86,8840.36,8845.34,232
2026-07-03T07:30:00+00:00,8845.34,8846.36,8833.86,8834.36,228
2026-07-03T07:45:00+00:00,8834.36,8835.36,8830.34,8830.35,133
2026-07-03T08:00:00+00:00,8830.35,8830.86,8825.34,8826.85,189
2026-07-03T08:15:00+00:00,8826.85,8827.36,8821.34,8821.34,132
2026-07-03T08:30:00+00:00,8821.34,8822.36,8812.34,8813.36,189
2026-07-03T08:45:00+00:00,8813.36,8813.36,8800.34,8802.34,187
2026-07-03T09:00:00+00:00,8802.34,8803.86,8798.34,8803.84,203
2026-07-03T09:15:00+00:00,8803.84,8805.35,8796.35,8796.35,158
2026-07-03T09:30:00+00:00,8796.35,8800.34,8794.34,8800.34,118
2026-07-03T09:45:00+00:00,8800.34,8801.86,8797.34,8797.86,238
2026-07-03T10:00:00+00:00,8797.86,8804.86,8796.36,8804.36,85
2026-07-03T10:15:00+00:00,8804.36,8804.36,8800.35,8802.36,68
2026-07-03T10:30:00+00:00,8802.36,8804.86,8800.84,8801.86,89.52580645161291
2026-07-03T10:45:00+00:00,8801.86,8805.86,8801.34,8805.86,69.02759450171821
2026-07-03T11:00:00+00:00,8805.86,8806.86,8800.34,8802.34,128
2026-07-03T11:15:00+00:00,8802.34,8804.36,8799.35,8801.34,144.75193798449612
2026-07-03T11:30:00+00:00,8801.34,8805.85,8799.84,8804.86,118
2026-07-03T11:45:00+00:00,8804.86,8809.36,8804.86,8809.36,95
2026-07-03T12:00:00+00:00,8809.36,8814.86,8808.86,8814.36,89.10445049954586
2026-07-03T12:15:00+00:00,8814.36,8817.36,8813.34,8815.34,106
2026-07-03T12:30:00+00:00,8815.34,8817.84,8813.35,8813.85,94.65161923454367
2026-07-03T12:45:00+00:00,8813.85,8819.86,8813.85,8819.84,72.09269662921348
2026-07-03T13:00:00+00:00,8819.84,8820.86,8813.34,8815.35,81
2026-07-03T13:15:00+00:00,8815.35,8817.86,8815.34,8817.36,70
2026-07-03T13:30:00+00:00,8817.36,8828.84,8816.85,8827.84,127
2026-07-03T13:45:00+00:00,8827.84,8831.86,8823.84,8827.34,98
2026-07-03T14:00:00+00:00,8827.34,8829.36,8824.84,8826.36,76
2026-07-03T14:15:00+00:00,8826.36,8832.85,8826.35,8828.36,90
2026-07-03T14:30:00+00:00,8828.36,8831.35,8826.84,8828.84,157.46663783661825
2026-07-03T14:45:00+00:00,8828.84,8835.85,8827.85,8833.84,147
2026-07-03T15:00:00+00:00,8833.84,8834.85,8828.35,8832.85,118
2026-07-03T15:15:00+00:00,8832.85,8835.35,8828.84,8828.84,104.43567055105669
2026-07-03T15:30:00+00:00,8828.84,8829.85,8824.84,8825.85,128
2026-07-03T15:45:00+00:00,8825.85,8828.86,8823.85,8827.34,51.891304347826086
2026-07-03T16:00:00+00:00,8827.34,8828.85,8825.84,8825.86,54.81748633879781
2026-07-03T16:15:00+00:00,8825.86,8825.86,8822.85,8823.85,33.61919794782838
2026-07-03T16:30:00+00:00,8823.85,8824.86,8820.84,8822.35,39.5055797163453
2026-07-03T16:45:00+00:00,8822.35,8823.86,8822.34,8823.36,36.09566184649611
2026-07-03T17:00:00+00:00,8823.36,8823.85,8821.84,8821.84,29.36551703213324
2026-07-03T17:15:00+00:00,8821.84,8821.84,8821.34,8821.35,25.980975094687054
2026-07-03T17:30:00+00:00,8821.35,8821.36,8821.34,8821.36,29.867109469940353
2026-07-03T17:45:00+00:00,8821.36,8821.36,8821.35,8821.36,32.0766476124702
2026-07-03T18:00:00+00:00,8821.36,8821.36,8821.36,8821.36,36.226807133395795
2026-07-03T18:15:00+00:00,8821.36,8821.86,8821.36,8821.86,31.53426634460518
2026-07-03T18:30:00+00:00,8821.86,8821.86,8821.86,8821.86,43.10694960284223
2026-07-03T18:45:00+00:00,8821.86,8821.86,8819.35,8819.86,58.95804745448052
2026-07-03T19:00:00+00:00,8819.86,8820.86,8818.85,8818.85,50.95296997634127
2026-07-03T19:15:00+00:00,8818.85,8819.86,8817.34,8817.34,49.22179455013094
2026-07-03T19:30:00+00:00,8817.34,8819.85,8817.34,8818.86,53.2029513692929
2026-07-03T19:45:00+00:00,8818.86,8818.86,8814.34,8814.34,42.26610004856727
2026-07-03T20:00:00+00:00,8814.34,8814.36,8811.33,8811.33,56.894195569768875
2026-07-03T20:15:00+00:00,8811.33,8811.35,8807.84,8810.35,61.72634481451693
2026-07-03T20:30:00+00:00,8810.35,8812.85,8810.35,8811.35,38.27634963902487
2026-07-05T23:45:00+00:00,8807.85,8830.38,8807.85,8827.36,208
2026-07-06T00:00:00+00:00,8827.36,8844.28,8821.76,8822.76,753
2026-07-06T00:15:00+00:00,8822.76,8842.27,8822.76,8841.76,478
2026-07-06T00:30:00+00:00,8841.76,8861.27,8840.26,8859.77,437
2026-07-06T00:45:00+00:00,8859.77,8862.78,8854.76,8855.76,362
2026-07-06T01:00:00+00:00,8855.76,8863.78,8852.76,8856.77,434
2026-07-06T01:15:00+00:00,8856.77,8861.78,8847.27,8852.27,343
2026-07-06T01:30:00+00:00,8852.27,8863.77,8846.76,8862.27,263
2026-07-06T01:45:00+00:00,8862.27,8862.27,8848.78,8853.77,300
2026-07-06T02:00:00+00:00,8853.77,8859.27,8845.78,8847.26,298
2026-07-06T02:15:00+00:00,8847.26,8854.78,8846.28,8849.76,245
2026-07-06T02:30:00+00:00,8849.76,8849.78,8833.27,8835.78,298
2026-07-06T02:45:00+00:00,8835.78,8843.78,8834.76,8834.76,230
2026-07-06T03:00:00+00:00,8834.76,8837.78,8828.78,8829.76,216
2026-07-06T03:15:00+00:00,8829.76,8834.78,8828.76,8830.28,164
2026-07-06T03:30:00+00:00,8830.28,8836.78,8828.76,8829.78,216
2026-07-06T03:45:00+00:00,8829.78,8831.77,8824.26,8828.26,160
2026-07-06T04:00:00+00:00,8828.26,8837.76,8825.76,8834.76,162
2026-07-06T04:15:00+00:00,8834.76,8836.78,8832.76,8834.77,92
2026-07-06T04:30:00+00:00,8834.77,8836.78,8832.28,8836.77,85
2026-07-06T04:45:00+00:00,8836.77,8840.78,8836.26,8839.27,149
2026-07-06T05:00:00+00:00,8839.27,8840.27,8829.76,8831.76,152
2026-07-06T05:15:00+00:00,8831.76,8835.78,8829.76,8832.78,169
2026-07-06T05:30:00+00:00,8832.78,8832.78,8828.76,8831.28,203
2026-07-06T05:45:00+00:00,8831.28,8832.76,8825.76,8827.27,132
2026-07-06T06:00:00+00:00,8827.27,8828.38,8819.37,8824.37,443
2026-07-06T06:15:00+00:00,8824.37,8834.38,8824.36,8829.17,209
2026-07-06T07:00:00+00:00,8829.17,8852.37,8829.17,8851.38,92
2026-07-06T07:15:00+00:00,8851.38,8853.88,8845.36,8846.87,123
2026-07-06T07:30:00+00:00,8846.87,8855.37,8845.36,8855.36,165
2026-07-06T07:45:00+00:00,8855.36,8864.37,8854.86,8863.37,121
2026-07-06T08:00:00+00:00,8863.37,8866.88,8859.36,8860.36,236
2026-07-06T08:15:00+00:00,8860.36,8860.88,8855.86,8859.38,148.63040238450074
2026-07-06T08:30:00+00:00,8859.38,8860.88,8851.36,8851.38,130.3707794531221
2026-07-06T08:45:00+00:00,8851.38,8853.38,8848.38,8849.87,120
2026-07-06T09:00:00+00:00,8849.87,8849.87,8842.36,8843.37,107.35990888382688
2026-07-06T09:15:00+00:00,8843.37,8845.88,8839.36,8843.86,130
2026-07-06T09:30:00+00:00,8843.86,8844.38,8838.37,8838.86,105
2026-07-06T09:45:00+00:00,8838.86,8841.38,8836.36,8839.38,105.35532994923858
2026-07-06T10:00:00+00:00,8839.38,8841.38,8834.37,8841.38,141
2026-07-06T10:15:00+00:00,8841.38,8844.88,8837.36,8838.36,90.0457343887423
2026-07-06T10:30:00+00:00,8838.36,8840.38,8835.36,8835.88,76
2026-07-06T10:45:00+00:00,8835.88,8837.38,8834.36,8835.37,104
2026-07-06T11:00:00+00:00,8835.37,8835.37,8829.36,8832.37,113
2026-07-06T11:15:00+00:00,8832.37,8833.38,8828.87,8830.36,122
2026-07-06T11:30:00+00:00,8830.36,8832.88,8828.37,8829.88,65
2026-07-06T11:45:00+00:00,8829.88,8830.87,8820.38,8821.36,96
2026-07-06T12:00:00+00:00,8821.36,8825.38,8821.36,8824.87,113
2026-07-06T12:15:00+00:00,8824.87,8825.86,8819.86,8821.86,154
2026-07-06T12:30:00+00:00,8821.86,8823.86,8820.36,8823.38,135
2026-07-06T12:45:00+00:00,8823.38,8830.38,8822.38,8823.36,100.31714568880079
2026-07-06T13:00:00+00:00,8823.36,8823.86,8818.37,8820.86,138
2026-07-06T13:15:00+00:00,8820.86,8824.37,8815.87,8824.37,119
2026-07-06T13:30:00+00:00,8824.37,8831.88,8816.37,8822.86,439
2026-07-06T13:45:00+00:00,8822.86,8825.37,8813.87,8816.38,331
2026-07-06T14:00:00+00:00,8816.38,8818.38,8812.87,8816.87,332
2026-07-06T14:15:00+00:00,8816.87,8832.37,8811.36,8831.38,249
2026-07-06T14:30:00+00:00,8831.38,8831.38,8816.86,8824.86,283
2026-07-06T14:45:00+00:00,8824.86,8825.37,8815.88,8824.36,167
2026-07-06T15:00:00+00:00,8824.36,8824.38,8818.86,8820.38,135
2026-07-06T15:15:00+00:00,8820.38,8824.38,8816.38,8824.38,133
2026-07-06T15:30:00+00:00,8824.38,8826.38,8821.87,8825.37,151
2026-07-06T15:45:00+00:00,8825.37,8826.38,8821.36,8821.86,69.4421768707483
2026-07-06T16:00:00+00:00,8821.86,8822.36,8816.86,8817.88,103.32931726907631
2026-07-06T16:15:00+00:00,8817.88,8821.87,8816.36,8820.38,78
2026-07-06T16:30:00+00:00,8820.38,8822.87,8819.36,8819.36,84.51869722557298
2026-07-06T16:45:00+00:00,8819.36,8822.38,8815.37,8815.88,69.37454398054317
2026-07-06T17:00:00+00:00,8815.88,8822.87,8812.87,8822.38,82
2026-07-06T17:15:00+00:00,8822.38,8822.38,8818.86,8818.86,72
2026-07-06T17:30:00+00:00,8818.86,8818.87,8809.86,8812.87,94
2026-07-06T17:45:00+00:00,8812.87,8815.38,8811.37,8812.37,91.84615384615384
2026-07-06T18:00:00+00:00,8812.37,8815.38,8812.36,8812.38,66.02062062062062
2026-07-06T18:15:00+00:00,8812.38,8820.37,8812.36,8818.38,54.02203269367448
2026-07-06T18:30:00+00:00,8818.38,8819.38,8815.37,8816.38,62
2026-07-06T18:45:00+00:00,8816.38,8822.38,8815.88,8820.37,71.68546465448769
2026-07-06T19:00:00+00:00,8820.37,8822.38,8814.38,8815.38,96.25554642563681
2026-07-06T19:15:00+00:00,8815.38,8819.36,8814.37,8817.86,89
2026-07-06T19:30:00+00:00,8817.86,8818.38,8816.36,8816.86,41
2026-07-06T19:45:00+00:00,8816.86,8824.38,8816.36,8820.88,200
2026-07-06T20:00:00+00:00,8820.88,8826.38,8820.36,8826.38,68
2026-07-06T20:15:00+00:00,8826.38,8827.38,8825.36,8825.36,25
2026-07-06T20:30:00+00:00,8825.36,8826.88,8825.36,8826.86,9
2026-07-06T20:45:00+00:00,8826.86,8831.67,8826.36,8831.67,36
2026-07-06T23:00:00+00:00,8813.41,8821.41,8813.41,8819.41,80.72787327679615
2026-07-06T23:15:00+00:00,8819.41,8819.41,8812.41,8812.41,63.66403470303858
2026-07-06T23:30:00+00:00,8812.41,8813.41,8806.41,8808.41,96.91648872699106
2026-07-06T23:45:00+00:00,8808.41,8819.41,8791.039999999999,8802.36,372.49236821935057
2026-07-07T00:00:00+00:00,8802.36,8811.26,8790.74,8806.76,855
2026-07-07T00:15:00+00:00,8806.76,8813.24,8788.24,8790.26,408
2026-07-07T00:30:00+00:00,8790.26,8793.26,8771.25,8771.76,258
2026-07-07T00:45:00+00:00,8771.76,8792.25,8770.25,8781.76,366
2026-07-07T01:00:00+00:00,8781.76,8810.26,8780.74,8810.26,512
2026-07-07T01:15:00+00:00,8810.26,8815.75,8806.24,8808.24,390
2026-07-07T01:30:00+00:00,8808.24,8819.76,8805.24,8817.26,279
2026-07-07T01:45:00+00:00,8817.26,8828.26,8814.24,8814.75,308
2026-07-07T02:00:00+00:00,8814.75,8819.26,8810.24,8814.24,232
2026-07-07T02:15:00+00:00,8814.24,8816.76,8803.26,8805.74,174
2026-07-07T02:30:00+00:00,8805.74,8806.24,8798.24,8800.25,179
2026-07-07T02:45:00+00:00,8800.25,8802.26,8794.76,8795.24,192
2026-07-07T03:00:00+00:00,8795.24,8800.26,8792.25,8792.26,248
2026-07-07T03:15:00+00:00,8792.26,8792.26,8778.25,8779.26,275
2026-07-07T03:30:00+00:00,8779.26,8792.26,8776.74,8790.24,262
2026-07-07T03:45:00+00:00,8790.24,8791.25,8784.25,8788.26,251
2026-07-07T04:00:00+00:00,8788.26,8790.26,8783.24,8783.76,223
2026-07-07T04:15:00+00:00,8783.76,8783.76,8777.24,8779.25,131
2026-07-07T04:30:00+00:00,8779.25,8783.26,8775.25,8775.25,175
2026-07-07T04:45:00+00:00,8775.25,8779.26,8771.25,8773.76,122.17144177449168
2026-07-07T05:00:00+00:00,8773.76,8777.24,8767.24,8768.76,134
2026-07-07T05:15:00+00:00,8768.76,8773.26,8767.24,8772.25,233
2026-07-07T05:30:00+00:00,8772.25,8779.26,8771.24,8774.75,451
2026-07-07T05:45:00+00:00,8774.75,8789.24,8774.75,8786.76,255
2026-07-07T06:00:00+00:00,8786.76,8786.85,8775.84,8777.36,401
2026-07-07T06:15:00+00:00,8777.36,8784.85,8773.84,8782.66,205
2026-07-07T07:00:00+00:00,8802.42,8814.62,8802.42,8812.62,51
2026-07-07T07:15:00+00:00,8812.62,8817.11,8812.1,8814.62,95
2026-07-07T07:30:00+00:00,8814.62,8816.11,8813.1,8814.6,79
2026-07-07T07:45:00+00:00,8814.6,8817.61,8811.1,8815.6,73.21086675291073
2026-07-07T08:00:00+00:00,8815.6,8828.12,8814.61,8825.11,149
2026-07-07T08:15:00+00:00,8825.11,8833.11,8822.1,8826.1,141
2026-07-07T08:30:00+00:00,8826.1,8827.62,8818.61,8821.61,125
2026-07-07T08:45:00+00:00,8821.61,8822.1,8816.62,8818.62,110
2026-07-07T09:00:00+00:00,8818.62,8820.61,8814.61,8820.6,110
2026-07-07T09:15:00+00:00,8820.6,8823.62,8819.62,8820.6,76
2026-07-07T09:30:00+00:00,8820.6,8823.12,8816.62,8822.12,137
2026-07-07T09:45:00+00:00,8822.12,8824.62,8819.1,8822.61,113
2026-07-07T10:00:00+00:00,8822.61,8829.62,8819.61,8820.62,140.38911128903123
2026-07-07T10:15:00+00:00,8820.62,8826.62,8820.6,8822.1,79
2026-07-07T10:30:00+00:00,8822.1,8822.62,8818.6,8820.6,82
2026-07-07T10:45:00+00:00,8820.6,8821.61,8815.61,8819.1,92
2026-07-07T11:00:00+00:00,8819.1,8819.1,8814.12,8816.62,127
2026-07-07T11:15:00+00:00,8816.62,8820.62,8816.6,8816.61,78
2026-07-07T11:30:00+00:00,8816.61,8819.11,8814.1,8815.11,116
2026-07-07T11:45:00+00:00,8815.11,8820.61,8810.61,8819.62,187
2026-07-07T12:00:00+00:00,8819.62,8830.6,8818.6,8828.61,165
2026-07-07T12:15:00+00:00,8828.61,8832.62,8825.12,8831.12,149
2026-07-07T12:30:00+00:00,8831.12,8836.61,8827.61,8833.1,244
2026-07-07T12:45:00+00:00,8833.1,8834.62,8827.12,8828.6,145
2026-07-07T13:00:00+00:00,8828.6,8829.1,8822.6,8828.62,121
2026-07-07T13:15:00+00:00,8828.62,8833.6,8827.6,8833.6,143
2026-07-07T13:30:00+00:00,8833.6,8838.62,8828.11,8836.12,482
2026-07-07T13:45:00+00:00,8836.12,8837.11,8804.1,8810.61,498
2026-07-07T14:00:00+00:00,8810.61,8815.6,8790.12,8790.12,687
2026-07-07T14:15:00+00:00,8790.12,8797.62,8785.11,8794.61,660
2026-07-07T14:30:00+00:00,8794.61,8795.61,8778.6,8781.12,757
2026-07-07T14:45:00+00:00,8781.12,8791.61,8779.1,8788.61,574
2026-07-07T15:00:00+00:00,8788.61,8791.62,8780.11,8780.62,359
2026-07-07T15:15:00+00:00,8780.62,8783.61,8775.1,8781.62,357
2026-07-07T15:30:00+00:00,8781.62,8783.61,8774.6,8777.11,402
2026-07-07T15:45:00+00:00,8777.11,8781.62,8775.12,8778.61,368.6226474278544
2026-07-07T16:00:00+00:00,8778.61,8788.12,8778.11,8787.11,218
2026-07-07T16:15:00+00:00,8787.11,8796.61,8785.1,8792.6,206
2026-07-07T16:30:00+00:00,8792.6,8795.61,8790.12,8792.61,177
2026-07-07T16:45:00+00:00,8792.61,8794.61,8789.12,8794.11,117
2026-07-07T17:00:00+00:00,8794.11,8797.6,8793.11,8795.62,139
2026-07-07T17:15:00+00:00,8795.62,8795.62,8789.1,8794.62,203
2026-07-07T17:30:00+00:00,8794.62,8801.11,8794.6,8800.12,155
2026-07-07T17:45:00+00:00,8800.12,8800.61,8796.6,8799.1,110
2026-07-07T18:00:00+00:00,8799.1,8800.1,8795.1,8796.62,134.24582104228122
2026-07-07T18:15:00+00:00,8796.62,8799.62,8795.61,8796.61,106
2026-07-07T18:30:00+00:00,8796.61,8798.62,8793.6,8796.6,156
2026-07-07T18:45:00+00:00,8796.6,8797.62,8782.61,8784.1,581
2026-07-07T19:00:00+00:00,8784.1,8785.12,8771.61,8773.11,484
2026-07-07T19:15:00+00:00,8773.11,8775.12,8763.6,8772.12,529
2026-07-07T19:30:00+00:00,8772.12,8777.6,8772.1,8776.11,388
2026-07-07T19:45:00+00:00,8776.11,8779.62,8765.6,8773.62,741
2026-07-07T20:00:00+00:00,8773.62,8773.62,8766.6,8768.11,88
2026-07-07T20:15:00+00:00,8770.11,8771.62,8764.62,8771.1,55
2026-07-07T20:30:00+00:00,8771.1,8771.1,8766.6,8767.6,27
2026-07-07T20:45:00+00:00,8767.6,8767.6,8760.9,8763.9,41
2026-07-07T23:00:00+00:00,8755.51,8762.51,8753.51,8762.51,195.81801058460275
2026-07-07T23:15:00+00:00,8762.51,8770.51,8762.51,8764.51,151.688241111258
2026-07-07T23:30:00+00:00,8764.51,8767.51,8754.51,8757.51,302.7204406256219
2026-07-07T23:45:00+00:00,8757.51,8771.51,8723.5,8725.51,923.2044218007411
2026-07-08T00:00:00+00:00,8725.51,8733.42,8683.900000000001,8694.42,1525
2026-07-08T00:15:00+00:00,8694.42,8700.41,8666.42,8676.91,1150
2026-07-08T00:30:00+00:00,8676.91,8696.900000000001,8669.92,8691.91,719
2026-07-08T00:45:00+00:00,8691.91,8707.91,8687.900000000001,8703.41,557
2026-07-08T01:00:00+00:00,8703.41,8704.92,8687.400000000001,8699.41,757
2026-07-08T01:15:00+00:00,8699.41,8704.42,8693.900000000001,8697.42,438
2026-07-08T01:30:00+00:00,8697.42,8698.42,8685.900000000001,8695.92,525
2026-07-08T01:45:00+00:00,8695.92,8719.92,8692.91,8718.400000000001,565
2026-07-08T02:00:00+00:00,8718.400000000001,8718.400000000001,8695.42,8699.400000000001,579
2026-07-08T02:15:00+00:00,8699.400000000001,8700.92,8688.91,8697.900000000001,402
2026-07-08T02:30:00+00:00,8697.900000000001,8710.42,8687.900000000001,8710.400000000001,369
2026-07-08T02:45:00+00:00,8710.400000000001,8719.91,8707.91,8710.41,307
2026-07-08T03:00:00+00:00,8710.41,8733.900000000001,8710.41,8733.900000000001,317
2026-07-08T03:15:00+00:00,8733.900000000001,8742.92,8730.92,8741.400000000001,167
2026-07-08T03:30:00+00:00,8741.400000000001,8747.42,8736.900000000001,8741.42,234
2026-07-08T03:45:00+00:00,8741.42,8741.92,8729.900000000001,8729.92,203
2026-07-08T04:00:00+00:00,8729.92,8742.91,8727.900000000001,8741.91,240
2026-07-08T04:15:00+00:00,8741.91,8744.92,8737.900000000001,8744.92,263
2026-07-08T04:30:00+00:00,8744.92,8754.91,8744.900000000001,8753.92,311
2026-07-08T04:45:00+00:00,8753.92,8757.91,8743.92,8753.900000000001,242
2026-07-08T05:00:00+00:00,8753.900000000001,8761.92,8748.91,8759.41,311
2026-07-08T05:15:00+00:00,8759.41,8762.91,8755.900000000001,8757.91,283
2026-07-08T05:30:00+00:00,8757.91,8759.92,8750.900000000001,8756.91,241
2026-07-08T05:45:00+00:00,8756.91,8759.91,8749.900000000001,8757.92,306
2026-07-08T06:00:00+00:00,8757.92,8778.51,8752.5,8771.01,723
2026-07-08T06:15:00+00:00,8771.01,8775.52,8769,8771.310000000001,325
2026-07-08T07:00:00+00:00,8775.7,8775.7,8740.89,8742.39,153
2026-07-08T07:15:00+00:00,8742.39,8745.41,8731.39,8739.91,450
2026-07-08T07:30:00+00:00,8739.91,8745.9,8737.91,8742.39,375
2026-07-08T07:45:00+00:00,8742.39,8743.89,8738.4,8740.9,190
2026-07-08T08:00:00+00:00,8740.9,8747.41,8737.89,8743.41,407
2026-07-08T08:15:00+00:00,8743.41,8743.9,8684.89,8686.4,2604
2026-07-08T08:30:00+00:00,8686.4,8687.41,8659.39,8663.4,1305
2026-07-08T08:45:00+00:00,8663.4,8668.91,8648.39,8648.91,976
2026-07-08T09:00:00+00:00,8648.91,8651.41,8630.39,8630.91,775
2026-07-08T09:15:00+00:00,8630.91,8649.89,8629.39,8647.9,804
2026-07-08T09:30:00+00:00,8647.9,8660.89,8644.4,8653.39,607
2026-07-08T09:45:00+00:00,8653.39,8653.91,8642.39,8643.4,457
2026-07-08T10:00:00+00:00,8643.4,8649.91,8642.89,8649.39,554
2026-07-08T10:15:00+00:00,8649.39,8661.91,8647.39,8657.89,419
2026-07-08T10:30:00+00:00,8657.89,8671.91,8655.39,8671.9,510
2026-07-08T10:45:00+00:00,8671.9,8673.41,8665.39,8666.4,377
2026-07-08T11:00:00+00:00,8666.4,8667.91,8660.41,8664.89,361
2026-07-08T11:15:00+00:00,8664.89,8666.91,8658.39,8663.89,251
2026-07-08T11:30:00+00:00,8663.89,8697.4,8660.89,8687.41,1010
2026-07-08T11:45:00+00:00,8687.41,8694.41,8682.39,8686.89,716
2026-07-08T12:00:00+00:00,8686.89,8707.41,8680.9,8703.39,598
2026-07-08T12:15:00+00:00,8703.39,8709.91,8696.89,8704.91,434
2026-07-08T12:30:00+00:00,8704.91,8712.89,8702.89,8711.9,351
2026-07-08T12:45:00+00:00,8711.9,8719.91,8703.9,8703.9,594
2026-07-08T13:00:00+00:00,8703.9,8713.9,8702.89,8712.4,638
2026-07-08T13:15:00+00:00,8712.4,8712.4,8699.39,8700.39,441
2026-07-08T13:30:00+00:00,8700.39,8730.41,8699.89,8723.89,1063
2026-07-08T13:45:00+00:00,8723.89,8729.91,8714.89,8723.4,790
2026-07-08T14:00:00+00:00,8723.4,8723.91,8709.89,8712.41,1001
2026-07-08T14:15:00+00:00,8712.41,8726.91,8706.9,8716.9,921
2026-07-08T14:30:00+00:00,8716.9,8718.91,8701.9,8703.91,912
2026-07-08T14:45:00+00:00,8703.91,8703.91,8686.9,8693.89,678
2026-07-08T15:00:00+00:00,8693.89,8694.41,8675.89,8677.9,518
2026-07-08T15:15:00+00:00,8677.9,8679.4,8664.9,8673.41,608
2026-07-08T15:30:00+00:00,8673.41,8684.91,8667.9,8684.39,693
2026-07-08T15:45:00+00:00,8684.39,8684.39,8674.89,8678.91,521
2026-07-08T16:00:00+00:00,8678.91,8694.91,8678.9,8692.4,481
2026-07-08T16:15:00+00:00,8692.4,8702.41,8689.9,8699.4,431
2026-07-08T16:30:00+00:00,8699.4,8717.9,8695.39,8716.91,826
2026-07-08T16:45:00+00:00,8716.91,8723.4,8713.89,8722.4,495
2026-07-08T17:00:00+00:00,8722.4,8726.41,8716.89,8716.89,307
2026-07-08T17:15:00+00:00,8716.89,8728.9,8716.89,8727.4,273
2026-07-08T17:30:00+00:00,8727.4,8729.91,8722.91,8723.9,157
2026-07-08T17:45:00+00:00,8723.9,8724.89,8718.39,8720.9,192
2026-07-08T18:00:00+00:00,8720.9,8731.4,8717.4,8730.4,482
2026-07-08T18:15:00+00:00,8730.4,8730.9,8725.39,8725.89,242
2026-07-08T18:30:00+00:00,8725.89,8727.41,8721.89,8726.91,238
2026-07-08T18:45:00+00:00,8726.91,8730.9,8725.89,8728.9,179
2026-07-08T19:00:00+00:00,8728.9,8733.89,8728.89,8730.41,212
2026-07-08T19:15:00+00:00,8730.41,8730.41,8727.89,8730.4,136
2026-07-08T19:30:00+00:00,8730.4,8730.4,8723.9,8728.91,131
2026-07-08T19:45:00+00:00,8728.91,8739.91,8722.89,8731.9,611
2026-07-08T20:00:00+00:00,8731.9,8731.9,8727.89,8728.39,82
2026-07-08T20:15:00+00:00,8728.39,8728.4,8723.41,8723.41,38.95667195730684
2026-07-08T20:30:00+00:00,8723.41,8724.4,8718.41,8721.89,50
2026-07-08T20:45:00+00:00,8721.89,8726.41,8720.39,8725.69,64.72714870395635
2026-07-08T23:00:00+00:00,8723.31,8725.31,8708.31,8711.31,136.9493888100592
2026-07-08T23:15:00+00:00,8711.31,8713.31,8705.31,8710.31,155.57272935236975
2026-07-08T23:30:00+00:00,8710.31,8728.31,8703.31,8723.31,384.3659575488555
2026-07-08T23:45:00+00:00,8723.31,8733.31,8694.39,8699.4,610.3695596644075
2026-07-09T00:00:00+00:00,8699.4,8711.789999999999,8692.789999999999,8700.8,916
2026-07-09T00:15:00+00:00,8700.8,8701.81,8687.289999999999,8701.3,411
2026-07-09T00:30:00+00:00,8701.3,8704.81,8687.789999999999,8704.8,421
2026-07-09T00:45:00+00:00,8704.8,8715.31,8701.289999999999,8710.789999999999,305
2026-07-09T01:00:00+00:00,8710.789999999999,8720.8,8701.3,8717.31,390
2026-07-09T01:15:00+00:00,8717.31,8722.31,8708.289999999999,8713.8,343
2026-07-09T01:30:00+00:00,8713.8,8720.3,8707.789999999999,8719.289999999999,372
2026-07-09T01:45:00+00:00,8719.289999999999,8725.81,8709.289999999999,8712.289999999999,395
2026-07-09T02:00:00+00:00,8712.289999999999,8729.3,8709.3,8729.289999999999,550
2026-07-09T02:15:00+00:00,8729.289999999999,8734.31,8727.289999999999,8729.81,295
2026-07-09T02:30:00+00:00,8729.81,8733.3,8713.789999999999,8713.8,270
2026-07-09T02:45:00+00:00,8713.8,8714.31,8704.289999999999,8704.789999999999,339
2026-07-09T03:00:00+00:00,8704.789999999999,8708.31,8701.289999999999,8702.8,363
2026-07-09T03:15:00+00:00,8702.8,8710.31,8700.3,8708.789999999999,283
2026-07-09T03:30:00+00:00,8708.789999999999,8718.31,8708.789999999999,8718.31,298
2026-07-09T03:45:00+00:00,8718.31,8728.3,8717.289999999999,8723.81,220
2026-07-09T04:00:00+00:00,8723.81,8733.31,8722.289999999999,8733.31,204
2026-07-09T04:15:00+00:00,8733.31,8735.3,8726.789999999999,8728.81,207
2026-07-09T04:30:00+00:00,8728.81,8737.31,8728.31,8733.3,172
2026-07-09T04:45:00+00:00,8733.3,8736.31,8730.289999999999,8730.789999999999,199
2026-07-09T05:00:00+00:00,8730.789999999999,8739.3,8724.289999999999,8735.8,415
2026-07-09T05:15:00+00:00,8735.8,8737.289999999999,8726.789999999999,8729.789999999999,284
2026-07-09T05:30:00+00:00,8729.789999999999,8736.31,8726.289999999999,8735.8,272
2026-07-09T05:45:00+00:00,8735.8,8746.31,8735.8,8746.289999999999,271
2026-07-09T06:00:00+00:00,8746.289999999999,8750.4,8738.9,8742.89,351
2026-07-09T06:15:00+00:00,8742.89,8748.91,8742.89,8747.199999999999,272
2026-07-09T07:00:00+00:00,8760.71,8760.71,8751.41,8754.92,123
2026-07-09T07:15:00+00:00,8754.92,8760.9,8751.4,8753.92,149
2026-07-09T07:30:00+00:00,8753.92,8761.41,8751.41,8761.41,192
2026-07-09T07:45:00+00:00,8761.41,8763.41,8750.4,8755.41,239
2026-07-09T08:00:00+00:00,8755.41,8759.42,8749.92,8756.41,312
2026-07-09T08:15:00+00:00,8756.41,8760.42,8753.9,8757.41,192
2026-07-09T08:30:00+00:00,8757.41,8760.91,8747.4,8748.9,215
2026-07-09T08:45:00+00:00,8748.9,8751.42,8738.4,8742.41,226
2026-07-09T09:00:00+00:00,8742.41,8744.42,8738.4,8739.41,241
2026-07-09T09:15:00+00:00,8739.41,8740.41,8735.4,8736.42,203
2026-07-09T09:30:00+00:00,8736.42,8736.42,8720.41,8722.9,276
2026-07-09T09:45:00+00:00,8722.9,8730.42,8722.9,8729.4,259
2026-07-09T10:00:00+00:00,8729.4,8731.42,8725.92,8728.92,237
2026-07-09T10:15:00+00:00,8728.92,8733.92,8726.42,8728.42,168
2026-07-09T10:30:00+00:00,8728.42,8729.42,8723.41,8728.42,200
2026-07-09T10:45:00+00:00,8728.42,8728.92,8712.4,8722.4,491
2026-07-09T11:00:00+00:00,8722.4,8727.92,8717.4,8726.4,280
2026-07-09T11:15:00+00:00,8726.4,8726.4,8714.92,8716.91,198
2026-07-09T11:30:00+00:00,8716.91,8728.92,8715.42,8726.41,360
2026-07-09T11:45:00+00:00,8726.41,8733.91,8724.9,8729.9,260
2026-07-09T12:00:00+00:00,8729.9,8734.92,8726.92,8731.4,302
2026-07-09T12:15:00+00:00,8731.4,8735.42,8729.4,8734.41,181.94227923038974
2026-07-09T12:30:00+00:00,8734.41,8746.41,8733.4,8737.41,232
2026-07-09T12:45:00+00:00,8737.41,8739.42,8732.92,8735.92,240
2026-07-09T13:00:00+00:00,8735.92,8746.92,8735.92,8745.42,228
2026-07-09T13:15:00+00:00,8745.42,8754.92,8744.92,8753.9,239
2026-07-09T13:30:00+00:00,8753.9,8763.4,8748.91,8762.92,542
2026-07-09T13:45:00+00:00,8762.92,8765.9,8755.42,8755.42,334
2026-07-09T14:00:00+00:00,8755.42,8762.42,8751.4,8756.4,405
2026-07-09T14:15:00+00:00,8756.4,8761.42,8747.9,8759.42,683
2026-07-09T14:30:00+00:00,8759.42,8762.92,8756.9,8760.4,490
2026-07-09T14:45:00+00:00,8760.4,8771.91,8756.42,8771.4,470
2026-07-09T15:00:00+00:00,8771.4,8775.92,8767.9,8769.9,160
2026-07-09T15:15:00+00:00,8769.9,8770.92,8762.4,8768.92,189
2026-07-09T15:30:00+00:00,8768.92,8769.41,8761.41,8767.41,270
2026-07-09T15:45:00+00:00,8767.41,8768.9,8764.4,8764.9,167
2026-07-09T16:00:00+00:00,8764.9,8772.4,8764.9,8769.41,108
2026-07-09T16:15:00+00:00,8769.41,8770.92,8766.4,8768.41,100
2026-07-09T16:30:00+00:00,8768.41,8770.92,8767.41,8768.42,90.85863509749304
2026-07-09T16:45:00+00:00,8768.42,8769.91,8766.4,8767.91,83.28991596638656
2026-07-09T17:00:00+00:00,8767.91,8772.92,8767.91,8770.9,72
2026-07-09T17:15:00+00:00,8770.9,8774.42,8770.41,8774.42,69.96385542168674
2026-07-09T17:30:00+00:00,8774.42,8775.42,8772.4,8774.42,80
2026-07-09T17:45:00+00:00,8774.42,8777.42,8772.41,8774.92,55
2026-07-09T18:00:00+00:00,8774.92,8775.42,8771.9,8773.42,83
2026-07-09T18:15:00+00:00,8773.42,8773.42,8768.4,8769.41,168
2026-07-09T18:30:00+00:00,8769.41,8771.42,8768.4,8770.42,123.77272727272728
2026-07-09T18:45:00+00:00,8770.42,8770.42,8767.92,8769.42,71.24172517552658
2026-07-09T19:00:00+00:00,8769.42,8770.42,8762.9,8763.42,111
2026-07-09T19:15:00+00:00,8763.42,8765.41,8763.4,8763.42,41
2026-07-09T19:30:00+00:00,8763.42,8764.42,8759.4,8764.41,79
2026-07-09T19:45:00+00:00,8764.41,8766.92,8758.4,8764.4,222.81967213114754
2026-07-09T20:00:00+00:00,8764.4,8766.42,8761.4,8765.91,50.889748150922195
2026-07-09T20:15:00+00:00,8765.91,8765.91,8762.4,8762.41,54.9131464852665
2026-07-09T20:30:00+00:00,8762.41,8763.42,8762.4,8762.4,30.942472195009508
2026-07-09T20:45:00+00:00,8762.4,8766.22,8759.4,8766.2,62.304157549234134
2026-07-09T23:00:00+00:00,8758.01,8766.01,8754.01,8761.01,77.55130081745307
2026-07-09T23:15:00+00:00,8761.01,8767.01,8756.01,8758.01,112.30636563906918
2026-07-09T23:30:00+00:00,8758.01,8764.01,8753.01,8760.01,123.72359401757083
2026-07-09T23:45:00+00:00,8760.01,8767.01,8740.119999999999,8748.13,345.0324743955964
2026-07-10T00:00:00+00:00,8748.13,8751.519999999999,8739.529999999999,8742.039999999999,874
2026-07-10T00:15:00+00:00,8742.039999999999,8753.029999999999,8737.019999999999,8745.019999999999,418
2026-07-10T00:30:00+00:00,8745.019999999999,8752.019999999999,8737.519999999999,8749.029999999999,256
2026-07-10T00:45:00+00:00,8749.029999999999,8761.039999999999,8748.039999999999,8758.519999999999,209
2026-07-10T01:00:00+00:00,8758.519999999999,8770.039999999999,8758.519999999999,8766.539999999999,207
2026-07-10T01:15:00+00:00,8766.539999999999,8774.539999999999,8765.029999999999,8773.539999999999,169
2026-07-10T01:30:00+00:00,8773.539999999999,8788.039999999999,8771.529999999999,8786.529999999999,168
2026-07-10T01:45:00+00:00,8786.529999999999,8796.039999999999,8786.529999999999,8794.019999999999,112
2026-07-10T02:00:00+00:00,8794.019999999999,8802.019999999999,8793.519999999999,8801.539999999999,98
2026-07-10T02:15:00+00:00,8801.539999999999,8809.539999999999,8799.529999999999,8801.039999999999,95
2026-07-10T02:30:00+00:00,8801.039999999999,8811.039999999999,8800.519999999999,8809.029999999999,86.0997200839748
2026-07-10T02:45:00+00:00,8809.029999999999,8812.039999999999,8807.519999999999,8810.019999999999,92
2026-07-10T03:00:00+00:00,8810.019999999999,8810.019999999999,8801.029999999999,8801.029999999999,69.08523908523908
2026-07-10T03:15:00+00:00,8801.029999999999,8801.539999999999,8794.519999999999,8797.519999999999,105
2026-07-10T03:30:00+00:00,8797.519999999999,8801.529999999999,8795.519999999999,8797.029999999999,90
2026-07-10T03:45:00+00:00,8797.029999999999,8799.529999999999,8794.019999999999,8796.529999999999,81
2026-07-10T04:00:00+00:00,8796.529999999999,8797.039999999999,8789.029999999999,8790.039999999999,91
2026-07-10T04:15:00+00:00,8790.039999999999,8791.039999999999,8784.029999999999,8784.029999999999,69
2026-07-10T04:30:00+00:00,8784.029999999999,8784.529999999999,8780.029999999999,8783.039999999999,117
2026-07-10T04:45:00+00:00,8783.039999999999,8787.039999999999,8777.019999999999,8778.529999999999,84.29650092081032
2026-07-10T05:00:00+00:00,8778.529999999999,8781.539999999999,8776.039999999999,8778.019999999999,148.0151515151515
2026-07-10T05:15:00+00:00,8778.019999999999,8784.039999999999,8778.019999999999,8778.539999999999,100
2026-07-10T05:30:00+00:00,8778.539999999999,8782.519999999999,8776.019999999999,8779.029999999999,77.84435537742151
2026-07-10T05:45:00+00:00,8779.029999999999,8785.039999999999,8779.019999999999,8784.019999999999,129
2026-07-10T06:00:00+00:00,8784.019999999999,8794.14,8782.63,8790.63,279
2026-07-10T06:15:00+00:00,8790.63,8794.14,8780.63,8783.43,234
2026-07-10T07:00:00+00:00,8795.12,8797.83,8788.63,8797.81,130
2026-07-10T07:15:00+00:00,8797.81,8803.33,8794.82,8801.33,197
2026-07-10T07:30:00+00:00,8801.33,8806.83,8800.33,8802.83,191
2026-07-10T07:45:00+00:00,8802.83,8802.83,8796.32,8801.32,145
2026-07-10T08:00:00+00:00,8801.32,8809.83,8799.81,8807.83,340
2026-07-10T08:15:00+00:00,8807.83,8808.32,8797.33,8798.32,230
2026-07-10T08:30:00+00:00,8798.32,8798.32,8792.32,8794.81,214
2026-07-10T08:45:00+00:00,8794.81,8797.32,8791.32,8796.82,129
2026-07-10T09:00:00+00:00,8796.82,8807.31,8794.32,8807.31,231
2026-07-10T09:15:00+00:00,8807.31,8810.31,8804.31,8805.33,136
2026-07-10T09:30:00+00:00,8805.33,8807.32,8803.31,8804.82,147.91794871794872
2026-07-10T09:45:00+00:00,8804.82,8812.83,8804.82,8810.32,103.16095676115388
2026-07-10T10:00:00+00:00,8810.32,8817.33,8810.31,8812.31,109
2026-07-10T10:15:00+00:00,8812.31,8817.33,8810.83,8816.82,112
2026-07-10T10:30:00+00:00,8816.82,8819.33,8813.81,8817.31,67
2026-07-10T10:45:00+00:00,8817.31,8817.83,8813.31,8817.33,103
2026-07-10T11:00:00+00:00,8817.33,8820.33,8813.31,8814.83,174
2026-07-10T11:15:00+00:00,8814.83,8818.31,8811.31,8811.31,109
2026-07-10T11:30:00+00:00,8811.31,8812.33,8806.31,8812.31,259
2026-07-10T11:45:00+00:00,8812.31,8812.83,8803.33,8805.82,133
2026-07-10T12:00:00+00:00,8805.82,8824.83,8798.82,8814.31,521
2026-07-10T12:15:00+00:00,8814.31,8816.33,8810.31,8813.81,382
2026-07-10T12:30:00+00:00,8813.81,8815.33,8808.31,8813.31,231
2026-07-10T12:45:00+00:00,8813.31,8817.33,8813.31,8816.32,186
2026-07-10T13:00:00+00:00,8816.32,8818.33,8812.31,8817.32,142
2026-07-10T13:15:00+00:00,8817.32,8818.83,8812.31,8812.33,126.70638700555128
2026-07-10T13:30:00+00:00,8812.33,8822.32,8809.31,8819.82,448
2026-07-10T13:45:00+00:00,8819.82,8828.83,8816.82,8817.33,360
2026-07-10T14:00:00+00:00,8817.33,8825.33,8817.31,8819.33,297
2026-07-10T14:15:00+00:00,8819.33,8823.32,8816.31,8820.33,242
2026-07-10T14:30:00+00:00,8820.33,8823.33,8782.81,8820.31,1734
2026-07-10T14:45:00+00:00,8820.31,8822.82,8806.83,8808.31,378
2026-07-10T15:00:00+00:00,8808.31,8812.82,8806.32,8810.33,449
2026-07-10T15:15:00+00:00,8810.33,8825.33,8810.33,8824.32,328
2026-07-10T15:30:00+00:00,8824.32,8825.33,8821.31,8822.33,420.2308552263835
2026-07-10T15:45:00+00:00,8822.33,8832.33,8822.31,8832.33,235
2026-07-10T16:00:00+00:00,8832.33,8834.33,8829.31,8830.33,234
2026-07-10T16:15:00+00:00,8830.33,8833.33,8826.31,8826.33,109
2026-07-10T16:30:00+00:00,8826.33,8828.82,8823.31,8827.33,127
2026-07-10T16:45:00+00:00,8827.33,8834.82,8827.32,8834.31,70
2026-07-10T17:00:00+00:00,8834.31,8835.33,8830.31,8832.81,87
2026-07-10T17:15:00+00:00,8832.81,8834.33,8831.31,8833.31,109
2026-07-10T17:30:00+00:00,8833.31,8835.83,8832.32,8835.32,170.82422802850357
2026-07-10T17:45:00+00:00,8835.32,8836.33,8831.33,8832.33,70.73466833541927
2026-07-10T18:00:00+00:00,8832.33,8834.32,8830.31,8831.31,96
2026-07-10T18:15:00+00:00,8831.31,8833.83,8827.31,8830.83,113
2026-07-10T18:30:00+00:00,8830.83,8834.31,8829.32,8830.33,134.37254901960785
2026-07-10T18:45:00+00:00,8830.33,8832.32,8829.81,8830.31,62
2026-07-10T19:00:00+00:00,8830.31,8833.33,8829.83,8832.31,98.57696127110228
2026-07-10T19:15:00+00:00,8832.31,8834.82,8830.31,8831.33,94.7295918367347
2026-07-10T19:30:00+00:00,8831.33,8831.33,8825.81,8826.32,63
2026-07-10T19:45:00+00:00,8826.32,8831.33,8826.32,8828.32,100
2026-07-10T20:00:00+00:00,8828.32,8831.82,8827.31,8830.81,53.20504765741563
2026-07-10T20:15:00+00:00,8830.81,8832.32,8830.31,8831.31,40
2026-07-10T20:30:00+00:00,8831.31,8831.83,8828.81,8829.83,32.32411628020531
2026-07-12T23:45:00+00:00,8830.83,8830.83,8799.63,8805.64,295
2026-07-13T00:00:00+00:00,8805.64,8828.54,8800.52,8814.02,952
2026-07-13T00:15:00+00:00,8814.02,8815.04,8799.02,8802.54,477
2026-07-13T00:30:00+00:00,8802.54,8805.54,8791.52,8794.54,439
2026-07-13T00:45:00+00:00,8794.54,8800.54,8785.53,8798.02,386
2026-07-13T01:00:00+00:00,8798.02,8799.52,8787.53,8798.54,545
2026-07-13T01:15:00+00:00,8798.54,8803.54,8785.53,8788.03,387
2026-07-13T01:30:00+00:00,8788.03,8791.54,8780.02,8786.02,512
2026-07-13T01:45:00+00:00,8786.02,8788.04,8777.52,8784.04,404
2026-07-13T02:00:00+00:00,8784.04,8785.54,8774.02,8783.03,366
2026-07-13T02:15:00+00:00,8783.03,8787.54,8777.52,8784.52,258
2026-07-13T02:30:00+00:00,8784.52,8784.53,8776.02,8782.04,234
2026-07-13T02:45:00+00:00,8782.04,8782.54,8775.02,8775.02,148
2026-07-13T03:00:00+00:00,8775.02,8777.54,8771.52,8776.02,200
2026-07-13T03:15:00+00:00,8776.02,8783.54,8774.53,8782.53,164.0665380906461
2026-07-13T03:30:00+00:00,8782.53,8791.54,8781.53,8788.52,277
2026-07-13T03:45:00+00:00,8788.52,8792.54,8788.02,8792.02,259
2026-07-13T04:00:00+00:00,8792.02,8797.66,8787.66,8794.67,182
2026-07-13T04:15:00+00:00,8794.67,8797.18,8791.66,8796.67,245
2026-07-13T04:30:00+00:00,8796.67,8797.68,8792.66,8796.16,97
2026-07-13T04:45:00+00:00,8796.16,8798.68,8793.66,8797.67,117
2026-07-13T05:00:00+00:00,8797.67,8812.17,8795.67,8811.67,354
2026-07-13T05:15:00+00:00,8811.67,8812.67,8796.66,8797.16,277
2026-07-13T05:30:00+00:00,8797.16,8806.68,8791.66,8800.18,571
2026-07-13T05:45:00+00:00,8800.18,8806.68,8796.67,8805.68,508
2026-07-13T06:00:00+00:00,8805.68,8807.77,8800.26,8801.27,423
2026-07-13T06:15:00+00:00,8801.27,8813.27,8801.26,8809.06,326
2026-07-13T07:00:00+00:00,8810.06,8827.76,8810.06,8825.27,139
2026-07-13T07:15:00+00:00,8825.27,8828.76,8821.26,8822.27,261
2026-07-13T07:30:00+00:00,8822.27,8829.28,8818.76,8826.28,281
2026-07-13T07:45:00+00:00,8826.28,8832.78,8822.27,8832.27,175
2026-07-13T08:00:00+00:00,8832.27,8845.28,8832.27,8844.26,467
2026-07-13T08:15:00+00:00,8844.26,8853.28,8844.26,8849.27,238
2026-07-13T08:30:00+00:00,8849.27,8854.78,8849.26,8854.77,179
2026-07-13T08:45:00+00:00,8854.77,8860.28,8854.26,8860.28,124
2026-07-13T09:00:00+00:00,8860.28,8860.28,8850.76,8853.27,150
2026-07-13T09:15:00+00:00,8853.27,8855.77,8852.26,8853.78,146
2026-07-13T09:30:00+00:00,8853.78,8855.28,8850.78,8854.27,141
2026-07-13T09:45:00+00:00,8854.27,8855.78,8850.27,8851.27,161
2026-07-13T10:00:00+00:00,8851.27,8852.28,8843.76,8844.26,188
2026-07-13T10:15:00+00:00,8844.26,8844.27,8836.26,8836.28,117
2026-07-13T10:30:00+00:00,8836.28,8839.76,8834.26,8835.78,131
2026-07-13T10:45:00+00:00,8835.78,8840.78,8835.27,8839.26,173
2026-07-13T11:00:00+00:00,8839.26,8845.27,8834.76,8837.78,309
2026-07-13T11:15:00+00:00,8837.78,8842.27,8830.77,8840.26,196
2026-07-13T11:30:00+00:00,8840.26,8845.27,8839.27,8841.27,184
2026-07-13T11:45:00+00:00,8841.27,8841.28,8830.26,8831.26,208
2026-07-13T12:00:00+00:00,8831.26,8832.78,8820.28,8825.27,382
2026-07-13T12:15:00+00:00,8825.27,8829.28,8823.76,8824.77,312
2026-07-13T12:30:00+00:00,8824.77,8826.27,8819.27,8821.78,250
2026-07-13T12:45:00+00:00,8821.78,8836.78,8821.26,8836.26,208
2026-07-13T13:00:00+00:00,8836.26,8838.27,8830.26,8832.78,260
2026-07-13T13:15:00+00:00,8832.78,8834.26,8828.26,8833.26,195
2026-07-13T13:30:00+00:00,8833.26,8847.28,8833.26,8836.27,838
2026-07-13T13:45:00+00:00,8836.27,8850.28,8832.77,8846.26,724
2026-07-13T14:00:00+00:00,8846.26,8848.28,8831.26,8837.26,619
2026-07-13T14:15:00+00:00,8837.26,8838.76,8800.27,8826.26,1693
2026-07-13T14:30:00+00:00,8826.26,8826.78,8815.76,8819.27,616
2026-07-13T14:45:00+00:00,8819.27,8831.28,8816.27,8831.28,449
2026-07-13T15:00:00+00:00,8831.28,8834.28,8817.76,8821.26,464
2026-07-13T15:15:00+00:00,8821.26,8823.28,8816.78,8820.78,421
2026-07-13T15:30:00+00:00,8820.78,8826.78,8819.78,8823.77,423
2026-07-13T15:45:00+00:00,8823.77,8826.28,8820.28,8822.78,238
2026-07-13T16:00:00+00:00,8822.78,8825.28,8821.28,8822.28,264
2026-07-13T16:15:00+00:00,8822.28,8822.28,8807.26,8811.26,271
2026-07-13T16:30:00+00:00,8811.26,8816.28,8798.76,8816.26,623
2026-07-13T16:45:00+00:00,8816.26,8818.28,8806.78,8813.76,624
2026-07-13T17:00:00+00:00,8813.76,8821.28,8813.26,8818.27,286
2026-07-13T17:15:00+00:00,8818.27,8820.28,8811.26,8811.78,318
2026-07-13T17:30:00+00:00,8811.78,8815.28,8809.26,8813.76,387
2026-07-13T17:45:00+00:00,8813.76,8816.26,8804.76,8804.76,360
2026-07-13T18:00:00+00:00,8804.76,8809.28,8799.27,8803.27,413
2026-07-13T18:15:00+00:00,8803.27,8804.26,8793.77,8795.76,398
2026-07-13T18:30:00+00:00,8795.76,8801.28,8794.27,8799.76,340
2026-07-13T18:45:00+00:00,8799.76,8805.28,8798.26,8802.76,297
2026-07-13T19:00:00+00:00,8802.76,8806.78,8799.76,8801.77,275
2026-07-13T19:15:00+00:00,8801.77,8804.28,8795.77,8797.26,288
2026-07-13T19:30:00+00:00,8797.26,8805.26,8796.77,8804.27,283
2026-07-13T19:45:00+00:00,8804.27,8807.26,8799.28,8806.28,344
2026-07-13T20:00:00+00:00,8806.28,8808.26,8802.76,8802.76,151
2026-07-13T20:15:00+00:00,8802.76,8802.78,8795.28,8800.27,86
2026-07-13T20:30:00+00:00,8800.27,8800.27,8798.26,8799.28,40
2026-07-13T20:45:00+00:00,8799.28,8808.08,8798.26,8808.08,46
2026-07-13T23:00:00+00:00,8783.61,8785.61,8774.61,8779.61,344.87266295730296
2026-07-13T23:15:00+00:00,8779.61,8783.61,8773.61,8774.61,269.6643990326339
2026-07-13T23:30:00+00:00,8774.61,8774.61,8761.61,8769.24,403.3813547056485
2026-07-13T23:45:00+00:00,8769.24,8776.24,8740.92,8754.43,807.0244874091294
2026-07-14T00:00:00+00:00,8754.43,8759.320000000002,8734.84,8747.84,1270
2026-07-14T00:15:00+00:00,8747.84,8749.33,8722.320000000002,8725.84,1408
2026-07-14T00:30:00+00:00,8725.84,8727.33,8707.320000000002,8712.33,995
2026-07-14T00:45:00+00:00,8712.33,8729.34,8711.320000000002,8725.34,866
2026-07-14T01:00:00+00:00,8725.34,8733.34,8717.34,8721.33,640
2026-07-14T01:15:00+00:00,8721.33,8735.34,8719.34,8724.320000000002,700
2026-07-14T01:30:00+00:00,8724.320000000002,8731.83,8716.320000000002,8730.83,686
2026-07-14T01:45:00+00:00,8730.83,8734.33,8722.33,8725.84,468
2026-07-14T02:00:00+00:00,8725.84,8737.84,8722.320000000002,8726.320000000002,447
2026-07-14T02:15:00+00:00,8726.320000000002,8728.320000000002,8712.320000000002,8715.33,409
2026-07-14T02:30:00+00:00,8715.33,8727.34,8710.320000000002,8724.84,539
2026-07-14T02:45:00+00:00,8724.84,8726.34,8718.83,8721.84,476
2026-07-14T03:00:00+00:00,8721.84,8723.34,8714.320000000002,8716.83,386
2026-07-14T03:15:00+00:00,8716.83,8717.34,8708.34,8714.34,323
2026-07-14T03:30:00+00:00,8714.34,8718.34,8711.33,8712.320000000002,492
2026-07-14T03:45:00+00:00,8712.320000000002,8721.820000000002,8712.320000000002,8719.320000000002,272
2026-07-14T04:00:00+00:00,8719.320000000002,8725.34,8717.33,8717.83,294
2026-07-14T04:15:00+00:00,8717.83,8732.320000000002,8713.84,8728.84,358
2026-07-14T04:30:00+00:00,8728.84,8741.34,8727.33,8739.84,262
2026-07-14T04:45:00+00:00,8739.84,8747.84,8739.320000000002,8745.820000000002,194
2026-07-14T05:00:00+00:00,8745.820000000002,8752.34,8743.84,8751.320000000002,221
2026-07-14T05:15:00+00:00,8751.320000000002,8758.34,8748.34,8758.320000000002,238
2026-07-14T05:30:00+00:00,8758.320000000002,8764.34,8758.320000000002,8761.83,227
2026-07-14T05:45:00+00:00,8761.83,8762.34,8750.34,8751.820000000002,132
2026-07-14T06:00:00+00:00,8751.820000000002,8757.94,8748.92,8753.92,281
2026-07-14T06:15:00+00:00,8753.92,8756.93,8745.92,8749.230000000001,242
2026-07-14T07:00:00+00:00,8795.2,8797.4,8784.39,8797.4,128
2026-07-14T07:15:00+00:00,8797.4,8801.41,8782.91,8786.89,309
2026-07-14T07:30:00+00:00,8786.89,8787.4,8771.9,8772.9,543
2026-07-14T07:45:00+00:00,8772.9,8783.91,8766.4,8780.89,602
2026-07-14T08:00:00+00:00,8780.89,8784.4,8768.89,8773.91,736
2026-07-14T08:15:00+00:00,8773.91,8777.91,8767.89,8774.4,547
2026-07-14T08:30:00+00:00,8774.4,8775.91,8770.89,8772.91,428
2026-07-14T08:45:00+00:00,8772.91,8772.91,8762.89,8764.39,371
2026-07-14T09:00:00+00:00,8764.39,8777.89,8760.89,8777.89,478
2026-07-14T09:15:00+00:00,8777.89,8777.9,8770.39,8771.9,325
2026-07-14T09:30:00+00:00,8771.9,8773.91,8768.91,8772.91,228
2026-07-14T09:45:00+00:00,8772.91,8779.91,8771.91,8774.9,271
2026-07-14T10:00:00+00:00,8774.9,8782.91,8774.89,8779.41,230
2026-07-14T10:15:00+00:00,8779.41,8783.91,8779.39,8783.4,189
2026-07-14T10:30:00+00:00,8783.4,8792.41,8778.39,8783.41,439
2026-07-14T10:45:00+00:00,8783.41,8788.91,8782.39,8786.91,243
2026-07-14T11:00:00+00:00,8786.91,8788.91,8779.89,8788.4,552
2026-07-14T11:15:00+00:00,8788.4,8794.4,8783.91,8791.39,648
2026-07-14T11:30:00+00:00,8791.39,8794.91,8787.89,8788.4,331
2026-07-14T11:45:00+00:00,8788.4,8792.9,8787.89,8790.9,212
2026-07-14T12:00:00+00:00,8790.9,8791.41,8780.89,8785.9,287
2026-07-14T12:15:00+00:00,8785.9,8794.91,8785.4,8793.39,243
2026-07-14T12:30:00+00:00,8793.39,8869.21,8793.39,8832.91,1220
2026-07-14T12:45:00+00:00,8832.91,8834.91,8816.89,8821.9,629
2026-07-14T13:00:00+00:00,8821.9,8831.91,8821.39,8827.9,692
2026-07-14T13:15:00+00:00,8827.9,8830.89,8819.9,8826.89,466
2026-07-14T13:30:00+00:00,8826.89,8852.91,8823.89,8851.39,1166
2026-07-14T13:45:00+00:00,8851.39,8857.89,8845.39,8854.9,646
2026-07-14T14:00:00+00:00,8854.9,8854.91,8847.89,8854.4,953
2026-07-14T14:15:00+00:00,8854.4,8860.9,8840.9,8860.41,1124
2026-07-14T14:30:00+00:00,8860.41,8879.91,8856.89,8862.89,1224
2026-07-14T14:45:00+00:00,8862.89,8867.89,8851.89,8864.41,456
2026-07-14T15:00:00+00:00,8864.41,8875.89,8852.89,8872.91,1097
2026-07-14T15:15:00+00:00,8872.91,8873.4,8862.89,8866.41,417
2026-07-14T15:30:00+00:00,8866.41,8868.9,8849.39,8857.9,679
2026-07-14T15:45:00+00:00,8857.9,8861.91,8843.39,8846.9,442
2026-07-14T16:00:00+00:00,8846.9,8850.91,8841.89,8849.4,500
2026-07-14T16:15:00+00:00,8849.4,8853.91,8846.89,8851.89,344
2026-07-14T16:30:00+00:00,8851.89,8854.89,8849.41,8849.91,163
2026-07-14T16:45:00+00:00,8849.91,8850.91,8841.89,8850.4,117
2026-07-14T17:00:00+00:00,8850.4,8850.91,8844.41,8844.91,136
2026-07-14T17:15:00+00:00,8844.91,8848.91,8842.39,8848.39,182
2026-07-14T17:30:00+00:00,8848.39,8848.91,8841.89,8842.91,91
2026-07-14T17:45:00+00:00,8842.91,8845.9,8840.91,8844.39,81.99579671379442
2026-07-14T18:00:00+00:00,8844.39,8848.89,8842.89,8848.39,107
2026-07-14T18:15:00+00:00,8848.39,8850.89,8846.4,8849.9,107
2026-07-14T18:30:00+00:00,8849.9,8850.41,8839.4,8840.9,205
2026-07-14T18:45:00+00:00,8840.9,8844.4,8839.89,8843.91,129.94983277591973
2026-07-14T19:00:00+00:00,8843.91,8844.41,8839.89,8842.41,110
2026-07-14T19:15:00+00:00,8842.41,8845.89,8841.4,8841.89,73.7092352092352
2026-07-14T19:30:00+00:00,8841.89,8843.91,8836.39,8840.91,204
2026-07-14T19:45:00+00:00,8840.91,8850.91,8840.91,8847.39,257
2026-07-14T20:00:00+00:00,8847.39,8847.4,8842.89,8843.39,68.9344909234412
2026-07-14T20:15:00+00:00,8843.39,8844.41,8840.39,8840.4,25
2026-07-14T20:30:00+00:00,8840.4,8841.89,8840.38,8841.4,14
2026-07-14T20:45:00+00:00,8841.4,8847.39,8837.89,8843.19,51
2026-07-14T23:00:00+00:00,8836.71,8843.71,8836.71,8843.71,85.94403143840904
2026-07-14T23:15:00+00:00,8843.71,8854.71,8839.71,8853.71,127.4282580909535
2026-07-14T23:30:00+00:00,8853.71,8859.71,8849.71,8853.71,211.28431607801798
2026-07-14T23:45:00+00:00,8853.71,8872.699999999999,8851.71,8868.699999999999,502.30782739305005
2026-07-15T00:00:00+00:00,8868.699999999999,8886.609999999999,8865.599999999999,8874.109999999999,872
2026-07-15T00:15:00+00:00,8874.109999999999,8884.089999999998,8866.089999999998,8866.099999999999,365
2026-07-15T00:30:00+00:00,8866.099999999999,8872.609999999999,8854.609999999999,8856.089999999998,337
2026-07-15T00:45:00+00:00,8856.089999999998,8861.609999999999,8852.599999999999,8855.599999999999,324
2026-07-15T01:00:00+00:00,8855.599999999999,8859.109999999999,8843.589999999998,8853.099999999999,370
2026-07-15T01:15:00+00:00,8853.099999999999,8858.609999999999,8849.609999999999,8852.109999999999,253
2026-07-15T01:30:00+00:00,8852.109999999999,8852.609999999999,8840.609999999999,8841.589999999998,320
2026-07-15T01:45:00+00:00,8841.589999999998,8849.609999999999,8840.609999999999,8848.589999999998,263
2026-07-15T02:00:00+00:00,8848.589999999998,8852.609999999999,8845.589999999998,8845.589999999998,233
2026-07-15T02:15:00+00:00,8845.589999999998,8853.109999999999,8845.589999999998,8851.599999999999,145
2026-07-15T02:30:00+00:00,8851.599999999999,8856.609999999999,8846.589999999998,8854.609999999999,158
2026-07-15T02:45:00+00:00,8854.609999999999,8855.599999999999,8840.609999999999,8840.609999999999,157
2026-07-15T03:00:00+00:00,8840.609999999999,8842.599999999999,8838.609999999999,8839.609999999999,127
2026-07-15T03:15:00+00:00,8839.609999999999,8842.599999999999,8836.589999999998,8841.609999999999,144
2026-07-15T03:30:00+00:00,8841.609999999999,8848.609999999999,8839.599999999999,8843.089999999998,140
2026-07-15T03:45:00+00:00,8843.089999999998,8847.109999999999,8841.099999999999,8844.589999999998,109
2026-07-15T04:00:00+00:00,8844.589999999998,8847.609999999999,8839.089999999998,8839.089999999998,138.0922920892495
2026-07-15T04:15:00+00:00,8839.089999999998,8839.609999999999,8835.589999999998,8836.109999999999,103
2026-07-15T04:30:00+00:00,8836.109999999999,8841.099999999999,8834.589999999998,8839.599999999999,154
2026-07-15T04:45:00+00:00,8839.599999999999,8843.099999999999,8839.599999999999,8842.589999999998,76
2026-07-15T05:00:00+00:00,8842.589999999998,8845.089999999998,8837.589999999998,8837.589999999998,406
2026-07-15T05:15:00+00:00,8837.589999999998,8840.609999999999,8836.589999999998,8838.589999999998,221
2026-07-15T05:30:00+00:00,8838.589999999998,8842.609999999999,8836.109999999999,8837.589999999998,299
2026-07-15T05:45:00+00:00,8837.589999999998,8842.599999999999,8835.599999999999,8841.589999999998,155
2026-07-15T06:00:00+00:00,8841.589999999998,8845.689999999999,8837.689999999999,8844.189999999999,366
2026-07-15T06:15:00+00:00,8844.189999999999,8845.189999999999,8840.199999999999,8844.989999999998,195
2026-07-15T07:00:00+00:00,8834.47,8834.47,8821.19,8825.67,114
2026-07-15T07:15:00+00:00,8825.67,8825.67,8798.97,8804.19,335
2026-07-15T07:30:00+00:00,8804.19,8815.18,8800.68,8815.18,323
2026-07-15T07:45:00+00:00,8815.18,8816.18,8809.17,8811.67,189
2026-07-15T08:00:00+00:00,8811.67,8812.19,8804.68,8808.18,227
2026-07-15T08:15:00+00:00,8808.18,8819.69,8807.67,8818.67,349
2026-07-15T08:30:00+00:00,8818.67,8825.69,8815.67,8822.68,237
2026-07-15T08:45:00+00:00,8822.68,8824.69,8817.67,8823.19,154
2026-07-15T09:00:00+00:00,8823.19,8829.69,8821.68,8828.19,175
2026-07-15T09:15:00+00:00,8828.19,8828.19,8821.67,8824.68,163
2026-07-15T09:30:00+00:00,8824.68,8825.69,8819.67,8825.18,123
2026-07-15T09:45:00+00:00,8825.18,8825.69,8814.18,8815.18,148
2026-07-15T10:00:00+00:00,8815.18,8817.69,8812.18,8814.17,169
2026-07-15T10:15:00+00:00,8814.17,8816.19,8806.18,8807.69,262
2026-07-15T10:30:00+00:00,8807.69,8817.17,8807.67,8813.68,194
2026-07-15T10:45:00+00:00,8813.68,8815.68,8812.19,8813.18,178
2026-07-15T11:00:00+00:00,8813.18,8815.69,8806.17,8807.18,174
2026-07-15T11:15:00+00:00,8807.18,8810.18,8805.67,8807.17,137
2026-07-15T11:30:00+00:00,8807.17,8811.19,8805.67,8811.19,129
2026-07-15T11:45:00+00:00,8811.19,8813.17,8807.69,8809.19,199
2026-07-15T12:00:00+00:00,8809.19,8810.69,8799.67,8801.69,193
2026-07-15T12:15:00+00:00,8801.69,8810.17,8801.69,8810.17,215
2026-07-15T12:30:00+00:00,8810.17,8830.99,8810.17,8830.17,520
2026-07-15T12:45:00+00:00,8830.17,8833.68,8823.68,8829.67,290
2026-07-15T13:00:00+00:00,8829.67,8838.18,8828.67,8828.68,263
2026-07-15T13:15:00+00:00,8828.68,8833.18,8824.19,8830.19,210
2026-07-15T13:30:00+00:00,8830.19,8839.67,8825.67,8832.17,573
2026-07-15T13:45:00+00:00,8832.17,8854.18,8828.67,8846.17,724
2026-07-15T14:00:00+00:00,8846.17,8852.69,8843.67,8852.69,446
2026-07-15T14:15:00+00:00,8852.69,8854.68,8844.18,8851.69,600
2026-07-15T14:30:00+00:00,8851.69,8855.69,8841.17,8843.19,615
2026-07-15T14:45:00+00:00,8843.19,8848.69,8836.68,8848.69,487
2026-07-15T15:00:00+00:00,8848.69,8851.68,8840.68,8840.68,431
2026-07-15T15:15:00+00:00,8840.68,8845.18,8833.18,8841.68,571
2026-07-15T15:30:00+00:00,8841.68,8846.69,8839.17,8839.68,529
2026-07-15T15:45:00+00:00,8839.68,8841.68,8835.67,8835.67,253
2026-07-15T16:00:00+00:00,8835.67,8837.69,8819.17,8819.67,307
2026-07-15T16:15:00+00:00,8819.67,8822.19,8813.17,8816.68,396
2026-07-15T16:30:00+00:00,8816.68,8819.68,8810.68,8817.17,384
2026-07-15T16:45:00+00:00,8817.17,8829.68,8817.17,8823.68,393
2026-07-15T17:00:00+00:00,8823.68,8832.19,8823.19,8829.17,147
2026-07-15T17:15:00+00:00,8829.17,8838.18,8827.67,8838.18,122
2026-07-15T17:30:00+00:00,8838.18,8844.69,8836.68,8843.68,170
2026-07-15T17:45:00+00:00,8843.68,8849.19,8841.68,8848.69,189
2026-07-15T18:00:00+00:00,8848.69,8850.69,8846.68,8849.67,132
2026-07-15T18:15:00+00:00,8849.67,8851.67,8847.67,8850.69,97
2026-07-15T18:30:00+00:00,8850.69,8854.69,8847.19,8847.67,117
2026-07-15T18:45:00+00:00,8847.67,8848.69,8841.68,8842.67,179
2026-07-15T19:00:00+00:00,8842.67,8849.69,8841.67,8848.68,153
2026-07-15T19:15:00+00:00,8848.68,8850.19,8843.67,8846.68,150
2026-07-15T19:30:00+00:00,8846.68,8850.19,8840.67,8849.68,221
2026-07-15T19:45:00+00:00,8849.68,8850.19,8842.67,8849.69,282
2026-07-15T20:00:00+00:00,8849.69,8849.69,8844.17,8845.65,97.73667711598746
2026-07-15T20:15:00+00:00,8845.65,8848.65,8845.15,8847.66,29.73469387755102
2026-07-15T20:30:00+00:00,8847.66,8848.17,8844.15,8845.15,35.87518134347714
2026-07-15T20:45:00+00:00,8845.15,8849.16,8829.47,8829.47,41.186191815766804
2026-07-15T23:00:00+00:00,8843.81,8846.81,8838.81,8846.81,100.6954825653309
2026-07-15T23:15:00+00:00,8846.81,8851.81,8844.81,8851.81,89.05172449665423
2026-07-15T23:30:00+00:00,8851.81,8856.81,8843.81,8844.81,205.1033320340908
2026-07-15T23:45:00+00:00,8844.81,8863.3,8836.81,8861.289999999999,411.98126527616785
2026-07-16T00:00:00+00:00,8861.289999999999,8870.19,8844.19,8858.199999999999,866
2026-07-16T00:15:00+00:00,8858.199999999999,8871.18,8858.199999999999,8864.68,403
2026-07-16T00:30:00+00:00,8864.68,8870.199999999999,8858.18,8860.18,322
2026-07-16T00:45:00+00:00,8860.18,8862.199999999999,8850.18,8850.199999999999,300
2026-07-16T01:00:00+00:00,8850.199999999999,8851.699999999999,8836.18,8841.19,528
2026-07-16T01:15:00+00:00,8841.19,8843.199999999999,8831.18,8835.69,291
2026-07-16T01:30:00+00:00,8835.69,8841.199999999999,8832.18,8837.19,338
2026-07-16T01:45:00+00:00,8837.19,8842.19,8826.18,8827.199999999999,266
2026-07-16T02:00:00+00:00,8827.199999999999,8830.699999999999,8819.69,8829.699999999999,266
2026-07-16T02:15:00+00:00,8829.699999999999,8834.699999999999,8823.199999999999,8834.68,213
2026-07-16T02:30:00+00:00,8834.68,8836.699999999999,8822.18,8826.199999999999,302
2026-07-16T02:45:00+00:00,8826.199999999999,8830.699999999999,8823.18,8828.69,165
2026-07-16T03:00:00+00:00,8828.69,8836.19,8827.68,8831.18,169
2026-07-16T03:15:00+00:00,8831.18,8834.699999999999,8828.18,8832.18,146
2026-07-16T03:30:00+00:00,8832.18,8837.199999999999,8831.68,8832.19,302
2026-07-16T03:45:00+00:00,8832.19,8838.69,8828.68,8835.19,186
2026-07-16T04:00:00+00:00,8835.19,8839.19,8831.18,8837.199999999999,229
2026-07-16T04:15:00+00:00,8837.199999999999,8837.199999999999,8829.18,8829.199999999999,138
2026-07-16T04:30:00+00:00,8829.199999999999,8834.199999999999,8828.199999999999,8828.199999999999,124
2026-07-16T04:45:00+00:00,8828.199999999999,8837.69,8827.68,8836.18,162
2026-07-16T05:00:00+00:00,8836.18,8850.19,8836.18,8849.18,215
2026-07-16T05:15:00+00:00,8849.18,8856.19,8849.18,8853.68,218
2026-07-16T05:30:00+00:00,8853.68,8857.18,8844.68,8845.69,463
2026-07-16T05:45:00+00:00,8845.69,8849.199999999999,8845.18,8847.68,188
2026-07-16T06:00:00+00:00,8847.68,8847.779999999999,8837.779999999999,8842.8,506
2026-07-16T06:15:00+00:00,8842.8,8847.8,8840.779999999999,8844.08,254
2026-07-16T07:00:00+00:00,8828.76,8828.76,8814.47,8816.96,209
2026-07-16T07:15:00+00:00,8816.96,8820.46,8813.48,8818.46,312.42885181550537
2026-07-16T07:30:00+00:00,8818.46,8820.48,8812.96,8813.47,207
2026-07-16T07:45:00+00:00,8813.47,8814.48,8805.97,8809.96,193
2026-07-16T08:00:00+00:00,8809.96,8812.48,8798.97,8798.98,323
2026-07-16T08:15:00+00:00,8798.98,8812.48,8798.46,8812.46,343
2026-07-16T08:30:00+00:00,8812.46,8816.96,8811.46,8811.48,240
2026-07-16T08:45:00+00:00,8811.48,8818.96,8811.48,8813.96,293
2026-07-16T09:00:00+00:00,8813.96,8818.98,8813.46,8817.46,237
2026-07-16T09:15:00+00:00,8817.46,8819.98,8810.97,8812.97,175
2026-07-16T09:30:00+00:00,8812.97,8815.48,8807.47,8808.48,164
2026-07-16T09:45:00+00:00,8808.48,8809.96,8803.47,8805.46,210
2026-07-16T10:00:00+00:00,8805.46,8808.96,8803.47,8804.96,234
2026-07-16T10:15:00+00:00,8804.96,8805.46,8797.46,8801.98,172
2026-07-16T10:30:00+00:00,8801.98,8803.48,8799.46,8802.96,157
2026-07-16T10:45:00+00:00,8802.96,8805.48,8801.46,8802.98,210
2026-07-16T11:00:00+00:00,8802.98,8802.98,8793.96,8797.48,279
2026-07-16T11:15:00+00:00,8797.48,8802.46,8792.46,8796.98,265
2026-07-16T11:30:00+00:00,8796.98,8798.98,8793.46,8797.48,270
2026-07-16T11:45:00+00:00,8797.48,8798.97,8778.47,8796.47,570
2026-07-16T12:00:00+00:00,8796.47,8797.48,8785.46,8787.47,351
2026-07-16T12:15:00+00:00,8787.47,8788.48,8778.46,8784.46,418
2026-07-16T12:30:00+00:00,8784.46,8784.98,8765.96,8767.98,500
2026-07-16T12:45:00+00:00,8767.98,8774.98,8766.46,8770.98,360
2026-07-16T13:00:00+00:00,8770.98,8779.48,8767.47,8779.48,359
2026-07-16T13:15:00+00:00,8779.48,8783.48,8778.98,8782.47,317
2026-07-16T13:30:00+00:00,8782.47,8791.98,8773.46,8777.96,883
2026-07-16T13:45:00+00:00,8777.96,8797.47,8777.96,8789.46,1154
2026-07-16T14:00:00+00:00,8789.46,8805.98,8788.46,8802.47,658
2026-07-16T14:15:00+00:00,8802.47,8807.48,8798.46,8805.46,569
2026-07-16T14:30:00+00:00,8805.46,8807.48,8800.96,8807.48,453
2026-07-16T14:45:00+00:00,8807.48,8812.46,8805.46,8811.46,541
2026-07-16T15:00:00+00:00,8811.46,8814.96,8808.47,8814.48,332
2026-07-16T15:15:00+00:00,8814.48,8827.98,8813.96,8826.48,309
2026-07-16T15:30:00+00:00,8826.48,8834.48,8822.96,8830.96,539
2026-07-16T15:45:00+00:00,8830.96,8830.96,8815.47,8817.46,319
2026-07-16T16:00:00+00:00,8817.46,8819.48,8804.48,8815.48,431
2026-07-16T16:15:00+00:00,8815.48,8819.48,8809.96,8813.97,500
2026-07-16T16:30:00+00:00,8813.97,8816.98,8809.46,8811.47,343
2026-07-16T16:45:00+00:00,8811.47,8819.48,8809.46,8817.97,324
2026-07-16T17:00:00+00:00,8817.97,8818.48,8812.46,8812.97,367
2026-07-16T17:15:00+00:00,8812.97,8818.48,8812.96,8816.48,435
2026-07-16T17:30:00+00:00,8816.48,8817.98,8808.48,8810.47,324
2026-07-16T17:45:00+00:00,8810.47,8814.97,8808.96,8811.48,273
2026-07-16T18:00:00+00:00,8811.48,8812.96,8805.46,8808.46,332
2026-07-16T18:15:00+00:00,8808.46,8815.48,8806.96,8811.97,313
2026-07-16T18:30:00+00:00,8811.97,8811.97,8803.46,8807.98,330
2026-07-16T18:45:00+00:00,8807.98,8810.48,8804.46,8804.46,284
2026-07-16T19:00:00+00:00,8804.46,8809.48,8802.48,8804.98,270
2026-07-16T19:15:00+00:00,8804.98,8806.47,8800.46,8803.46,186
2026-07-16T19:30:00+00:00,8803.46,8806.48,8797.96,8804.46,301
2026-07-16T19:45:00+00:00,8804.46,8813.48,8798.48,8812.98,390
2026-07-16T20:00:00+00:00,8812.98,8815.47,8810.47,8810.96,143
2026-07-16T20:15:00+00:00,8810.96,8815.48,8810.46,8812.48,108.13322545846817
2026-07-16T20:30:00+00:00,8812.48,8813.98,8810.96,8813.98,45.10107965687935
2026-07-16T20:45:00+00:00,8813.98,8815.48,8807.78,8813.77,79.27595876465051
2026-07-16T23:00:00+00:00,8806.91,8809.91,8799.91,8803.91,254.06997483217003
2026-07-16T23:15:00+00:00,8803.91,8805.91,8797.91,8804.91,213.68609273289152
2026-07-16T23:30:00+00:00,8804.91,8811.91,8797.91,8810.91,414.488129770543
2026-07-16T23:45:00+00:00,8810.91,8810.91,8781.269999999999,8792.269999999999,618.071765062379
2026-07-17T00:00:00+00:00,8792.269999999999,8797.179999999998,8771.169999999998,8776.159999999998,896
2026-07-17T00:15:00+00:00,8776.159999999998,8779.669999999998,8763.679999999998,8764.679999999998,353
2026-07-17T00:30:00+00:00,8764.679999999998,8768.659999999998,8748.669999999998,8752.659999999998,291
2026-07-17T00:45:00+00:00,8752.659999999998,8763.159999999998,8751.679999999998,8758.659999999998,366
2026-07-17T01:00:00+00:00,8758.659999999998,8761.679999999998,8748.679999999998,8755.659999999998,409
2026-07-17T01:15:00+00:00,8755.659999999998,8758.679999999998,8746.159999999998,8755.669999999998,338
2026-07-17T01:30:00+00:00,8755.669999999998,8757.179999999998,8740.169999999998,8742.179999999998,322
2026-07-17T01:45:00+00:00,8742.179999999998,8742.669999999998,8736.659999999998,8738.159999999998,336
2026-07-17T02:00:00+00:00,8738.159999999998,8749.179999999998,8736.659999999998,8738.679999999998,333
2026-07-17T02:15:00+00:00,8738.679999999998,8742.659999999998,8730.659999999998,8741.169999999998,206
2026-07-17T02:30:00+00:00,8741.169999999998,8750.179999999998,8735.159999999998,8749.179999999998,213
2026-07-17T02:45:00+00:00,8749.179999999998,8764.179999999998,8747.669999999998,8764.179999999998,258
2026-07-17T03:00:00+00:00,8764.179999999998,8775.679999999998,8762.669999999998,8774.679999999998,259
2026-07-17T03:15:00+00:00,8774.679999999998,8779.679999999998,8772.659999999998,8773.179999999998,194
2026-07-17T03:30:00+00:00,8773.179999999998,8773.669999999998,8759.659999999998,8761.179999999998,307
2026-07-17T03:45:00+00:00,8761.179999999998,8761.679999999998,8750.179999999998,8751.159999999998,196
2026-07-17T04:00:00+00:00,8751.159999999998,8755.179999999998,8750.169999999998,8751.659999999998,341
2026-07-17T04:15:00+00:00,8751.659999999998,8752.669999999998,8737.659999999998,8740.179999999998,290
2026-07-17T04:30:00+00:00,8740.179999999998,8741.679999999998,8732.659999999998,8739.679999999998,321
2026-07-17T04:45:00+00:00,8739.679999999998,8749.159999999998,8739.679999999998,8746.179999999998,384
2026-07-17T05:00:00+00:00,8746.179999999998,8746.179999999998,8737.659999999998,8739.669999999998,359
2026-07-17T05:15:00+00:00,8739.669999999998,8743.669999999998,8737.159999999998,8741.659999999998,243
2026-07-17T05:30:00+00:00,8741.659999999998,8753.679999999998,8741.659999999998,8753.679999999998,336
2026-07-17T05:45:00+00:00,8753.679999999998,8761.679999999998,8750.659999999998,8758.159999999998,365
2026-07-17T06:00:00+00:00,8758.159999999998,8773.269999999999,8756.259999999998,8768.279999999999,494
2026-07-17T06:15:00+00:00,8768.279999999999,8774.279999999999,8764.279999999999,8770.069999999998,430
2026-07-17T07:00:00+00:00,8790.3,8790.3,8773.79,8785,118
2026-07-17T07:15:00+00:00,8785,8793.51,8783.99,8792.5,270
2026-07-17T07:30:00+00:00,8792.5,8797.01,8790.49,8795.01,323
2026-07-17T07:45:00+00:00,8795.01,8799.51,8791,8794,298
2026-07-17T08:00:00+00:00,8794,8805.99,8791.01,8795.51,505
2026-07-17T08:15:00+00:00,8795.51,8796.51,8779,8785.5,504
2026-07-17T08:30:00+00:00,8785.5,8788.99,8773,8782.01,470
2026-07-17T08:45:00+00:00,8782.01,8788.51,8779.51,8782,396
2026-07-17T09:00:00+00:00,8782,8791.49,8776.01,8790.01,345
2026-07-17T09:15:00+00:00,8790.01,8790.51,8783.5,8790.49,216
2026-07-17T09:30:00+00:00,8790.49,8791.51,8783.51,8784.5,287
2026-07-17T09:45:00+00:00,8784.5,8791.99,8782.51,8791.51,349
2026-07-17T10:00:00+00:00,8791.51,8798,8790.51,8797.51,338
2026-07-17T10:15:00+00:00,8797.51,8799.99,8794.49,8797.99,202
2026-07-17T10:30:00+00:00,8797.99,8805.51,8797.99,8799.5,180
2026-07-17T10:45:00+00:00,8799.5,8801.49,8794.99,8796.99,172
2026-07-17T11:00:00+00:00,8796.99,8802.01,8790.49,8791.51,228
2026-07-17T11:15:00+00:00,8791.51,8797.01,8791.49,8795.5,169
2026-07-17T11:30:00+00:00,8795.5,8798.51,8792.99,8795.01,178
2026-07-17T11:45:00+00:00,8795.01,8805.51,8793.49,8803.01,185
2026-07-17T12:00:00+00:00,8803.01,8804.51,8794.99,8797.5,254
2026-07-17T12:15:00+00:00,8797.5,8801.5,8795,8798.01,228
2026-07-17T12:30:00+00:00,8798.01,8802.51,8794,8801.49,321
2026-07-17T12:45:00+00:00,8801.49,8802.51,8794.49,8796.5,253
2026-07-17T13:00:00+00:00,8796.5,8796.5,8780.51,8782,380
2026-07-17T13:15:00+00:00,8782,8785,8776,8780.99,377
2026-07-17T13:30:00+00:00,8780.99,8797.51,8770.01,8787.49,1072
2026-07-17T13:45:00+00:00,8787.49,8823.01,8787.49,8822,923
2026-07-17T14:00:00+00:00,8822,8825.5,8812,8819.99,701
2026-07-17T14:15:00+00:00,8819.99,8825.51,8816.99,8817.5,545
2026-07-17T14:30:00+00:00,8817.5,8819.51,8808.99,8814,621
2026-07-17T14:45:00+00:00,8814,8820.01,8811.49,8815,461
2026-07-17T15:00:00+00:00,8815,8820.51,8808.5,8809.99,580
2026-07-17T15:15:00+00:00,8809.99,8826.51,8807.5,8825.49,699
2026-07-17T15:30:00+00:00,8825.49,8833.51,8820.49,8831.51,737
2026-07-17T15:45:00+00:00,8831.51,8843.51,8827.51,8843.51,387
2026-07-17T16:00:00+00:00,8843.51,8843.51,8829.99,8838.49,694
2026-07-17T16:15:00+00:00,8838.49,8840,8827.99,8832.51,298
2026-07-17T16:30:00+00:00,8832.51,8834.01,8826.99,8833.5,289
2026-07-17T16:45:00+00:00,8833.5,8840.5,8832.49,8834.49,254
2026-07-17T17:00:00+00:00,8834.49,8840.51,8834.01,8836.51,190
2026-07-17T17:15:00+00:00,8836.51,8844.51,8835.5,8844.49,145
2026-07-17T17:30:00+00:00,8844.49,8844.5,8835.49,8837.5,204
2026-07-17T17:45:00+00:00,8837.5,8840.99,8830.49,8832.49,204
2026-07-17T18:00:00+00:00,8832.49,8834.49,8828.49,8828.51,228
2026-07-17T18:15:00+00:00,8828.51,8829.49,8819.99,8822.49,357
2026-07-17T18:30:00+00:00,8822.49,8827.01,8811.51,8813.99,332
2026-07-17T18:45:00+00:00,8813.99,8821.5,8812.49,8819.5,246
2026-07-17T19:00:00+00:00,8819.5,8820.5,8808.99,8809.49,253
2026-07-17T19:15:00+00:00,8809.49,8813.51,8806.49,8813.01,292
2026-07-17T19:30:00+00:00,8813.01,8828.01,8811.49,8825.99,438
2026-07-17T19:45:00+00:00,8825.99,8844.51,8825.49,8837.01,579
2026-07-17T20:00:00+00:00,8837.01,8837.01,8828.5,8829.5,153
2026-07-17T20:15:00+00:00,8829.5,8833.01,8828,8833.01,49.84256321480875
2026-07-17T20:30:00+00:00,8833.01,8837.01,8832.49,8836.51,43
2026-07-19T23:45:00+00:00,8831.77,8838.78,8828.27,8831.77,257
2026-07-20T00:00:00+00:00,8831.77,8839.66,8823.67,8823.67,1052
2026-07-20T00:15:00+00:00,8823.67,8827.16,8810.17,8811.66,480
2026-07-20T00:30:00+00:00,8811.66,8813.68,8802.66,8807.17,493
2026-07-20T00:45:00+00:00,8807.17,8823.18,8807.17,8820.18,370
2026-07-20T01:00:00+00:00,8820.18,8827.16,8813.16,8813.16,589
2026-07-20T01:15:00+00:00,8813.16,8817.66,8801.16,8801.16,471
2026-07-20T01:30:00+00:00,8801.16,8808.18,8793.16,8795.16,482
2026-07-20T01:45:00+00:00,8795.16,8806.16,8794.66,8799.18,644
2026-07-20T02:00:00+00:00,8799.18,8809.18,8796.17,8798.67,543
2026-07-20T02:15:00+00:00,8798.67,8799.18,8792.17,8793.66,239
2026-07-20T02:30:00+00:00,8793.66,8814.17,8793.17,8811.67,370
2026-07-20T02:45:00+00:00,8811.67,8820.17,8811.67,8814.17,230
2026-07-20T03:00:00+00:00,8814.17,8814.18,8806.16,8812.17,265
2026-07-20T03:15:00+00:00,8812.17,8817.18,8811.17,8814.16,191
2026-07-20T03:30:00+00:00,8814.16,8818.18,8812.17,8815.16,226
2026-07-20T03:45:00+00:00,8815.16,8818.67,8813.16,8814.67,169
2026-07-20T04:00:00+00:00,8814.67,8818.18,8807.18,8807.66,170
2026-07-20T04:15:00+00:00,8807.66,8808.18,8802.67,8806.67,147
2026-07-20T04:30:00+00:00,8806.67,8816.66,8806.17,8816.18,242
2026-07-20T04:45:00+00:00,8816.18,8821.17,8813.16,8813.68,203
2026-07-20T05:00:00+00:00,8813.68,8816.67,8805.16,8810.67,212
2026-07-20T05:15:00+00:00,8810.67,8811.18,8807.16,8808.16,329
2026-07-20T05:30:00+00:00,8808.16,8809.18,8802.66,8803.17,279
2026-07-20T05:45:00+00:00,8803.17,8803.17,8797.18,8799.17,195
2026-07-20T06:00:00+00:00,8799.17,8799.17,8780.26,8784.27,540
2026-07-20T06:15:00+00:00,8784.27,8789.57,8782.76,8789.57,323
2026-07-20T07:00:00+00:00,8789.57,8799.77,8789.57,8791.76,91
2026-07-20T07:15:00+00:00,8791.76,8807.76,8789.27,8806.76,254
2026-07-20T07:30:00+00:00,8806.76,8824.77,8806.76,8824.77,392
2026-07-20T07:45:00+00:00,8824.77,8827.78,8811.77,8816.76,393
2026-07-20T08:00:00+00:00,8816.76,8823.78,8816.27,8823.28,441
2026-07-20T08:15:00+00:00,8823.28,8827.26,8821.28,8824.76,245
2026-07-20T08:30:00+00:00,8824.76,8825.78,8819.77,8820.27,229
2026-07-20T08:45:00+00:00,8820.27,8823.78,8819.76,8823.28,180
2026-07-20T09:00:00+00:00,8823.28,8824.28,8814.76,8819.27,225
2026-07-20T09:15:00+00:00,8819.27,8824.28,8816.76,8818.76,143
2026-07-20T09:30:00+00:00,8818.76,8822.78,8817.26,8821.77,213
2026-07-20T09:45:00+00:00,8821.77,8824.78,8816.77,8819.27,151
2026-07-20T10:00:00+00:00,8819.27,8820.28,8813.28,8813.76,145
2026-07-20T10:15:00+00:00,8813.76,8815.27,8808.76,8810.78,157.83616118769885
2026-07-20T10:30:00+00:00,8810.78,8810.78,8799.27,8803.28,205
2026-07-20T10:45:00+00:00,8803.28,8809.78,8802.76,8809.27,204
2026-07-20T11:00:00+00:00,8809.27,8814.28,8808.28,8813.78,271
2026-07-20T11:15:00+00:00,8813.78,8814.78,8808.26,8809.76,131
2026-07-20T11:30:00+00:00,8809.76,8834.77,8808.77,8829.77,1539
2026-07-20T11:45:00+00:00,8829.77,8830.78,8818.78,8824.76,348
2026-07-20T12:00:00+00:00,8824.76,8825.28,8804.76,8810.28,1058
2026-07-20T12:15:00+00:00,8810.28,8811.78,8799.77,8807.27,206
2026-07-20T12:30:00+00:00,8807.27,8811.76,8800.27,8801.28,301
2026-07-20T12:45:00+00:00,8801.28,8806.76,8792.76,8797.27,303
2026-07-20T13:00:00+00:00,8797.27,8798.78,8792.27,8793.27,375
2026-07-20T13:15:00+00:00,8793.27,8798.77,8791.77,8798.77,228
2026-07-20T13:30:00+00:00,8798.77,8809.28,8791.78,8792.77,646
2026-07-20T13:45:00+00:00,8792.77,8792.77,8777.26,8777.78,666
2026-07-20T14:00:00+00:00,8777.78,8780.77,8765.26,8766.77,802
2026-07-20T14:15:00+00:00,8766.77,8774.78,8764.76,8772.78,638
2026-07-20T14:30:00+00:00,8772.78,8779.27,8766.76,8774.27,453
2026-07-20T14:45:00+00:00,8774.27,8781.77,8766.78,8771.78,559
2026-07-20T15:00:00+00:00,8771.78,8781.76,8764.26,8775.28,727
2026-07-20T15:15:00+00:00,8775.28,8787.78,8773.26,8787.26,369
2026-07-20T15:30:00+00:00,8787.26,8787.28,8776.76,8783.27,393
2026-07-20T15:45:00+00:00,8783.27,8788.28,8779.26,8784.78,294
2026-07-20T16:00:00+00:00,8784.78,8787.26,8780.77,8782.77,237
2026-07-20T16:15:00+00:00,8782.77,8783.27,8778.76,8780.28,194
2026-07-20T16:30:00+00:00,8780.28,8781.77,8763.27,8771.28,622
2026-07-20T16:45:00+00:00,8771.28,8776.76,8766.76,8767.26,272
2026-07-20T17:00:00+00:00,8767.26,8770.27,8763.26,8764.27,225
2026-07-20T17:15:00+00:00,8764.27,8769.78,8761.77,8766.26,199
2026-07-20T17:30:00+00:00,8766.26,8768.77,8761.76,8762.26,200
2026-07-20T17:45:00+00:00,8762.26,8770.77,8761.76,8766.78,153
2026-07-20T18:00:00+00:00,8766.78,8772.77,8766.77,8768.28,200
2026-07-20T18:15:00+00:00,8768.28,8771.78,8762.28,8762.76,270
2026-07-20T18:30:00+00:00,8762.76,8762.76,8751.26,8751.26,485
2026-07-20T18:45:00+00:00,8751.26,8756.77,8750.76,8752.76,388
2026-07-20T19:00:00+00:00,8752.76,8755.78,8743.77,8743.78,335
2026-07-20T19:15:00+00:00,8743.78,8756.28,8742.26,8756.28,394
2026-07-20T19:30:00+00:00,8756.28,8760.78,8753.27,8759.77,394
2026-07-20T19:45:00+00:00,8759.77,8764.77,8754.77,8756.28,425
2026-07-20T20:00:00+00:00,8756.28,8759.78,8751.26,8752.28,143
2026-07-20T20:15:00+00:00,8752.28,8752.76,8750.26,8751.77,39
2026-07-20T20:30:00+00:00,8751.77,8753.78,8751.76,8753.28,32
2026-07-20T20:45:00+00:00,8753.28,8755.78,8750.76,8755.56,57
2026-07-20T23:00:00+00:00,8734.21,8753.21,8732.21,8753.21,100.82242715505322
2026-07-20T23:15:00+00:00,8753.21,8764.21,8751.21,8761.21,264.03098291118357
2026-07-20T23:30:00+00:00,8761.21,8761.21,8755.21,8755.21,218.951183605191
2026-07-20T23:45:00+00:00,8755.21,8764.21,8740.82,8752.82,666.8472238443883
2026-07-21T00:00:00+00:00,8752.82,8752.82,8732.72,8737.21,1015
2026-07-21T00:15:00+00:00,8737.21,8743.72,8728.199999999999,8739.22,697
2026-07-21T00:30:00+00:00,8739.22,8766.72,8738.22,8765.72,534
2026-07-21T00:45:00+00:00,8765.72,8769.71,8748.699999999999,8749.22,303
2026-07-21T01:00:00+00:00,8749.22,8767.699999999999,8741.72,8767.699999999999,438
2026-07-21T01:15:00+00:00,8767.699999999999,8772.71,8752.199999999999,8753.199999999999,455
2026-07-21T01:30:00+00:00,8753.199999999999,8765.72,8753.199999999999,8756.699999999999,307
2026-07-21T01:45:00+00:00,8756.699999999999,8760.72,8753.699999999999,8756.199999999999,223
2026-07-21T02:00:00+00:00,8756.199999999999,8768.199999999999,8751.71,8752.72,251
2026-07-21T02:15:00+00:00,8752.72,8764.72,8747.71,8764.699999999999,208
2026-07-21T02:30:00+00:00,8764.699999999999,8771.71,8763.699999999999,8766.72,261
2026-07-21T02:45:00+00:00,8766.72,8779.72,8764.699999999999,8779.72,216
2026-07-21T03:00:00+00:00,8779.72,8783.71,8776.699999999999,8782.72,182
2026-07-21T03:15:00+00:00,8782.72,8790.22,8781.699999999999,8786.699999999999,169
2026-07-21T03:30:00+00:00,8786.699999999999,8792.72,8783.699999999999,8792.71,148
2026-07-21T03:45:00+00:00,8792.71,8800.22,8792.699999999999,8799.72,139.5386465132257
2026-07-21T04:00:00+00:00,8799.72,8802.21,8793.699999999999,8794.699999999999,114
2026-07-21T04:15:00+00:00,8794.699999999999,8795.72,8792.699999999999,8793.72,74
2026-07-21T04:30:00+00:00,8793.72,8794.21,8788.699999999999,8789.699999999999,100
2026-07-21T04:45:00+00:00,8789.699999999999,8789.72,8782.21,8782.22,59.99173553719008
2026-07-21T05:00:00+00:00,8782.22,8782.22,8773.199999999999,8773.72,98.19060052219322
2026-07-21T05:15:00+00:00,8773.72,8779.71,8769.21,8779.699999999999,172
2026-07-21T05:30:00+00:00,8779.699999999999,8783.72,8773.699999999999,8782.699999999999,168
2026-07-21T05:45:00+00:00,8782.699999999999,8782.72,8778.199999999999,8780.22,137
2026-07-21T06:00:00+00:00,8780.22,8785.32,8776.3,8780.81,318
2026-07-21T06:15:00+00:00,8780.81,8781.32,8775.3,8778.609999999999,175
2026-07-21T07:00:00+00:00,8779.96,8781.17,8772.67,8775.15,154
2026-07-21T07:15:00+00:00,8775.15,8778.17,8768.67,8771.66,312
2026-07-21T07:30:00+00:00,8771.66,8780.17,8766.65,8776.65,316
2026-07-21T07:45:00+00:00,8776.65,8787.17,8775.65,8785.66,302
2026-07-21T08:00:00+00:00,8785.66,8790.67,8784.15,8790.67,365
2026-07-21T08:15:00+00:00,8790.67,8791.67,8784.15,8788.15,291
2026-07-21T08:30:00+00:00,8788.15,8790.67,8783.16,8789.65,205
2026-07-21T08:45:00+00:00,8789.65,8789.66,8783.65,8785.17,178
2026-07-21T09:00:00+00:00,8785.17,8791.67,8784.67,8790.65,190
2026-07-21T09:15:00+00:00,8790.65,8795.17,8784.65,8785.15,196
2026-07-21T09:30:00+00:00,8785.15,8787.65,8781.65,8783.65,175
2026-07-21T09:45:00+00:00,8783.65,8787.15,8779.66,8780.67,168
2026-07-21T10:00:00+00:00,8780.67,8789.65,8775.66,8785.17,449
2026-07-21T10:15:00+00:00,8785.17,8785.67,8779.65,8779.66,154
2026-07-21T10:30:00+00:00,8779.66,8784.67,8775.65,8777.15,207.7977900552486
2026-07-21T10:45:00+00:00,8777.15,8777.15,8769.66,8770.65,238
2026-07-21T11:00:00+00:00,8770.65,8771.66,8762.16,8766.65,248
2026-07-21T11:15:00+00:00,8766.65,8772.17,8766.65,8770.66,169
2026-07-21T11:30:00+00:00,8770.66,8774.65,8766.66,8767.65,184
2026-07-21T11:45:00+00:00,8767.65,8769.67,8761.65,8763.65,172
2026-07-21T12:00:00+00:00,8763.65,8767.67,8762.66,8763.67,244
2026-07-21T12:15:00+00:00,8763.67,8764.66,8752.65,8753.17,363
2026-07-21T12:30:00+00:00,8753.17,8758.67,8742.65,8748.16,415
2026-07-21T12:45:00+00:00,8748.16,8756.67,8747.66,8753.66,274
2026-07-21T13:00:00+00:00,8753.66,8754.66,8747.65,8750.66,277
2026-07-21T13:15:00+00:00,8750.66,8754.17,8748.16,8752.66,242
2026-07-21T13:30:00+00:00,8752.66,8760.67,8723.67,8726.65,919
2026-07-21T13:45:00+00:00,8726.65,8746.65,8725.65,8745.16,865
2026-07-21T14:00:00+00:00,8745.16,8770.66,8745.16,8770.66,593
2026-07-21T14:15:00+00:00,8770.66,8776.66,8766.66,8774.65,466
2026-07-21T14:30:00+00:00,8774.65,8779.65,8767.15,8770.16,394
2026-07-21T14:45:00+00:00,8770.16,8777.17,8768.66,8768.66,418
2026-07-21T15:00:00+00:00,8768.66,8777.67,8763.15,8776.17,296
2026-07-21T15:15:00+00:00,8776.17,8782.15,8774.65,8776.66,306
2026-07-21T15:30:00+00:00,8776.66,8779.15,8771.15,8774.65,415
2026-07-21T15:45:00+00:00,8774.65,8777.67,8772.65,8773.65,175
2026-07-21T16:00:00+00:00,8773.65,8784.65,8773.65,8784.65,150
2026-07-21T16:15:00+00:00,8784.65,8790.16,8782.15,8788.17,153
2026-07-21T16:30:00+00:00,8788.17,8794.16,8788.15,8793.66,147.45063204646397
2026-07-21T16:45:00+00:00,8793.66,8797.67,8791.66,8795.65,106
2026-07-21T17:00:00+00:00,8795.65,8796.66,8791.15,8791.17,116
2026-07-21T17:15:00+00:00,8791.17,8791.67,8787.65,8788.67,95.60152671755725
2026-07-21T17:30:00+00:00,8788.67,8791.67,8788.15,8789.66,80.22300981461287
2026-07-21T17:45:00+00:00,8789.66,8792.17,8788.65,8792.15,71
2026-07-21T18:00:00+00:00,8792.15,8794.65,8790.65,8792.16,106
2026-07-21T18:15:00+00:00,8792.16,8793.66,8790.15,8793.65,115
2026-07-21T18:30:00+00:00,8793.65,8795.66,8792.17,8795.65,66
2026-07-21T18:45:00+00:00,8795.65,8796.67,8794.66,8795.65,69
2026-07-21T19:00:00+00:00,8795.65,8798.17,8793.15,8795.67,104.79921645445641
2026-07-21T19:15:00+00:00,8795.67,8796.67,8794.15,8794.67,81
2026-07-21T19:30:00+00:00,8794.67,8796.67,8792.66,8796.66,107.58061116965226
2026-07-21T19:45:00+00:00,8796.66,8805.66,8795.17,8803.15,356.81779661016947
2026-07-21T20:00:00+00:00,8803.15,8803.15,8798.65,8800.17,54
2026-07-21T20:15:00+00:00,8795.17,8795.17,8793.66,8794.66,22
2026-07-21T20:30:00+00:00,8794.66,8798.17,8794.65,8797.67,18
2026-07-21T20:45:00+00:00,8797.67,8798.67,8790.95,8796.47,33
2026-07-21T23:00:00+00:00,8789.21,8795.21,8787.21,8794.21,92.5967600917506
2026-07-21T23:15:00+00:00,8794.21,8794.21,8785.21,8787.21,168.58282143502987
2026-07-21T23:30:00+00:00,8787.21,8799.21,8786.21,8793.21,213.3114095038069
2026-07-21T23:45:00+00:00,8793.21,8809.82,8790.21,8806.34,435.88922536783207
2026-07-22T00:00:00+00:00,8806.34,8826.220000000001,8804.220000000001,8804.24,728
2026-07-22T00:15:00+00:00,8804.24,8816.730000000001,8798.730000000001,8816.730000000001,310
2026-07-22T00:30:00+00:00,8816.730000000001,8841.720000000001,8815.24,8839.720000000001,282
2026-07-22T00:45:00+00:00,8839.720000000001,8846.24,8830.730000000001,8832.220000000001,228
2026-07-22T01:00:00+00:00,8832.220000000001,8834.220000000001,8818.74,8819.220000000001,265
2026-07-22T01:15:00+00:00,8819.220000000001,8824.230000000001,8813.230000000001,8817.230000000001,217
2026-07-22T01:30:00+00:00,8817.230000000001,8818.24,8809.24,8814.24,176
2026-07-22T01:45:00+00:00,8814.24,8820.220000000001,8811.24,8815.220000000001,156
2026-07-22T02:00:00+00:00,8815.220000000001,8820.24,8810.230000000001,8817.24,209
2026-07-22T02:15:00+00:00,8817.24,8820.74,8813.730000000001,8819.24,151
2026-07-22T02:30:00+00:00,8819.24,8819.720000000001,8813.220000000001,8817.24,121
2026-07-22T02:45:00+00:00,8817.24,8829.230000000001,8816.230000000001,8829.230000000001,125
2026-07-22T03:00:00+00:00,8829.230000000001,8831.730000000001,8824.230000000001,8828.230000000001,125
2026-07-22T03:15:00+00:00,8828.230000000001,8837.74,8828.230000000001,8834.720000000001,91.90685019206146
2026-07-22T03:30:00+00:00,8834.720000000001,8835.74,8826.730000000001,8829.24,118
2026-07-22T03:45:00+00:00,8829.24,8832.24,8822.230000000001,8823.24,101
2026-07-22T04:00:00+00:00,8823.24,8827.24,8822.720000000001,8823.230000000001,94
2026-07-22T04:15:00+00:00,8823.230000000001,8824.230000000001,8818.720000000001,8822.230000000001,81
2026-07-22T04:30:00+00:00,8822.230000000001,8822.230000000001,8817.220000000001,8820.74,85.76483812949641
2026-07-22T04:45:00+00:00,8820.74,8822.24,8813.720000000001,8816.730000000001,97
2026-07-22T05:00:00+00:00,8816.730000000001,8820.24,8814.74,8818.230000000001,102
2026-07-22T05:15:00+00:00,8818.230000000001,8823.220000000001,8818.220000000001,8821.24,171.13610586011342
2026-07-22T05:30:00+00:00,8821.24,8825.230000000001,8817.720000000001,8823.24,188
2026-07-22T05:45:00+00:00,8823.24,8823.24,8816.220000000001,8820.220000000001,161
2026-07-22T06:00:00+00:00,8820.220000000001,8823.84,8814.82,8823.84,366
2026-07-22T06:15:00+00:00,8823.84,8823.84,8805.34,8812.12,270
2026-07-22T07:00:00+00:00,8806.01,8810.72,8795.23,8810.72,139
2026-07-22T07:15:00+00:00,8810.72,8813.72,8803.21,8811.23,278
2026-07-22T07:30:00+00:00,8811.23,8812.71,8794.72,8799.72,445
2026-07-22T07:45:00+00:00,8799.72,8803.72,8796.73,8803.72,347
2026-07-22T08:00:00+00:00,8803.72,8818.72,8802.71,8815.22,433
2026-07-22T08:15:00+00:00,8815.22,8831.23,8814.72,8831.23,346
2026-07-22T08:30:00+00:00,8831.23,8840.73,8831.23,8840.73,348
2026-07-22T08:45:00+00:00,8840.73,8849.21,8839.72,8848.72,230
2026-07-22T09:00:00+00:00,8848.72,8861.71,8847.71,8859.23,294
2026-07-22T09:15:00+00:00,8859.23,8863.73,8854.21,8854.21,254
2026-07-22T09:30:00+00:00,8854.21,8856.72,8846.73,8848.72,379
2026-07-22T09:45:00+00:00,8848.72,8848.73,8840.23,8844.21,337
2026-07-22T10:00:00+00:00,8844.21,8850.72,8843.72,8849.22,263
2026-07-22T10:15:00+00:00,8849.22,8858.23,8847.21,8856.22,487
2026-07-22T10:30:00+00:00,8856.22,8860.73,8853.21,8853.72,275
2026-07-22T10:45:00+00:00,8853.72,8857.23,8851.71,8851.72,263
2026-07-22T11:00:00+00:00,8851.72,8854.72,8847.71,8847.71,314
2026-07-22T11:15:00+00:00,8847.71,8849.73,8842.71,8845.22,201
2026-07-22T11:30:00+00:00,8845.22,8853.72,8834.73,8842.21,512
2026-07-22T11:45:00+00:00,8842.21,8851.71,8840.71,8843.22,389
2026-07-22T12:00:00+00:00,8843.22,8853.23,8842.71,8853.23,344
2026-07-22T12:15:00+00:00,8853.23,8854.23,8846.72,8852.73,231
2026-07-22T12:30:00+00:00,8852.73,8860.72,8852.72,8859.71,259
2026-07-22T12:45:00+00:00,8859.71,8860.23,8846.72,8855.72,443
2026-07-22T13:00:00+00:00,8855.72,8864.72,8855.21,8864.72,246
2026-07-22T13:15:00+00:00,8864.72,8874.73,8863.21,8873.73,213
2026-07-22T13:30:00+00:00,8873.73,8887.73,8873.72,8884.22,651
2026-07-22T13:45:00+00:00,8884.22,8894.73,8883.72,8891.71,309
2026-07-22T14:00:00+00:00,8891.71,8902.73,8884.22,8895.22,498
2026-07-22T14:15:00+00:00,8895.22,8896.73,8887.72,8889.21,460
2026-07-22T14:30:00+00:00,8889.21,8892.72,8879.72,8881.71,393
2026-07-22T14:45:00+00:00,8881.71,8885.73,8877.72,8882.72,315
2026-07-22T15:00:00+00:00,8882.72,8884.21,8877.21,8879.71,216
2026-07-22T15:15:00+00:00,8879.71,8879.73,8871.71,8876.22,189
2026-07-22T15:30:00+00:00,8876.22,8880.22,8872.71,8879.73,326
2026-07-22T15:45:00+00:00,8879.73,8883.71,8877.21,8879.71,182
2026-07-22T16:00:00+00:00,8879.71,8882.71,8877.22,8878.73,138
2026-07-22T16:15:00+00:00,8878.73,8879.23,8872.21,8875.22,121
2026-07-22T16:30:00+00:00,8875.22,8880.23,8874.73,8879.23,122
2026-07-22T16:45:00+00:00,8879.23,8880.23,8874.72,8880.23,123
2026-07-22T17:00:00+00:00,8880.23,8880.73,8873.72,8876.23,160
2026-07-22T17:15:00+00:00,8876.23,8876.73,8873.72,8875.23,117
2026-07-22T17:30:00+00:00,8875.23,8878.23,8874.71,8876.72,86
2026-07-22T17:45:00+00:00,8876.72,8880.23,8875.71,8876.73,103.82583258325832
2026-07-22T18:00:00+00:00,8876.73,8877.22,8870.71,8874.72,156
2026-07-22T18:15:00+00:00,8874.72,8882.72,8873.71,8877.71,186
2026-07-22T18:30:00+00:00,8877.71,8878.73,8873.22,8878.72,119
2026-07-22T18:45:00+00:00,8878.72,8882.73,8876.71,8881.73,146
2026-07-22T19:00:00+00:00,8881.73,8882.73,8874.23,8874.23,150
2026-07-22T19:15:00+00:00,8874.23,8876.73,8871.71,8875.71,128
2026-07-22T19:30:00+00:00,8875.71,8877.23,8873.22,8875.72,105
2026-07-22T19:45:00+00:00,8875.72,8881.22,8864.21,8870.21,307
2026-07-22T20:00:00+00:00,8870.21,8881.22,8870.21,8881.22,587
2026-07-22T20:15:00+00:00,8881.22,8881.72,8877.22,8878.71,68.95176848874598
2026-07-22T20:30:00+00:00,8878.71,8880.21,8876.22,8876.22,51.97012987012987
2026-07-22T20:45:00+00:00,8876.22,8878.72,8875.21,8876.21,70.5305706521739
2026-07-22T23:00:00+00:00,8865.31,8871.31,8858.31,8871.31,234.0323766267408
2026-07-22T23:15:00+00:00,8871.31,8874.31,8855.31,8862.31,105.42546206902334
2026-07-22T23:30:00+00:00,8862.31,8868.31,8859.31,8861.31,221.61808560647603
2026-07-22T23:45:00+00:00,8861.31,8878.31,8850.7,8858.7,604.6278609995234
2026-07-23T00:00:00+00:00,8858.7,8887.62,8857.1,8883.11,1216
2026-07-23T00:15:00+00:00,8883.11,8900.62,8877.61,8887.6,513
2026-07-23T00:30:00+00:00,8887.6,8890.62,8880.61,8883.6,346
2026-07-23T00:45:00+00:00,8883.6,8899.12,8879.11,8884.62,333
2026-07-23T01:00:00+00:00,8884.62,8900.62,8884.62,8899.11,363
2026-07-23T01:15:00+00:00,8899.11,8904.11,8884.1,8884.1,285
2026-07-23T01:30:00+00:00,8884.1,8884.6,8850.62,8856.12,958
2026-07-23T01:45:00+00:00,8856.12,8858.11,8849.6,8851.6,419
2026-07-23T02:00:00+00:00,8851.6,8863.12,8851.6,8861.62,253
2026-07-23T02:15:00+00:00,8861.62,8866.61,8854.61,8861.6,185
2026-07-23T02:30:00+00:00,8861.6,8866.12,8853.6,8853.62,196
2026-07-23T02:45:00+00:00,8853.62,8863.12,8853.62,8862.6,130
2026-07-23T03:00:00+00:00,8862.6,8862.62,8845.1,8847.11,202
2026-07-23T03:15:00+00:00,8847.11,8857.62,8846.6,8855.61,209
2026-07-23T03:30:00+00:00,8855.61,8860.12,8855.12,8859.62,258
2026-07-23T03:45:00+00:00,8859.62,8859.62,8849.6,8849.6,140
2026-07-23T04:00:00+00:00,8849.6,8850.62,8843.61,8850.62,175
2026-07-23T04:15:00+00:00,8850.62,8854.62,8848.6,8853.6,183
2026-07-23T04:30:00+00:00,8853.6,8858.61,8848.61,8855.6,147
2026-07-23T04:45:00+00:00,8855.6,8858.61,8841.6,8843.61,220
2026-07-23T05:00:00+00:00,8843.61,8843.62,8833.62,8837.12,300
2026-07-23T05:15:00+00:00,8837.12,8840.61,8831.6,8840.61,246
2026-07-23T05:30:00+00:00,8840.61,8841.62,8827.6,8828.61,251
2026-07-23T05:45:00+00:00,8828.61,8828.62,8814.61,8814.61,246
2026-07-23T06:00:00+00:00,8814.61,8814.61,8806.22,8812.72,281
2026-07-23T06:15:00+00:00,8812.72,8821.51,8810.2,8819.52,170
2026-07-23T07:00:00+00:00,8838.93,8838.93,8801.12,8812.12,283
2026-07-23T07:15:00+00:00,8812.12,8822.62,8811.11,8820.63,556
2026-07-23T07:30:00+00:00,8820.63,8821.61,8812.11,8813.62,523
2026-07-23T07:45:00+00:00,8813.62,8820.12,8808.61,8819.12,472
2026-07-23T08:00:00+00:00,8819.12,8827.63,8809.61,8822.12,506
2026-07-23T08:15:00+00:00,8822.12,8831.12,8819.61,8829.61,364
2026-07-23T08:30:00+00:00,8829.61,8829.63,8816.61,8818.11,312
2026-07-23T08:45:00+00:00,8818.11,8826.63,8817.61,8826.63,237
2026-07-23T09:00:00+00:00,8826.63,8837.63,8825.63,8825.63,443
2026-07-23T09:15:00+00:00,8825.63,8827.13,8816.61,8818.63,243
2026-07-23T09:30:00+00:00,8818.63,8824.63,8815.12,8824.12,267
2026-07-23T09:45:00+00:00,8824.12,8826.63,8817.13,8820.11,255
2026-07-23T10:00:00+00:00,8820.11,8824.63,8815.13,8817.13,290
2026-07-23T10:15:00+00:00,8817.13,8822.63,8815.63,8821.12,300
2026-07-23T10:30:00+00:00,8821.12,8830.61,8820.63,8828.63,393
2026-07-23T10:45:00+00:00,8828.63,8832.12,8826.61,8827.61,211
2026-07-23T11:00:00+00:00,8827.61,8831.62,8818.61,8819.61,235
2026-07-23T11:15:00+00:00,8819.61,8821.63,8805.12,8806.62,279
2026-07-23T11:30:00+00:00,8806.62,8807.63,8792.11,8795.61,562
2026-07-23T11:45:00+00:00,8795.61,8811.63,8794.61,8808.11,471
2026-07-23T12:00:00+00:00,8808.11,8808.62,8797.63,8797.63,310
2026-07-23T12:15:00+00:00,8797.63,8803.12,8786.61,8788.12,659
2026-07-23T12:30:00+00:00,8788.12,8788.12,8769.11,8771.63,581
2026-07-23T12:45:00+00:00,8771.63,8779.61,8767.61,8768.62,756
2026-07-23T13:00:00+00:00,8768.62,8769.12,8752.63,8757.61,854
2026-07-23T13:15:00+00:00,8757.61,8763.63,8754.61,8760.13,673
2026-07-23T13:30:00+00:00,8760.13,8788.63,8757.61,8785.11,1200
2026-07-23T13:45:00+00:00,8785.11,8789.11,8774.12,8774.12,1047
2026-07-23T14:00:00+00:00,8774.12,8792.13,8772.11,8789.12,1492
2026-07-23T14:15:00+00:00,8789.12,8793.61,8776.11,8788.12,1412
2026-07-23T14:30:00+00:00,8788.12,8795.12,8778.11,8782.11,1056
2026-07-23T14:45:00+00:00,8782.11,8788.11,8776.61,8786.13,761
2026-07-23T15:00:00+00:00,8786.13,8787.62,8771.12,8773.13,655
2026-07-23T15:15:00+00:00,8773.13,8776.63,8761.63,8765.12,795
2026-07-23T15:30:00+00:00,8765.12,8783.12,8760.61,8775.61,915
2026-07-23T15:45:00+00:00,8775.61,8777.63,8773.11,8776.11,502
2026-07-23T16:00:00+00:00,8776.11,8782.61,8772.11,8780.63,416
2026-07-23T16:15:00+00:00,8780.63,8791.11,8780.63,8790.11,297
2026-07-23T16:30:00+00:00,8790.11,8790.13,8784.11,8784.11,296
2026-07-23T16:45:00+00:00,8784.11,8785.63,8779.61,8785.63,302
2026-07-23T17:00:00+00:00,8785.63,8788.63,8778.62,8783.61,453
2026-07-23T17:15:00+00:00,8783.61,8786.62,8780.13,8783.61,427
2026-07-23T17:30:00+00:00,8783.61,8784.63,8775.61,8778.13,413
2026-07-23T17:45:00+00:00,8778.13,8781.63,8774.61,8774.62,389
2026-07-23T18:00:00+00:00,8774.62,8775.63,8771.61,8771.62,402.2303969022265
2026-07-23T18:15:00+00:00,8771.62,8780.61,8771.13,8779.61,334
2026-07-23T18:30:00+00:00,8779.61,8782.61,8776.61,8777.62,298
2026-07-23T18:45:00+00:00,8777.62,8780.61,8772.63,8774.13,231
2026-07-23T19:00:00+00:00,8774.13,8778.62,8771.61,8772.62,232
2026-07-23T19:15:00+00:00,8772.62,8783.63,8771.62,8782.61,220
2026-07-23T19:30:00+00:00,8782.61,8785.62,8776.11,8776.62,256
2026-07-23T19:45:00+00:00,8776.62,8786.63,8771.61,8784.62,351
2026-07-23T20:00:00+00:00,8784.62,8797.63,8784.61,8796.62,170
2026-07-23T20:15:00+00:00,8796.62,8796.62,8791.61,8793.62,75
2026-07-23T20:30:00+00:00,8793.62,8795.13,8792.11,8792.11,48.98207088794977
2026-07-23T20:45:00+00:00,8792.11,8793.93,8789.11,8793.93,63
2026-07-23T23:00:00+00:00,8781.61,8782.61,8775.61,8775.61,235.19077171413525
2026-07-23T23:15:00+00:00,8775.61,8780.61,8775.61,8778.61,120.06035040117243
2026-07-23T23:30:00+00:00,8778.61,8784.61,8774.61,8783.61,363.6782972512023
2026-07-23T23:45:00+00:00,8783.61,8799.98,8768.08,8779.59,868.9595395585038
2026-07-24T00:00:00+00:00,8779.59,8786.99,8758.970000000001,8758.970000000001,1304
2026-07-24T00:15:00+00:00,8758.970000000001,8774.98,8756.49,8771.99,624
2026-07-24T00:30:00+00:00,8771.99,8779.98,8769.970000000001,8775.98,391
2026-07-24T00:45:00+00:00,8775.98,8779.49,8769.470000000001,8779.49,260
2026-07-24T01:00:00+00:00,8779.49,8791.99,8778.970000000001,8787.470000000001,373
2026-07-24T01:15:00+00:00,8787.470000000001,8800.99,8786.48,8792.99,363
2026-07-24T01:30:00+00:00,8792.99,8798.49,8789.970000000001,8790.99,290
2026-07-24T01:45:00+00:00,8790.99,8790.99,8774.970000000001,8775.98,242
2026-07-24T02:00:00+00:00,8775.98,8779.98,8768.970000000001,8773.49,284
2026-07-24T02:15:00+00:00,8773.49,8775.49,8761.99,8765.99,231
2026-07-24T02:30:00+00:00,8765.99,8765.99,8751.970000000001,8752.470000000001,232
2026-07-24T02:45:00+00:00,8752.470000000001,8752.470000000001,8722.99,8723.99,414
2026-07-24T03:00:00+00:00,8723.99,8731.99,8719.98,8723.49,387
2026-07-24T03:15:00+00:00,8723.49,8740.970000000001,8723.49,8737.98,333
2026-07-24T03:30:00+00:00,8737.98,8740.970000000001,8732.970000000001,8736.48,451
2026-07-24T03:45:00+00:00,8736.48,8738.98,8733.970000000001,8734.970000000001,244
2026-07-24T04:00:00+00:00,8734.970000000001,8743.99,8733.970000000001,8735.49,284
2026-07-24T04:15:00+00:00,8735.49,8746.98,8732.970000000001,8745.970000000001,403
2026-07-24T04:30:00+00:00,8745.970000000001,8745.99,8737.470000000001,8738.99,223
2026-07-24T04:45:00+00:00,8738.99,8748.970000000001,8737.970000000001,8747.98,207
2026-07-24T05:00:00+00:00,8747.98,8754.49,8745.48,8750.98,295
2026-07-24T05:15:00+00:00,8750.98,8758.99,8748.970000000001,8755.970000000001,208
2026-07-24T05:30:00+00:00,8755.970000000001,8757.99,8751.970000000001,8754.99,340
2026-07-24T05:45:00+00:00,8754.99,8756.99,8745.99,8746.970000000001,214
2026-07-24T06:00:00+00:00,8746.970000000001,8749.59,8741.57,8745.59,395
2026-07-24T06:15:00+00:00,8745.59,8753.59,8742.59,8746.380000000001,264
2026-07-24T07:00:00+00:00,8757.71,8789.91,8757.71,8786.91,156
2026-07-24T07:15:00+00:00,8786.91,8797.4,8784.89,8797.4,361
2026-07-24T07:30:00+00:00,8797.4,8798.9,8786.89,8789.41,363
2026-07-24T07:45:00+00:00,8789.41,8790.41,8783.89,8787.89,290
2026-07-24T08:00:00+00:00,8787.89,8787.9,8780.39,8780.91,415
2026-07-24T08:15:00+00:00,8780.91,8791.41,8779.4,8791.41,364
2026-07-24T08:30:00+00:00,8791.41,8796.91,8788.9,8790.4,339
2026-07-24T08:45:00+00:00,8790.4,8793.9,8788.39,8790.91,280
2026-07-24T09:00:00+00:00,8790.91,8797.9,8788.89,8791.4,296
2026-07-24T09:15:00+00:00,8791.4,8796.41,8788.39,8794.41,237
2026-07-24T09:30:00+00:00,8794.41,8801.4,8791.41,8799.9,218
2026-07-24T09:45:00+00:00,8799.9,8802.4,8798.89,8801.4,167
2026-07-24T10:00:00+00:00,8801.4,8803.41,8797.39,8798.4,187
2026-07-24T10:15:00+00:00,8798.4,8800.4,8791.4,8796.91,143
2026-07-24T10:30:00+00:00,8796.91,8803.41,8796.39,8798.39,193
2026-07-24T10:45:00+00:00,8798.39,8799.41,8791.89,8793.4,162.53282691264243
2026-07-24T11:00:00+00:00,8793.4,8798.4,8787.9,8788.89,239
2026-07-24T11:15:00+00:00,8788.89,8792.41,8786.9,8791.4,139
2026-07-24T11:30:00+00:00,8791.4,8793.4,8785.4,8787.4,223
2026-07-24T11:45:00+00:00,8787.4,8804.89,8786.39,8799.9,488
2026-07-24T12:00:00+00:00,8799.9,8802.9,8790.4,8801.4,469
2026-07-24T12:15:00+00:00,8801.4,8803.41,8790.89,8795.9,316
2026-07-24T12:30:00+00:00,8795.9,8797.9,8791.39,8791.91,250
2026-07-24T12:45:00+00:00,8791.91,8793.41,8780.39,8782.9,244
2026-07-24T13:00:00+00:00,8782.9,8792.4,8782.89,8792.39,245
2026-07-24T13:15:00+00:00,8792.39,8801.4,8791.89,8799.4,241
2026-07-24T13:30:00+00:00,8799.4,8801.9,8787.4,8796.4,763
2026-07-24T13:45:00+00:00,8796.4,8809.41,8792.4,8798.39,668
2026-07-24T14:00:00+00:00,8798.39,8813.39,8796.89,8810.91,686
2026-07-24T14:15:00+00:00,8810.91,8811.91,8796.39,8797.41,748
2026-07-24T14:30:00+00:00,8797.41,8802.9,8790.89,8792.39,690
2026-07-24T14:45:00+00:00,8792.39,8800.41,8785.39,8799.89,569
2026-07-24T15:00:00+00:00,8799.89,8818.9,8793.39,8817.4,903
2026-07-24T15:15:00+00:00,8817.4,8828.41,8814.91,8825.39,1331
2026-07-24T15:30:00+00:00,8825.39,8834.9,8822.4,8829.41,717
2026-07-24T15:45:00+00:00,8829.41,8832.4,8826.39,8828.89,423
2026-07-24T16:00:00+00:00,8828.89,8833.91,8827.4,8831.91,304
2026-07-24T16:15:00+00:00,8831.91,8834.41,8830.39,8831.91,245
2026-07-24T16:30:00+00:00,8831.91,8831.91,8819.9,8820.4,292
2026-07-24T16:45:00+00:00,8820.4,8822.91,8815.4,8820.89,331
2026-07-24T17:00:00+00:00,8820.89,8821.91,8810.89,8816.9,477
2026-07-24T17:15:00+00:00,8816.9,8824.41,8815.39,8824.39,294
2026-07-24T17:30:00+00:00,8824.39,8825.41,8817.9,8818.39,258
2026-07-24T17:45:00+00:00,8818.39,8819.4,8814.4,8816.39,272
2026-07-24T18:00:00+00:00,8816.39,8818.4,8813.89,8813.91,250
2026-07-24T18:15:00+00:00,8813.91,8814.41,8806.91,8807.39,288
2026-07-24T18:30:00+00:00,8807.39,8808.41,8800.39,8802.39,494
2026-07-24T18:45:00+00:00,8802.39,8806.91,8801.89,8804.91,284
2026-07-24T19:00:00+00:00,8804.91,8806.41,8797.91,8797.91,375
2026-07-24T19:15:00+00:00,8797.91,8801.41,8796.39,8799.41,369
2026-07-24T19:30:00+00:00,8799.41,8806.91,8799.39,8805.89,506
2026-07-24T19:45:00+00:00,8805.89,8808.41,8802.39,8808.41,371
2026-07-24T20:00:00+00:00,8808.41,8811.41,8805.9,8805.91,99
2026-07-24T20:15:00+00:00,8805.91,8808.9,8804.9,8804.9,41
2026-07-24T20:30:00+00:00,8804.9,8805.41,8801.89,8804.9,63
2026-07-26T23:45:00+00:00,8804.9,8863.98,8804.9,8855.96,283
2026-07-27T00:00:00+00:00,8855.96,8866.38,8847.87,8850.87,1125
2026-07-27T00:15:00+00:00,8850.87,8855.87,8836.36,8841.38,547
2026-07-27T00:30:00+00:00,8841.38,8851.88,8837.86,8844.88,336
2026-07-27T00:45:00+00:00,8844.88,8845.38,8834.36,8838.37,284
2026-07-27T01:00:00+00:00,8838.37,8850.87,8836.87,8845.86,407
2026-07-27T01:15:00+00:00,8845.86,8850.36,8830.38,8835.86,384
2026-07-27T01:30:00+00:00,8835.86,8848.88,8835.86,8843.86,491
2026-07-27T01:45:00+00:00,8843.86,8855.88,8842.36,8853.86,355
2026-07-27T02:00:00+00:00,8853.86,8860.38,8852.87,8855.86,217
2026-07-27T02:15:00+00:00,8855.86,8862.88,8855.86,8860.87,224
2026-07-27T02:30:00+00:00,8860.87,8860.88,8853.38,8860.36,162
2026-07-27T02:45:00+00:00,8860.36,8862.87,8858.36,8862.87,93
2026-07-27T03:00:00+00:00,8862.87,8869.86,8861.86,8869.36,143
2026-07-27T03:15:00+00:00,8869.36,8873.88,8865.36,8865.37,79
2026-07-27T03:30:00+00:00,8865.37,8867.88,8862.36,8864.38,126
2026-07-27T03:45:00+00:00,8864.38,8865.86,8860.86,8863.86,99
2026-07-27T04:00:00+00:00,8863.86,8871.38,8863.86,8871.38,99
2026-07-27T04:15:00+00:00,8871.38,8877.38,8869.37,8875.88,139
2026-07-27T04:30:00+00:00,8875.88,8881.86,8871.86,8880.87,108
2026-07-27T04:45:00+00:00,8880.87,8884.88,8879.86,8879.87,101
2026-07-27T05:00:00+00:00,8879.87,8893.88,8879.86,8892.88,155
2026-07-27T05:15:00+00:00,8892.88,8892.88,8885.86,8886.86,104.74407060121345
2026-07-27T05:30:00+00:00,8886.86,8888.87,8881.36,8881.88,112
2026-07-27T05:45:00+00:00,8881.88,8886.36,8881.88,8885.38,83.74382157926462
2026-07-27T06:00:00+00:00,8885.38,8894.48,8884.48,8889.48,294
2026-07-27T06:15:00+00:00,8889.48,8890.48,8882.46,8884.26,157
2026-07-27T07:00:00+00:00,8884.76,8886.46,8878.96,8885.97,102
2026-07-27T07:15:00+00:00,8885.97,8886.46,8875.97,8878.48,253
2026-07-27T07:30:00+00:00,8878.48,8880.48,8872.96,8876.46,244
2026-07-27T07:45:00+00:00,8876.46,8882.47,8868.96,8868.96,252
2026-07-27T08:00:00+00:00,8868.96,8872.48,8859.97,8868.96,542
2026-07-27T08:15:00+00:00,8868.96,8870.98,8863.96,8869.98,291
2026-07-27T08:30:00+00:00,8869.98,8880.48,8866.97,8879.96,291
2026-07-27T08:45:00+00:00,8879.96,8884.98,8877.46,8884.97,246
2026-07-27T09:00:00+00:00,8884.97,8884.97,8879.48,8880.96,192
2026-07-27T09:15:00+00:00,8880.96,8891.98,8880.96,8888.47,192
2026-07-27T09:30:00+00:00,8888.47,8892.98,8885.46,8887.47,198
2026-07-27T09:45:00+00:00,8887.47,8891.98,8885.96,8887.96,174
2026-07-27T10:00:00+00:00,8887.96,8889.98,8881.46,8885.98,235
2026-07-27T10:15:00+00:00,8885.98,8888.96,8882.96,8884.98,119
2026-07-27T10:30:00+00:00,8884.98,8886.98,8880.98,8886.47,89
2026-07-27T10:45:00+00:00,8886.47,8891.98,8885.97,8886.47,115
2026-07-27T11:00:00+00:00,8886.47,8889.98,8886.47,8888.46,142
2026-07-27T11:15:00+00:00,8888.46,8889.47,8880.46,8880.97,162
2026-07-27T11:30:00+00:00,8880.97,8887.98,8879.46,8880.48,280
2026-07-27T11:45:00+00:00,8880.48,8880.98,8874.46,8878.47,137
2026-07-27T12:00:00+00:00,8878.47,8880.48,8864.97,8864.97,249
2026-07-27T12:15:00+00:00,8864.97,8873.98,8864.96,8871.98,223
2026-07-27T12:30:00+00:00,8871.98,8873.48,8867.97,8871.97,205
2026-07-27T12:45:00+00:00,8871.97,8873.98,8865.48,8870.47,244
2026-07-27T13:00:00+00:00,8870.47,8871.97,8863.46,8869.46,279
2026-07-27T13:15:00+00:00,8869.46,8871.98,8865.97,8865.97,212
2026-07-27T13:30:00+00:00,8865.97,8874.47,8854.46,8868.97,749
2026-07-27T13:45:00+00:00,8868.97,8878.48,8852.96,8853.98,594
2026-07-27T14:00:00+00:00,8853.98,8864.48,8850.98,8853.96,782
2026-07-27T14:15:00+00:00,8853.96,8858.98,8840.96,8841.46,678
2026-07-27T14:30:00+00:00,8841.46,8844.98,8830.96,8832.48,1021
2026-07-27T14:45:00+00:00,8832.48,8861.97,8832.48,8861.48,833
2026-07-27T15:00:00+00:00,8861.48,8862.47,8850.98,8855.47,610
2026-07-27T15:15:00+00:00,8855.47,8859.47,8848.96,8851.47,689
2026-07-27T15:30:00+00:00,8851.47,8851.96,8837.96,8841.46,721
2026-07-27T15:45:00+00:00,8841.46,8841.98,8835.46,8838.48,654
2026-07-27T16:00:00+00:00,8838.48,8843.48,8834.96,8836.97,413
2026-07-27T16:15:00+00:00,8836.97,8857.48,8834.46,8850.98,902
2026-07-27T16:30:00+00:00,8850.98,8859.97,8849.96,8851.46,513
2026-07-27T16:45:00+00:00,8851.46,8853.98,8838.96,8839.96,460
2026-07-27T17:00:00+00:00,8839.96,8841.48,8831.96,8837.96,438
2026-07-27T17:15:00+00:00,8837.96,8842.97,8834.96,8838.98,316
2026-07-27T17:30:00+00:00,8838.98,8845.97,8838.46,8842.98,348
2026-07-27T17:45:00+00:00,8842.98,8848.98,8841.46,8848.98,298
2026-07-27T18:00:00+00:00,8848.98,8848.98,8844.97,8846.98,317
2026-07-27T18:15:00+00:00,8846.98,8847.98,8842.96,8847.98,271
2026-07-27T18:30:00+00:00,8847.98,8847.98,8839.97,8845.47,324
2026-07-27T18:45:00+00:00,8845.47,8854.98,8844.46,8854.98,322
2026-07-27T19:00:00+00:00,8854.98,8862.48,8853.46,8860.48,321
2026-07-27T19:15:00+00:00,8860.48,8868.97,8860.48,8868.97,167
2026-07-27T19:30:00+00:00,8868.97,8870.47,8862.96,8865.96,197
2026-07-27T19:45:00+00:00,8865.96,8866.46,8858.96,8862.46,352
2026-07-27T20:00:00+00:00,8862.46,8864.97,8857.96,8859.98,80
2026-07-27T20:15:00+00:00,8859.98,8861.96,8858.46,8861.48,36
2026-07-27T20:30:00+00:00,8861.48,8864.96,8861.46,8863.48,40
2026-07-27T20:45:00+00:00,8863.48,8864.26,8861.96,8863.26,43
2026-07-27T23:00:00+00:00,8851.31,8854.31,8844.31,8850.31,192.81519829263482
2026-07-27T23:15:00+00:00,8850.31,8858.31,8848.31,8857.31,160.7190463455368
2026-07-27T23:30:00+00:00,8857.31,8858.31,8848.31,8851.31,228.8583618780555
2026-07-27T23:45:00+00:00,8851.31,8851.31,8825.92,8834.92,569.6221155121208
2026-07-28T00:00:00+00:00,8834.92,8853.34,8829.84,8839.84,868
2026-07-28T00:15:00+00:00,8839.84,8847.82,8830.83,8846.83,621
2026-07-28T00:30:00+00:00,8846.83,8856.83,8836.83,8856.83,371
2026-07-28T00:45:00+00:00,8856.83,8856.83,8842.83,8845.34,282
2026-07-28T01:00:00+00:00,8845.34,8847.84,8835.32,8839.32,385
2026-07-28T01:15:00+00:00,8839.32,8855.33,8839.32,8851.84,272
2026-07-28T01:30:00+00:00,8851.84,8858.82,8845.82,8849.82,252
2026-07-28T01:45:00+00:00,8849.82,8849.82,8833.84,8836.84,226
2026-07-28T02:00:00+00:00,8836.84,8844.34,8836.33,8839.84,211
2026-07-28T02:15:00+00:00,8839.84,8846.84,8834.83,8837.84,198
2026-07-28T02:30:00+00:00,8837.84,8842.84,8835.82,8839.32,195
2026-07-28T02:45:00+00:00,8839.32,8851.84,8837.32,8851.34,172
2026-07-28T03:00:00+00:00,8851.34,8861.82,8845.34,8860.32,270
2026-07-28T03:15:00+00:00,8860.32,8879.84,8859.82,8867.32,304
2026-07-28T03:30:00+00:00,8867.32,8912.84,8865.83,8912.84,740
2026-07-28T03:45:00+00:00,8912.84,8922.34,8907.82,8920.34,478
2026-07-28T04:00:00+00:00,8920.34,8927.84,8907.82,8908.84,457
2026-07-28T04:15:00+00:00,8908.84,8912.83,8907.33,8910.83,224
2026-07-28T04:30:00+00:00,8910.83,8915.84,8906.32,8915.83,267
2026-07-28T04:45:00+00:00,8915.83,8919.82,8909.32,8909.84,148
2026-07-28T05:00:00+00:00,8909.84,8915.82,8905.32,8912.83,359
2026-07-28T05:15:00+00:00,8912.83,8919.84,8911.83,8917.84,308
2026-07-28T05:30:00+00:00,8917.84,8917.84,8907.84,8910.33,269.308416240925
2026-07-28T05:45:00+00:00,8910.33,8918.83,8908.82,8917.34,152
2026-07-28T06:00:00+00:00,8917.34,8930.429999999998,8916.92,8924.92,448
2026-07-28T06:15:00+00:00,8924.92,8933.429999999998,8923.439999999999,8928.22,268
2026-07-28T07:00:00+00:00,8950.17,8961.89,8950.17,8960.39,138
2026-07-28T07:15:00+00:00,8960.39,8975.37,8959.88,8966.87,345
2026-07-28T07:30:00+00:00,8966.87,8968.39,8959.37,8959.37,270
2026-07-28T07:45:00+00:00,8959.37,8961.39,8952.87,8953.38,280
2026-07-28T08:00:00+00:00,8953.38,8957.39,8947.87,8948.89,556
2026-07-28T08:15:00+00:00,8948.89,8964.37,8947.88,8962.87,537
2026-07-28T08:30:00+00:00,8962.87,8966.88,8956.39,8964.88,342
2026-07-28T08:45:00+00:00,8964.88,8969.38,8958.37,8960.89,304
2026-07-28T09:00:00+00:00,8960.89,8965.88,8959.37,8959.89,264
2026-07-28T09:15:00+00:00,8959.89,8964.39,8958.38,8964.39,172
2026-07-28T09:30:00+00:00,8964.39,8964.39,8953.39,8953.39,212
2026-07-28T09:45:00+00:00,8953.39,8958.38,8946.38,8949.89,214
2026-07-28T10:00:00+00:00,8949.89,8952.39,8946.37,8947.89,256
2026-07-28T10:15:00+00:00,8947.89,8949.87,8942.37,8946.37,215
2026-07-28T10:30:00+00:00,8946.37,8947.37,8936.37,8939.39,415
2026-07-28T10:45:00+00:00,8939.39,8946.89,8938.87,8945.88,321
2026-07-28T11:00:00+00:00,8945.88,8948.88,8936.37,8937.37,379
2026-07-28T11:15:00+00:00,8937.37,8949.88,8936.87,8943.37,525
2026-07-28T11:30:00+00:00,8943.37,8953.38,8940.37,8943.88,329
2026-07-28T11:45:00+00:00,8943.88,8951.37,8942.89,8949.88,296
2026-07-28T12:00:00+00:00,8949.88,8959.37,8947.38,8959.37,245
2026-07-28T12:15:00+00:00,8959.37,8965.89,8957.37,8964.39,198
2026-07-28T12:30:00+00:00,8964.39,8966.38,8958.37,8964.88,337
2026-07-28T12:45:00+00:00,8964.88,8967.38,8962.87,8963.38,231
2026-07-28T13:00:00+00:00,8963.38,8963.38,8954.37,8960.38,232
2026-07-28T13:15:00+00:00,8960.38,8968.38,8958.39,8961.87,215
2026-07-28T13:30:00+00:00,8961.87,8970.38,8954.37,8960.88,765
2026-07-28T13:45:00+00:00,8960.88,8976.38,8953.89,8973.89,737
2026-07-28T14:00:00+00:00,8973.89,8989.39,8969.37,8981.37,695
2026-07-28T14:15:00+00:00,8981.37,8996.39,8976.87,8995.87,706
2026-07-28T14:30:00+00:00,8995.87,8998.39,8987.87,8994.87,790
2026-07-28T14:45:00+00:00,8994.87,9007.39,8992.37,8994.87,435
2026-07-28T15:00:00+00:00,8994.87,9012.39,8991.37,9010.39,591
2026-07-28T15:15:00+00:00,9010.39,9034.39,9009.87,9028.37,765
2026-07-28T15:30:00+00:00,9028.37,9034.38,9024.39,9033.88,464
2026-07-28T15:45:00+00:00,9033.88,9039.39,9033.39,9039.37,335
2026-07-28T16:00:00+00:00,9039.37,9040.39,9032.87,9035.38,203
2026-07-28T16:15:00+00:00,9035.38,9036.89,9032.37,9032.38,209
2026-07-28T16:30:00+00:00,9032.38,9035.39,9029.87,9034.38,201
2026-07-28T16:45:00+00:00,9034.38,9037.39,9027.37,9037.38,196
2026-07-28T17:00:00+00:00,9037.38,9037.39,9025.87,9027.39,227
2026-07-28T17:15:00+00:00,9027.39,9032.39,9023.39,9026.38,288
2026-07-28T17:30:00+00:00,9026.38,9029.38,9019.87,9020.37,188
2026-07-28T17:45:00+00:00,9020.37,9024.39,9019.38,9024.39,175
2026-07-28T18:00:00+00:00,9024.39,9025.89,9019.37,9019.37,216
2026-07-28T18:15:00+00:00,9019.37,9022.39,9018.37,9021.37,190
2026-07-28T18:30:00+00:00,9021.37,9026.39,9020.89,9024.39,214
2026-07-28T18:45:00+00:00,9024.39,9028.39,9023.37,9026.87,247
2026-07-28T19:00:00+00:00,9026.87,9032.38,9026.37,9027.37,147
2026-07-28T19:15:00+00:00,9027.37,9035.38,9026.38,9031.37,150
2026-07-28T19:30:00+00:00,9031.37,9032.88,9025.88,9028.37,108
2026-07-28T19:45:00+00:00,9028.37,9028.89,9022.37,9023.37,181
2026-07-28T20:00:00+00:00,9023.37,9025.39,9021.87,9025.39,134
2026-07-28T20:15:00+00:00,9025.39,9027.88,9023.39,9026.39,49
2026-07-28T20:30:00+00:00,9026.39,9026.88,9021.87,9022.38,77
2026-07-28T20:45:00+00:00,9022.38,9025.89,9020.67,9020.67,70
2026-07-28T23:00:00+00:00,9006.91,9025.41,8999.91,9024.41,299.81297543908033
2026-07-28T23:15:00+00:00,9024.41,9030.41,9007.41,9010.41,269.4706981289978
2026-07-28T23:30:00+00:00,9010.41,9040.78,9005.41,9037.65,363.73144811669545
2026-07-28T23:45:00+00:00,9037.65,9039.41,9015.13,9017.13,663.8754828096882
2026-07-29T00:00:00+00:00,9017.13,9059.05,9017.13,9058.03,1197
2026-07-29T00:15:00+00:00,9058.03,9077.55,9051.53,9077.55,835
2026-07-29T00:30:00+00:00,9077.55,9087.039999999999,9062.53,9066.539999999999,676
2026-07-29T00:45:00+00:00,9066.539999999999,9070.05,9057.55,9063.539999999999,634
2026-07-29T01:00:00+00:00,9063.539999999999,9070.53,9050.039999999999,9058.53,655
2026-07-29T01:15:00+00:00,9058.53,9070.539999999999,9056.03,9064.55,631
2026-07-29T01:30:00+00:00,9064.55,9103.55,9064.039999999999,9088.05,1489
2026-07-29T01:45:00+00:00,9088.05,9095.05,9073.53,9076.05,710
2026-07-29T02:00:00+00:00,9076.05,9084.55,9068.03,9076.55,753
2026-07-29T02:15:00+00:00,9076.55,9085.53,9068.53,9069.55,595
2026-07-29T02:30:00+00:00,9069.55,9079.55,9059.039999999999,9065.55,948
2026-07-29T02:45:00+00:00,9065.55,9065.55,9047.539999999999,9049.55,484
2026-07-29T03:00:00+00:00,9049.55,9055.55,9042.539999999999,9046.05,546
2026-07-29T03:15:00+00:00,9046.05,9060.539999999999,9045.55,9056.53,273
2026-07-29T03:30:00+00:00,9056.53,9060.039999999999,9051.53,9056.03,360
2026-07-29T03:45:00+00:00,9056.03,9064.55,9053.039999999999,9054.53,244
2026-07-29T04:00:00+00:00,9054.53,9055.05,9044.53,9046.03,531
2026-07-29T04:15:00+00:00,9046.03,9054.05,9037.53,9050.03,586
2026-07-29T04:30:00+00:00,9050.03,9058.55,9050.03,9051.55,395
2026-07-29T04:45:00+00:00,9051.55,9063.05,9050.03,9062.55,399
2026-07-29T05:00:00+00:00,9062.55,9066.55,9061.53,9064.539999999999,447
2026-07-29T05:15:00+00:00,9064.539999999999,9067.05,9061.039999999999,9061.039999999999,217
2026-07-29T05:30:00+00:00,9061.039999999999,9061.539999999999,9050.53,9053.55,238
2026-07-29T05:45:00+00:00,9053.55,9060.539999999999,9048.53,9057.039999999999,300
2026-07-29T06:00:00+00:00,9057.039999999999,9063.15,9046.14,9050.14,426
2026-07-29T06:15:00+00:00,9050.14,9058.449999999999,9049.14,9058.449999999999,288
2026-07-29T07:00:00+00:00,9043.71,9066.39,9043.71,9064.89,132
2026-07-29T07:15:00+00:00,9064.89,9064.91,9057.41,9061.91,233
2026-07-29T07:30:00+00:00,9061.91,9071.91,9057.39,9069.41,408
2026-07-29T07:45:00+00:00,9069.41,9073.9,9062.91,9066.41,316
2026-07-29T08:00:00+00:00,9066.41,9070.91,9060.89,9060.9,489
2026-07-29T08:15:00+00:00,9060.9,9064.89,9052.89,9056.4,473
2026-07-29T08:30:00+00:00,9056.4,9063.4,9055.89,9062.41,405
2026-07-29T08:45:00+00:00,9062.41,9068.91,9062.39,9062.89,305
2026-07-29T09:00:00+00:00,9062.89,9065.9,9060.4,9064.41,333
2026-07-29T09:15:00+00:00,9064.41,9065.41,9057.41,9058.89,235
2026-07-29T09:30:00+00:00,9058.89,9065.91,9057.39,9064.41,280
2026-07-29T09:45:00+00:00,9064.41,9073.41,9061.4,9064.39,304
2026-07-29T10:00:00+00:00,9064.39,9069.41,9061.39,9065.39,410
2026-07-29T10:15:00+00:00,9065.39,9068.39,9062.39,9066.89,284
2026-07-29T10:30:00+00:00,9066.89,9067.91,9058.91,9062.89,331
2026-07-29T10:45:00+00:00,9062.89,9063.41,9053.89,9056.89,305
2026-07-29T11:00:00+00:00,9056.89,9070.91,9056.89,9067.41,265
2026-07-29T11:15:00+00:00,9067.41,9068.41,9061.9,9065.4,163
2026-07-29T11:30:00+00:00,9065.4,9066.4,9059.89,9065.89,183
2026-07-29T11:45:00+00:00,9065.89,9072.89,9062.41,9067.41,267
2026-07-29T12:00:00+00:00,9067.41,9070.4,9059.39,9060.9,280
2026-07-29T12:15:00+00:00,9060.9,9062.41,9040.4,9044.91,1254
2026-07-29T12:30:00+00:00,9044.91,9050.4,9040.89,9049.4,426
2026-07-29T12:45:00+00:00,9049.4,9049.4,9043.39,9046.9,258
2026-07-29T13:00:00+00:00,9046.9,9046.9,9033.39,9036.41,353
2026-07-29T13:15:00+00:00,9036.41,9044.89,9031.89,9037.9,283
2026-07-29T13:30:00+00:00,9037.9,9044.9,9030.91,9034.89,874
2026-07-29T13:45:00+00:00,9034.89,9035.4,9021.91,9029.89,832
2026-07-29T14:00:00+00:00,9029.89,9035.41,9020.9,9028.4,923
2026-07-29T14:15:00+00:00,9028.4,9037.4,9024.4,9026.9,1033
2026-07-29T14:30:00+00:00,9026.9,9029.4,9008.89,9011.9,783
2026-07-29T14:45:00+00:00,9011.9,9017.41,9009.39,9014.9,856
2026-07-29T15:00:00+00:00,9014.9,9027.4,9010.9,9025.4,623
2026-07-29T15:15:00+00:00,9025.4,9032.41,9022.9,9025.89,694
2026-07-29T15:30:00+00:00,9025.89,9028.9,9012.89,9014.9,620
2026-07-29T15:45:00+00:00,9014.9,9020.41,9009.39,9014.91,574
2026-07-29T16:00:00+00:00,9014.91,9017.4,9002.39,9002.39,556
2026-07-29T16:15:00+00:00,9002.39,9014.4,9001.4,9014.4,526
2026-07-29T16:30:00+00:00,9014.4,9016.91,9010.4,9012.4,371
2026-07-29T16:45:00+00:00,9012.4,9021.41,9011.39,9021.41,461
2026-07-29T17:00:00+00:00,9021.41,9035.91,9020.41,9035.89,434
2026-07-29T17:15:00+00:00,9035.89,9038.9,9033.39,9033.9,370
2026-07-29T17:30:00+00:00,9033.9,9036.91,9031.41,9035.9,364
2026-07-29T17:45:00+00:00,9035.9,9040.41,9033.4,9039.69,342
2026-07-29T18:00:00+00:00,9039.69,9073.4,9039.41,9051.91,1689
2026-07-29T18:15:00+00:00,9051.91,9056.9,9033.41,9042.41,890
2026-07-29T18:30:00+00:00,9042.41,9070.41,9032.9,9067.91,2300
2026-07-29T18:45:00+00:00,9067.91,9081.41,9066.89,9076.4,1547
2026-07-29T19:00:00+00:00,9076.4,9083.4,9043.4,9046.91,1674
2026-07-29T19:15:00+00:00,9046.91,9055.4,9016.89,9019.41,1639
2026-07-29T19:30:00+00:00,9019.41,9025.41,8988.89,8992.9,1629
2026-07-29T19:45:00+00:00,8992.9,8993.91,8973.39,8981.4,1469
2026-07-29T20:00:00+00:00,8981.4,8991.4,8974.9,8980.39,979
2026-07-29T20:15:00+00:00,8980.39,8981.9,8968.39,8971.9,320
2026-07-29T20:30:00+00:00,8971.9,8983.41,8968.9,8981.91,162
2026-07-29T20:45:00+00:00,8981.91,8986.21,8975.4,8986.21,214
2026-07-29T23:00:00+00:00,9001.31,9018.31,9000.31,9010.31,844.6202081976
2026-07-29T23:15:00+00:00,9010.31,9022.31,9004.31,9013.68,692.5607595521294
2026-07-29T23:30:00+00:00,9013.68,9035.31,9013.68,9027.75,1171.8427334355615
2026-07-29T23:45:00+00:00,9027.75,9047.02,8997.92,9045.01,2350.5869886388737
2026-07-30T00:00:00+00:00,9045.01,9061.92,9036.9,9061.41,1330
2026-07-30T00:15:00+00:00,9061.41,9062.42,9029.91,9034.91,637
2026-07-30T00:30:00+00:00,9034.91,9035.41,9001.92,9003.92,591
2026-07-30T00:45:00+00:00,9003.92,9015.4,8999.9,9007.92,784
2026-07-30T01:00:00+00:00,9007.92,9038.41,9005.9,9029.9,758
2026-07-30T01:15:00+00:00,9029.9,9039.91,9028.4,9032.9,623
2026-07-30T01:30:00+00:00,9032.9,9048.92,9032.9,9043.4,391
2026-07-30T01:45:00+00:00,9043.4,9043.92,9036.9,9039.92,302
2026-07-30T02:00:00+00:00,9039.92,9044.4,9022.42,9022.91,257
2026-07-30T02:15:00+00:00,9022.91,9028.42,9018.91,9019.91,248
2026-07-30T02:30:00+00:00,9019.91,9025.41,9015.9,9025.41,208
2026-07-30T02:45:00+00:00,9025.41,9026.91,9010.91,9011.9,276
2026-07-30T03:00:00+00:00,9011.9,9016.92,8998.9,9000.42,317
2026-07-30T03:15:00+00:00,9000.42,9003.91,8993.91,8993.91,326
2026-07-30T03:30:00+00:00,8993.91,8995.92,8984.9,8995.42,577
2026-07-30T03:45:00+00:00,8995.42,9004.92,8995.4,8997.4,441
2026-07-30T04:00:00+00:00,8997.4,8999.92,8991.9,8991.91,355
2026-07-30T04:15:00+00:00,8991.91,9005.42,8991.9,9002.91,405
2026-07-30T04:30:00+00:00,9002.91,9002.91,8988.92,8990.92,295
2026-07-30T04:45:00+00:00,8990.92,8995.91,8984.91,8986.4,276
2026-07-30T05:00:00+00:00,8986.4,8986.42,8978.9,8984.92,419
2026-07-30T05:15:00+00:00,8984.92,8987.92,8979.91,8981.9,363
2026-07-30T05:30:00+00:00,8981.9,8992.92,8979.41,8990.92,561
2026-07-30T05:45:00+00:00,8990.92,8996.92,8983.92,8984.91,267
2026-07-30T06:00:00+00:00,8984.91,8999.51,8979.51,8992.52,585
2026-07-30T06:15:00+00:00,8992.52,8996.52,8985.01,8993.82,374
2026-07-30T07:00:00+00:00,8958.47,8985.66,8958.47,8983.15,178
2026-07-30T07:15:00+00:00,8983.15,8985.17,8967.65,8977.16,801
2026-07-30T07:30:00+00:00,8977.16,8978.15,8956.15,8968.66,728
2026-07-30T07:45:00+00:00,8968.66,8976.17,8964.65,8965.17,556
2026-07-30T08:00:00+00:00,8965.17,8988.67,8958.17,8984.16,993
2026-07-30T08:15:00+00:00,8984.16,8996.68,8983.16,8993.66,610
2026-07-30T08:30:00+00:00,8993.66,8998.66,8988.16,8990.68,630
2026-07-30T08:45:00+00:00,8990.68,8993.68,8979.16,8984.18,427
2026-07-30T09:00:00+00:00,8984.18,8997.67,8980.66,8992.66,533
2026-07-30T09:15:00+00:00,8992.66,8999.66,8990.68,8994.67,551
2026-07-30T09:30:00+00:00,8994.67,8996.66,8983.66,8985.17,426
2026-07-30T09:45:00+00:00,8985.17,8987.68,8972.66,8972.66,344
2026-07-30T10:00:00+00:00,8972.66,8983.68,8970.67,8973.16,429
2026-07-30T10:15:00+00:00,8973.16,8992.18,8972.17,8990.66,466
2026-07-30T10:30:00+00:00,8990.66,9004.16,8989.66,8999.17,551
2026-07-30T10:45:00+00:00,8999.17,9002.67,8995.17,8998.68,409
2026-07-30T11:00:00+00:00,8998.68,9009.18,8994.16,9006.16,371
2026-07-30T11:15:00+00:00,9006.16,9012.68,9005.16,9012.68,250
2026-07-30T11:30:00+00:00,9012.68,9014.67,9004.66,9008.68,278
2026-07-30T11:45:00+00:00,9008.68,9018.68,9008.68,9017.17,250
2026-07-30T12:00:00+00:00,9017.17,9023.68,9011.66,9021.67,409
2026-07-30T12:15:00+00:00,9021.67,9026.67,9015.66,9021.68,350
2026-07-30T12:30:00+00:00,9021.68,9026.68,9010.67,9016.16,757
2026-07-30T12:45:00+00:00,9016.16,9018.68,9011.17,9013.16,642
2026-07-30T13:00:00+00:00,9013.16,9030.67,9013.16,9019.18,501
2026-07-30T13:15:00+00:00,9019.18,9029.16,9015.17,9028.18,595
2026-07-30T13:30:00+00:00,9028.18,9031.18,9011.66,9014.68,1283
2026-07-30T13:45:00+00:00,9014.68,9025.18,9013.68,9025.18,728
2026-07-30T14:00:00+00:00,9025.18,9028.18,9015.66,9018.16,675
2026-07-30T14:15:00+00:00,9018.16,9033.18,9013.66,9029.17,623
2026-07-30T14:30:00+00:00,9029.17,9037.66,9024.16,9031.66,526
2026-07-30T14:45:00+00:00,9031.66,9033.18,9019.68,9024.17,582
2026-07-30T15:00:00+00:00,9024.17,9024.17,9010.18,9010.67,648
2026-07-30T15:15:00+00:00,9010.67,9024.18,9009.16,9015.66,800
2026-07-30T15:30:00+00:00,9015.66,9030.67,9013.67,9028.18,749
2026-07-30T15:45:00+00:00,9028.18,9035.68,9027.67,9034.17,390
2026-07-30T16:00:00+00:00,9034.17,9037.68,9031.67,9036.18,305
2026-07-30T16:15:00+00:00,9036.18,9041.17,9035.66,9039.68,196
2026-07-30T16:30:00+00:00,9039.68,9043.68,9034.67,9035.66,306
2026-07-30T16:45:00+00:00,9035.66,9041.16,9034.67,9039.68,180
2026-07-30T17:00:00+00:00,9039.68,9046.68,9039.68,9042.67,232
2026-07-30T17:15:00+00:00,9042.67,9046.67,9040.17,9040.67,167
2026-07-30T17:30:00+00:00,9040.67,9042.68,9035.17,9040.68,283
2026-07-30T17:45:00+00:00,9040.68,9043.68,9038.67,9039.68,177
2026-07-30T18:00:00+00:00,9039.68,9042.68,9037.66,9040.68,165
2026-07-30T18:15:00+00:00,9040.68,9044.68,9037.18,9044.68,145
2026-07-30T18:30:00+00:00,9044.68,9046.68,9042.66,9046.68,137
2026-07-30T18:45:00+00:00,9046.68,9053.68,9046.66,9053.66,122
2026-07-30T19:00:00+00:00,9053.66,9062.68,9053.66,9061.17,189
2026-07-30T19:15:00+00:00,9061.17,9064.68,9058.67,9059.67,116
2026-07-30T19:30:00+00:00,9059.67,9062.68,9058.67,9060.66,186
2026-07-30T19:45:00+00:00,9060.66,9064.16,9055.66,9059.66,291
2026-07-30T20:00:00+00:00,9059.66,9066.18,9056.16,9063.18,365
2026-07-30T20:15:00+00:00,9063.18,9064.67,9060.17,9063.16,106
2026-07-30T20:30:00+00:00,9063.16,9065.16,9054.67,9056.66,146
2026-07-30T20:45:00+00:00,9056.66,9057.960000000001,9052.960000000001,9052.960000000001,74
2026-07-30T23:00:00+00:00,9061.91,9066.91,9052.91,9053.91,110.8247981905316
2026-07-30T23:15:00+00:00,9053.91,9057.91,9048.91,9055.91,116.98489110511493
2026-07-30T23:30:00+00:00,9055.91,9069.91,9045.28,9052.91,254.58675700379175
2026-07-30T23:45:00+00:00,9052.91,9066.91,9042.91,9052.06,553.030111803326
2026-07-31T00:00:00+00:00,9052.06,9056.96,9035.96,9046.949999999999,1017
2026-07-31T00:15:00+00:00,9046.949999999999,9047.96,9026.47,9028.949999999999,452
2026-07-31T00:30:00+00:00,9028.949999999999,9032.949999999999,9002.96,9010.949999999999,432
2026-07-31T00:45:00+00:00,9010.949999999999,9010.97,8991.949999999999,8994.97,290
2026-07-31T01:00:00+00:00,8994.97,9009.46,8994.97,8998.97,452
2026-07-31T01:15:00+00:00,8998.97,9009.97,8995.97,8999.47,234
2026-07-31T01:30:00+00:00,8999.47,9002.949999999999,8990.949999999999,8990.97,335
2026-07-31T01:45:00+00:00,8990.97,8992.97,8976.96,8977.949999999999,280
2026-07-31T02:00:00+00:00,8977.949999999999,8982.97,8972.97,8976.47,348
2026-07-31T02:15:00+00:00,8976.47,8983.47,8973.97,8978.949999999999,200
2026-07-31T02:30:00+00:00,8978.949999999999,8981.47,8973.96,8980.97,191
2026-07-31T02:45:00+00:00,8980.97,8989.96,8978.97,8987.949999999999,207
2026-07-31T03:00:00+00:00,8987.949999999999,8995.46,8986.949999999999,8994.46,259
2026-07-31T03:15:00+00:00,8994.46,8995.97,8988.949999999999,8989.97,170
2026-07-31T03:30:00+00:00,8989.97,8990.97,8975.949999999999,8976.97,256.3869625520111
2026-07-31T03:45:00+00:00,8976.97,8981.949999999999,8969.97,8979.949999999999,241
2026-07-31T04:00:00+00:00,8979.949999999999,8985.97,8975.949999999999,8985.96,212
2026-07-31T04:15:00+00:00,8985.96,8988.97,8981.96,8982.96,184
2026-07-31T04:30:00+00:00,8982.96,8982.96,8975.449999999999,8980.96,140
2026-07-31T04:45:00+00:00,8980.96,8982.96,8975.949999999999,8979.96,159
2026-07-31T05:00:00+00:00,8979.96,8985.97,8976.949999999999,8977.97,234
2026-07-31T05:15:00+00:00,8977.97,8977.97,8972.47,8972.97,102
2026-07-31T05:30:00+00:00,8972.97,8974.96,8963.97,8968.46,158
2026-07-31T05:45:00+00:00,8968.46,8973.46,8966.949999999999,8972.96,116
2026-07-31T06:00:00+00:00,8972.96,8973.57,8961.55,8972.55,530
2026-07-31T06:15:00+00:00,8972.55,8986.359999999999,8972.06,8986.35,412
2026-07-31T07:00:00+00:00,8990.95,9008.65,8989.46,9006.66,269
2026-07-31T07:15:00+00:00,9006.66,9012.16,8999.65,9004.15,383
2026-07-31T07:30:00+00:00,9004.15,9007.67,8998.65,9006.66,329
2026-07-31T07:45:00+00:00,9006.66,9008.15,9001.15,9006.17,276
2026-07-31T08:00:00+00:00,9006.17,9006.17,8998.15,9003.15,495
2026-07-31T08:15:00+00:00,9003.15,9010.16,9002.65,9002.65,347
2026-07-31T08:30:00+00:00,9002.65,9002.65,8995.15,8998.17,318
2026-07-31T08:45:00+00:00,8998.17,9007.17,8995.16,9004.16,284
2026-07-31T09:00:00+00:00,9004.16,9007.17,8999.17,9005.16,344
2026-07-31T09:15:00+00:00,9005.16,9008.67,8998.67,9001.17,198
2026-07-31T09:30:00+00:00,9001.17,9002.15,8986.65,8991.65,289
2026-07-31T09:45:00+00:00,8991.65,8995.67,8987.15,8988.66,273
2026-07-31T10:00:00+00:00,8988.66,8993.17,8982.65,8991.67,277
2026-07-31T10:15:00+00:00,8991.67,8995.15,8990.15,8991.15,105
2026-07-31T10:30:00+00:00,8991.15,8994.67,8989.15,8990.66,220
2026-07-31T10:45:00+00:00,8990.66,8992.17,8984.15,8987.66,229
2026-07-31T11:00:00+00:00,8987.66,8989.67,8983.15,8984.66,225
2026-07-31T11:15:00+00:00,8984.66,8984.66,8975.66,8979.15,399
2026-07-31T11:30:00+00:00,8979.15,8979.66,8974.65,8976.17,267
2026-07-31T11:45:00+00:00,8976.17,8982.17,8975.16,8981.16,246
2026-07-31T12:00:00+00:00,8981.16,8981.17,8975.15,8975.16,286
2026-07-31T12:15:00+00:00,8975.16,8975.66,8969.15,8970.16,262
2026-07-31T12:30:00+00:00,8970.16,8971.17,8962.16,8965.15,339
2026-07-31T12:45:00+00:00,8965.15,8968.17,8960.17,8963.16,313
2026-07-31T13:00:00+00:00,8963.16,8968.17,8958.66,8960.65,296
2026-07-31T13:15:00+00:00,8960.65,8964.17,8952.66,8954.15,302
2026-07-31T13:30:00+00:00,8954.15,8954.15,8920.16,8922.66,828
2026-07-31T13:45:00+00:00,8922.66,8923.67,8909.65,8909.65,891
2026-07-31T14:00:00+00:00,8909.65,8915.17,8886.65,8889.67,958
2026-07-31T14:15:00+00:00,8889.67,8915.16,8884.66,8915.15,1050
2026-07-31T14:30:00+00:00,8915.15,8917.17,8909.65,8916.65,781
2026-07-31T14:45:00+00:00,8916.65,8922.16,8912.65,8919.67,605
2026-07-31T15:00:00+00:00,8919.67,8934.15,8919.15,8931.67,610
2026-07-31T15:15:00+00:00,8931.67,8936.15,8916.16,8919.15,650
2026-07-31T15:30:00+00:00,8919.15,8929.17,8906.17,8925.65,892
2026-07-31T15:45:00+00:00,8925.65,8935.17,8917.67,8932.67,509
2026-07-31T16:00:00+00:00,8932.67,8932.67,8917.16,8923.16,469
2026-07-31T16:15:00+00:00,8923.16,8924.17,8917.15,8922.15,364
2026-07-31T16:30:00+00:00,8922.15,8928.15,8921.16,8922.17,216
2026-07-31T16:45:00+00:00,8922.17,8929.16,8921.17,8927.65,230
2026-07-31T17:00:00+00:00,8927.65,8934.15,8925.65,8933.67,135
2026-07-31T17:15:00+00:00,8933.67,8940.15,8931.15,8938.65,221
2026-07-31T17:30:00+00:00,8938.65,8938.67,8932.15,8934.17,194
2026-07-31T17:45:00+00:00,8934.17,8936.66,8930.15,8930.17,225
2026-07-31T18:00:00+00:00,8930.17,8934.17,8928.65,8928.67,234
2026-07-31T18:15:00+00:00,8928.67,8933.16,8928.67,8932.17,156
2026-07-31T18:30:00+00:00,8932.17,8933.17,8928.15,8928.17,113.09742790335152
2026-07-31T18:45:00+00:00,8928.17,8928.17,8921.15,8924.65,126
2026-07-31T19:00:00+00:00,8924.65,8930.17,8922.66,8929.16,160
2026-07-31T19:15:00+00:00,8929.16,8934.65,8927.15,8931.67,201
2026-07-31T19:30:00+00:00,8931.67,8938.15,8928.15,8937.17,202
2026-07-31T19:45:00+00:00,8937.17,8937.17,8920.65,8924.67,605
2026-07-31T20:00:00+00:00,8924.67,8928.66,8919.65,8920.65,253
2026-07-31T20:15:00+00:00,8920.65,8926.16,8917.65,8921.67,110
2026-07-31T20:30:00+00:00,8921.67,8922.17,8919.16,8919.67,92
2026-08-02T23:45:00+00:00,8919.67,8956.71,8919.67,8947.71,302
2026-08-03T00:00:00+00:00,8947.71,8958.6,8936.61,8943.6,1053
2026-08-03T00:15:00+00:00,8943.6,8955.09,8940.6,8948.61,423
2026-08-03T00:30:00+00:00,8948.61,8974.11,8948.61,8970.61,374
2026-08-03T00:45:00+00:00,8970.61,8977.11,8964.59,8969.6,383
2026-08-03T01:00:00+00:00,8969.6,8969.6,8952.1,8952.1,402
2026-08-03T01:15:00+00:00,8952.1,8958.61,8950.59,8954.11,282
2026-08-03T01:30:00+00:00,8954.11,8960.59,8952.6,8958.1,191
2026-08-03T01:45:00+00:00,8958.1,8965.61,8957.59,8960.59,248
2026-08-03T02:00:00+00:00,8960.59,8962.61,8953.59,8956.6,179
2026-08-03T02:15:00+00:00,8956.6,8961.6,8953.61,8959.09,178
2026-08-03T02:30:00+00:00,8959.09,8961.61,8953.61,8953.61,168
2026-08-03T02:45:00+00:00,8953.61,8959.59,8953.59,8957.11,145
2026-08-03T03:00:00+00:00,8957.11,8969.59,8957.09,8964.6,184
2026-08-03T03:15:00+00:00,8964.6,8965.59,8959.09,8962.09,132
2026-08-03T03:30:00+00:00,8962.09,8968.6,8961.6,8964.1,144
2026-08-03T03:45:00+00:00,8964.1,8971.6,8964.1,8965.1,139
2026-08-03T04:00:00+00:00,8965.1,8967.61,8963.59,8966.6,143
2026-08-03T04:15:00+00:00,8966.6,8981.61,8966.6,8981.61,106
2026-08-03T04:30:00+00:00,8981.61,8984.61,8979.11,8983.6,81
2026-08-03T04:45:00+00:00,8983.6,8989.59,8979.59,8981.61,106
2026-08-03T05:00:00+00:00,8981.61,8991.61,8981.11,8991.59,198
2026-08-03T05:15:00+00:00,8991.59,8995.61,8990.59,8995.6,99
2026-08-03T05:30:00+00:00,8995.6,9001.61,8991.61,9000.1,142
2026-08-03T05:45:00+00:00,9000.1,9005.6,8996.59,8997.61,110
2026-08-03T06:00:00+00:00,8997.61,9020.19,8996.7,9014.69,312
2026-08-03T06:15:00+00:00,9014.69,9020.49,9008.21,9020.49,253
2026-08-03T07:00:00+00:00,9020.49,9020.49,9000.19,9000.7,186
2026-08-03T07:15:00+00:00,9000.7,9002.71,8990.7,9002.2,435
2026-08-03T07:30:00+00:00,9002.2,9008.71,8996.71,8999.2,371
2026-08-03T07:45:00+00:00,8999.2,9011.69,8998.69,9011.19,281
2026-08-03T08:00:00+00:00,9011.19,9013.2,9006.19,9013.19,560
2026-08-03T08:15:00+00:00,9013.19,9013.19,8996.19,8998.69,402
2026-08-03T08:30:00+00:00,8998.69,9005.7,8996.69,9002.2,351
2026-08-03T08:45:00+00:00,9002.2,9003.2,8998.19,9003.19,204
2026-08-03T09:00:00+00:00,9003.19,9005.71,8999.69,9001.71,228
2026-08-03T09:15:00+00:00,9001.71,9005.71,8999.19,8999.71,152
2026-08-03T09:30:00+00:00,8999.71,9005.21,8998.19,9001.21,184
2026-08-03T09:45:00+00:00,9001.21,9007.21,9000.19,9002.69,172
2026-08-03T10:00:00+00:00,9002.69,9005.69,9000.19,9005.2,201
2026-08-03T10:15:00+00:00,9005.2,9007.21,9001.21,9004.69,176
2026-08-03T10:30:00+00:00,9004.69,9005.19,9000.21,9002.2,148
2026-08-03T10:45:00+00:00,9002.2,9005.21,9000.21,9004.2,133
2026-08-03T11:00:00+00:00,9004.2,9008.21,9000.69,9002.69,171
2026-08-03T11:15:00+00:00,9002.69,9008.71,9001.19,9004.2,131
2026-08-03T11:30:00+00:00,9004.2,9008.21,9002.21,9007.69,120
2026-08-03T11:45:00+00:00,9007.69,9007.69,9001.19,9003.2,118
2026-08-03T12:00:00+00:00,9003.2,9003.7,8994.69,8997.69,170
2026-08-03T12:15:00+00:00,8997.69,8997.71,8985.21,8985.21,143
2026-08-03T12:30:00+00:00,8985.21,8990.2,8984.19,8988.2,140
2026-08-03T12:45:00+00:00,8988.2,8989.7,8980.69,8989.19,153
2026-08-03T13:00:00+00:00,8989.19,8995.19,8984.19,8985.7,208
2026-08-03T13:15:00+00:00,8985.7,8990.71,8983.2,8983.2,183
2026-08-03T13:30:00+00:00,8983.2,8988.7,8979.69,8984.7,392
2026-08-03T13:45:00+00:00,8984.7,8995.71,8984.7,8995.71,260
2026-08-03T14:00:00+00:00,8995.71,9008.2,8990.51,9006.21,257
2026-08-03T14:15:00+00:00,9006.21,9013.2,8999.69,9011.69,164
2026-08-03T14:30:00+00:00,9011.69,9016.2,9010.19,9012.21,201
2026-08-03T14:45:00+00:00,9012.21,9019.21,9008.2,9018.7,214
2026-08-03T15:00:00+00:00,9018.7,9023.21,9002.69,9006.2,297
2026-08-03T15:15:00+00:00,9006.2,9016.21,9006.2,9015.19,276
2026-08-03T15:30:00+00:00,9015.19,9022.2,9012.7,9013.21,261
2026-08-03T15:45:00+00:00,9013.21,9017.21,9009.71,9012.19,95
2026-08-03T16:00:00+00:00,9012.19,9015.21,9011.69,9012.19,89
2026-08-03T16:15:00+00:00,9012.19,9014.71,9011.19,9014.69,105
2026-08-03T16:30:00+00:00,9014.69,9014.69,9009.2,9011.2,92
2026-08-03T16:45:00+00:00,9011.2,9011.21,9007.19,9010.21,69.52599531615925
2026-08-03T17:00:00+00:00,9010.21,9011.21,9008.19,9011.21,74.1815
2026-08-03T17:15:00+00:00,9011.21,9015.2,9010.19,9014.21,74
2026-08-03T17:30:00+00:00,9014.21,9018.2,9014.19,9018.2,76
2026-08-03T17:45:00+00:00,9018.2,9019.21,9016.21,9017.2,52.28820277833882
2026-08-03T18:00:00+00:00,9017.2,9022.21,9017.2,9021.71,63
2026-08-03T18:15:00+00:00,9021.71,9025.2,9019.21,9019.21,109
2026-08-03T18:30:00+00:00,9019.21,9020.2,9017.19,9018.19,81
2026-08-03T18:45:00+00:00,9018.19,9019.2,9016.19,9017.2,52
2026-08-03T19:00:00+00:00,9017.2,9018.21,9016.19,9018.19,49
2026-08-03T19:15:00+00:00,9018.19,9020.71,9018.19,9019.69,59.298383956386296
2026-08-03T19:30:00+00:00,9019.69,9021.21,9017.7,9018.7,73
2026-08-03T19:45:00+00:00,9018.7,9019.21,9013.19,9016.21,199
2026-08-03T20:00:00+00:00,9016.21,9019.71,9013.19,9019.21,47
2026-08-03T20:15:00+00:00,9019.21,9023.21,9019.21,9023.2,30
2026-08-03T20:30:00+00:00,9023.2,9028.21,9022.7,9023.71,37
2026-08-03T20:45:00+00:00,9023.71,9023.71,9017.51,9017.51,33
2026-08-03T23:00:00+00:00,9019.97,9022.97,9018.97,9021.97,59.74207435133055
2026-08-03T23:15:00+00:00,9021.97,9025.97,9021.97,9024.97,44.470799906589534
2026-08-03T23:30:00+00:00,9024.97,9031.97,9021.97,9023.97,136.87488624247888
2026-08-03T23:45:00+00:00,9023.97,9035.109999999999,9018.91,9029.609999999999,391.9063889342022
2026-08-04T00:00:00+00:00,9029.609999999999,9059.51,9027.5,9059.51,848
2026-08-04T00:15:00+00:00,9059.51,9065,9043.99,9064.01,385
2026-08-04T00:30:00+00:00,9064.01,9080.01,9063.51,9071.99,410
2026-08-04T00:45:00+00:00,9071.99,9082.01,9063.99,9079,388
2026-08-04T01:00:00+00:00,9079,9105.01,9076.99,9105.01,508
2026-08-04T01:15:00+00:00,9105.01,9117,9103.01,9105.99,520
2026-08-04T01:30:00+00:00,9105.99,9129.01,9104,9128.99,405
2026-08-04T01:45:00+00:00,9128.99,9142.51,9127.99,9142.01,279
2026-08-04T02:00:00+00:00,9142.01,9143.51,9120,9123.5,381
2026-08-04T02:15:00+00:00,9123.5,9136.49,9121.99,9133.99,303
2026-08-04T02:30:00+00:00,9133.99,9141,9131,9134.51,250
2026-08-04T02:45:00+00:00,9134.51,9140.01,9128,9132.99,158
2026-08-04T03:00:00+00:00,9132.99,9139,9128,9131,211
2026-08-04T03:15:00+00:00,9131,9142.01,9130.01,9140.5,120
2026-08-04T03:30:00+00:00,9140.5,9144.01,9129.01,9133.5,230
2026-08-04T03:45:00+00:00,9133.5,9147.99,9133.5,9145.99,204
2026-08-04T04:00:00+00:00,9145.99,9146,9134,9135,175
2026-08-04T04:15:00+00:00,9135,9137.01,9132.5,9135,129
2026-08-04T04:30:00+00:00,9135,9138.51,9133.99,9134.99,90
2026-08-04T04:45:00+00:00,9134.99,9141.5,9134.99,9139.49,106
2026-08-04T05:00:00+00:00,9139.49,9141.01,9136.49,9139.49,111
2026-08-04T05:15:00+00:00,9139.49,9146.51,9138,9146.51,129
2026-08-04T05:30:00+00:00,9146.51,9149.01,9140,9145,138
2026-08-04T05:45:00+00:00,9145,9145,9139.49,9142,170
2026-08-04T06:00:00+00:00,9142,9153.609999999999,9140.109999999999,9153.6,394
2026-08-04T06:15:00+00:00,9153.6,9153.609999999999,9140.59,9145.89,263
2026-08-04T07:00:00+00:00,9141.49,9141.71,9132.49,9141.19,121
2026-08-04T07:15:00+00:00,9141.19,9146.2,9138.19,9139.21,164
2026-08-04T07:30:00+00:00,9139.21,9140.7,9133.2,9134.19,120
2026-08-04T07:45:00+00:00,9134.19,9140.2,9133.19,9136.2,101
2026-08-04T08:00:00+00:00,9136.2,9143.19,9132.7,9137.2,300
2026-08-04T08:15:00+00:00,9137.2,9139.2,9129.19,9129.21,186
2026-08-04T08:30:00+00:00,9129.21,9130.19,9116.19,9117.2,294
2026-08-04T08:45:00+00:00,9117.2,9117.2,9105.19,9106.21,186
2026-08-04T09:00:00+00:00,9106.21,9113.21,9105.69,9107.2,227
2026-08-04T09:15:00+00:00,9107.2,9108.21,9101.7,9104.19,138
2026-08-04T09:30:00+00:00,9104.19,9109.69,9102.21,9105.21,126
2026-08-04T09:45:00+00:00,9105.21,9108.71,9100.2,9105.21,185
2026-08-04T10:00:00+00:00,9105.21,9107.71,9102.2,9104.19,159
2026-08-04T10:15:00+00:00,9104.19,9104.2,9097.19,9099.69,151
2026-08-04T10:30:00+00:00,9099.69,9109.71,9099.69,9108.69,266
2026-08-04T10:45:00+00:00,9108.69,9117.7,9106.19,9107.2,571
2026-08-04T11:00:00+00:00,9107.2,9115.21,9107.2,9110.7,245
2026-08-04T11:15:00+00:00,9110.7,9118.19,9108.69,9117.71,130
2026-08-04T11:30:00+00:00,9117.71,9133.71,9114.69,9132.7,274
2026-08-04T11:45:00+00:00,9132.7,9137.71,9128.19,9136.71,598
2026-08-04T12:00:00+00:00,9136.71,9138.69,9129.2,9129.71,285
2026-08-04T12:15:00+00:00,9129.71,9131.71,9125.7,9125.7,96
2026-08-04T12:30:00+00:00,9125.7,9128.19,9120.21,9122.2,114
2026-08-04T12:45:00+00:00,9122.2,9124.7,9112.2,9112.2,111
2026-08-04T13:00:00+00:00,9112.2,9117.2,9108.2,9113.2,153
2026-08-04T13:15:00+00:00,9113.2,9131.71,9113.2,9124.21,407
2026-08-04T13:30:00+00:00,9124.21,9131.21,9113.2,9121.21,376
2026-08-04T13:45:00+00:00,9121.21,9128.21,9112.7,9120.19,321
2026-08-04T14:00:00+00:00,9120.19,9127.21,9115.69,9123.19,335
2026-08-04T14:15:00+00:00,9123.19,9130.2,9116.71,9117.21,275
2026-08-04T14:30:00+00:00,9117.21,9126.71,9112.69,9123.2,318
2026-08-04T14:45:00+00:00,9123.2,9129.21,9123.19,9125.71,162
2026-08-04T15:00:00+00:00,9125.71,9126.19,9120.7,9122.21,200
2026-08-04T15:15:00+00:00,9122.21,9125.21,9116.19,9125.19,169
2026-08-04T15:30:00+00:00,9125.19,9138.19,9117.19,9138.19,309
2026-08-04T15:45:00+00:00,9138.19,9144.7,9137.19,9141.7,135
2026-08-04T16:00:00+00:00,9141.7,9157.7,9141.2,9155.21,149
2026-08-04T16:15:00+00:00,9155.21,9168.71,9155.21,9167.19,145
2026-08-04T16:30:00+00:00,9167.19,9168.21,9160.19,9165.69,154
2026-08-04T16:45:00+00:00,9165.69,9172.21,9163.2,9171.2,135
2026-08-04T17:00:00+00:00,9171.2,9175.21,9168.7,9174.69,135
2026-08-04T17:15:00+00:00,9174.69,9175.21,9168.2,9170.71,99
2026-08-04T17:30:00+00:00,9170.71,9175.7,9168.2,9171.19,140
2026-08-04T17:45:00+00:00,9171.19,9174.21,9162.69,9162.69,165
2026-08-04T18:00:00+00:00,9162.69,9166.21,9160.2,9161.21,128
2026-08-04T18:15:00+00:00,9161.21,9162.21,9159.69,9162.21,117.86610878661088
2026-08-04T18:30:00+00:00,9162.21,9164.21,9157.19,9159.2,99.41189111747852
2026-08-04T18:45:00+00:00,9159.2,9165.21,9159.2,9165.19,116
2026-08-04T19:00:00+00:00,9165.19,9180.21,9165.19,9177.2,169
2026-08-04T19:15:00+00:00,9177.2,9182.21,9177.2,9179.71,151
2026-08-04T19:30:00+00:00,9179.71,9180.21,9171.71,9176.21,117
2026-08-04T19:45:00+00:00,9176.21,9182.71,9169.21,9173.21,233
2026-08-04T20:00:00+00:00,9173.21,9181.71,9173.21,9181.21,90
2026-08-04T20:15:00+00:00,9181.21,9181.21,9174.69,9175.71,123
2026-08-04T20:30:00+00:00,9175.71,9177.7,9175.19,9177.2,54
2026-08-04T20:45:00+00:00,9177.2,9180.49,9175.19,9180.49,63
2026-08-04T23:00:00+00:00,9175.81,9186.81,9172.81,9184.81,105.03507577468895
2026-08-04T23:15:00+00:00,9184.81,9184.81,9169.81,9169.81,134.35400962356456
2026-08-04T23:30:00+00:00,9169.81,9173.81,9161.81,9172.81,195.7654177634388
2026-08-04T23:45:00+00:00,9172.81,9185.81,9151.75,9153.76,577.4422233331296
2026-08-05T00:00:00+00:00,9153.76,9205.67,9145.15,9186.65,1621
2026-08-05T00:15:00+00:00,9186.65,9192.65,9172.65,9172.67,739
2026-08-05T00:30:00+00:00,9172.67,9175.66,9127.65,9136.15,1061
2026-08-05T00:45:00+00:00,9136.15,9157.65,9132.65,9152.67,696
2026-08-05T01:00:00+00:00,9152.67,9156.16,9140.15,9142.66,562
2026-08-05T01:15:00+00:00,9142.66,9143.15,9124.15,9134.65,436
2026-08-05T01:30:00+00:00,9134.65,9154.15,9130.17,9140.67,501
2026-08-05T01:45:00+00:00,9140.67,9154.16,9140.67,9154.16,303
2026-08-05T02:00:00+00:00,9154.16,9170.16,9153.65,9164.67,463
2026-08-05T02:15:00+00:00,9164.67,9167.17,9159.17,9165.66,271
2026-08-05T02:30:00+00:00,9165.66,9175.65,9161.16,9173.16,365
2026-08-05T02:45:00+00:00,9173.16,9187.17,9173.15,9186.15,175
2026-08-05T03:00:00+00:00,9186.15,9194.16,9185.15,9189.67,152
2026-08-05T03:15:00+00:00,9189.67,9197.17,9189.67,9196.67,151
2026-08-05T03:30:00+00:00,9196.67,9204.17,9196.15,9203.15,155
2026-08-05T03:45:00+00:00,9203.15,9208.17,9198.15,9205.65,128
2026-08-05T04:00:00+00:00,9205.65,9210.16,9200.15,9205.65,145
2026-08-05T04:15:00+00:00,9205.65,9207.16,9198.15,9201.67,122
2026-08-05T04:30:00+00:00,9201.67,9208.17,9197.15,9205.66,153
2026-08-05T04:45:00+00:00,9205.66,9210.17,9202.15,9206.17,156
2026-08-05T05:00:00+00:00,9206.17,9210.16,9202.17,9209.66,179
2026-08-05T05:15:00+00:00,9209.66,9215.17,9208.15,9214.66,119
2026-08-05T05:30:00+00:00,9214.66,9224.17,9214.16,9216.65,200
2026-08-05T05:45:00+00:00,9216.65,9220.16,9214.17,9216.17,205
2026-08-05T06:00:00+00:00,9216.17,9220.77,9204.27,9214.25,378
2026-08-05T06:15:00+00:00,9214.25,9214.25,9191.25,9197.55,561
2026-08-05T07:00:00+00:00,9204.23,9209.44,9194.43,9199.45,138
2026-08-05T07:15:00+00:00,9199.45,9202.44,9188.44,9188.44,233
2026-08-05T07:30:00+00:00,9188.44,9189.45,9180.93,9182.44,234
2026-08-05T07:45:00+00:00,9182.44,9186.93,9181.43,9182.45,261
2026-08-05T08:00:00+00:00,9182.45,9183.93,9169.43,9169.45,297
2026-08-05T08:15:00+00:00,9169.45,9175.45,9163.43,9171.43,206
2026-08-05T08:30:00+00:00,9171.43,9176.45,9166.44,9173.43,319
2026-08-05T08:45:00+00:00,9173.43,9174.43,9167.93,9171.45,259
2026-08-05T09:00:00+00:00,9171.45,9176.95,9171.43,9175.93,222
2026-08-05T09:15:00+00:00,9175.93,9177.45,9171.95,9175.94,177
2026-08-05T09:30:00+00:00,9175.94,9182.45,9175.43,9178.94,149
2026-08-05T09:45:00+00:00,9178.94,9179.45,9174.43,9177.45,129
2026-08-05T10:00:00+00:00,9177.45,9179.95,9174.93,9177.45,120
2026-08-05T10:15:00+00:00,9177.45,9182.95,9176.93,9181.43,102
2026-08-05T10:30:00+00:00,9181.43,9182.95,9175.95,9177.44,137
2026-08-05T10:45:00+00:00,9177.44,9181.45,9173.43,9180.45,158
2026-08-05T11:00:00+00:00,9180.45,9188.95,9180.45,9185.95,238
2026-08-05T11:15:00+00:00,9185.95,9193.43,9185.93,9185.93,130
2026-08-05T11:30:00+00:00,9185.93,9190.93,9185.43,9187.43,119
2026-08-05T11:45:00+00:00,9187.43,9189.95,9183.94,9183.95,143
2026-08-05T12:00:00+00:00,9183.95,9196.94,9183.95,9194.93,253
2026-08-05T12:15:00+00:00,9194.93,9206.45,9194.93,9203.93,229
2026-08-05T12:30:00+00:00,9203.93,9204.94,9194.94,9196.93,258
2026-08-05T12:45:00+00:00,9196.93,9201.45,9196.43,9196.44,157
2026-08-05T13:00:00+00:00,9196.44,9200.44,9191.93,9197.94,163
2026-08-05T13:15:00+00:00,9197.94,9198.94,9191.45,9195.93,164
2026-08-05T13:30:00+00:00,9195.93,9199.95,9185.93,9196.95,625
2026-08-05T13:45:00+00:00,9196.95,9208.94,9188.43,9206.44,488
2026-08-05T14:00:00+00:00,9206.44,9217.93,9199.95,9206.95,576
2026-08-05T14:15:00+00:00,9206.95,9206.95,9189.44,9191.93,364
2026-08-05T14:30:00+00:00,9191.93,9199.95,9191.93,9194.93,483
2026-08-05T14:45:00+00:00,9194.93,9201.95,9190.93,9197.93,376
2026-08-05T15:00:00+00:00,9197.93,9207.95,9197.43,9201.95,430
2026-08-05T15:15:00+00:00,9201.95,9201.95,9189.94,9197.93,357
2026-08-05T15:30:00+00:00,9197.93,9201.95,9191.43,9199.45,328
2026-08-05T15:45:00+00:00,9199.45,9199.45,9191.93,9192.44,353
2026-08-05T16:00:00+00:00,9192.44,9197.95,9192.44,9197.95,364
2026-08-05T16:15:00+00:00,9197.95,9205.95,9195.45,9203.44,272
2026-08-05T16:30:00+00:00,9203.44,9204.43,9198.93,9200.44,212
2026-08-05T16:45:00+00:00,9200.44,9202.45,9197.94,9198.93,159
2026-08-05T17:00:00+00:00,9198.93,9200.95,9194.43,9196.95,170
2026-08-05T17:15:00+00:00,9196.95,9200.94,9195.93,9198.94,197
2026-08-05T17:30:00+00:00,9198.94,9206.93,9197.44,9203.94,176
2026-08-05T17:45:00+00:00,9203.94,9205.95,9202.93,9203.95,106
2026-08-05T18:00:00+00:00,9203.95,9205.95,9200.93,9200.93,151
2026-08-05T18:15:00+00:00,9200.93,9205.44,9200.93,9202.44,103.80054769511639
2026-08-05T18:30:00+00:00,9202.44,9202.93,9198.93,9199.93,126
2026-08-05T18:45:00+00:00,9199.93,9202.95,9196.93,9196.93,91
2026-08-05T19:00:00+00:00,9196.93,9203.95,9195.93,9203.95,152
2026-08-05T19:15:00+00:00,9203.95,9203.95,9200.93,9203.94,96
2026-08-05T19:30:00+00:00,9203.94,9203.95,9200.44,9201.93,121
2026-08-05T19:45:00+00:00,9201.93,9202.95,9193.94,9195.95,215
2026-08-05T20:00:00+00:00,9195.95,9199.95,9194.43,9198.45,132
2026-08-05T20:15:00+00:00,9198.45,9198.45,9194.94,9195.44,32.38048411497731
2026-08-05T20:30:00+00:00,9195.44,9197.45,9194.95,9197.42,28.06989346292862
2026-08-05T20:45:00+00:00,9197.42,9198.44,9194.25,9196.23,38.454188685142135
2026-08-05T23:00:00+00:00,9202.19,9202.19,9194.19,9196.19,59.308578580542786
2026-08-05T23:15:00+00:00,9196.19,9199.19,9195.19,9197.19,111.7447347917487
2026-08-05T23:30:00+00:00,9197.19,9197.19,9174.81,9185.81,235.6328828775085
2026-08-05T23:45:00+00:00,9185.81,9211.59,9181.81,9211.11,563.7788179923688
2026-08-06T00:00:00+00:00,9211.11,9267.51,9209.99,9262,1364
2026-08-06T00:15:00+00:00,9262,9274.51,9257,9265.49,733
2026-08-06T00:30:00+00:00,9265.49,9280.5,9256.49,9257.99,562
2026-08-06T00:45:00+00:00,9257.99,9263.49,9244.51,9259.49,548
2026-08-06T01:00:00+00:00,9259.49,9264.01,9251.51,9262.49,492
2026-08-06T01:15:00+00:00,9262.49,9276.51,9261.49,9274.5,413
2026-08-06T01:30:00+00:00,9274.5,9278.5,9264.49,9266.01,419
2026-08-06T01:45:00+00:00,9266.01,9271.01,9261.49,9265,314
2026-08-06T02:00:00+00:00,9265,9269.51,9261.49,9264.51,295
2026-08-06T02:15:00+00:00,9264.51,9264.51,9246.5,9247.49,261
2026-08-06T02:30:00+00:00,9247.49,9248,9233,9247.01,261
2026-08-06T02:45:00+00:00,9247.01,9257,9247.01,9249.99,268
2026-08-06T03:00:00+00:00,9249.99,9253.51,9247,9253.51,211
2026-08-06T03:15:00+00:00,9253.51,9258.51,9251.49,9254.49,240
2026-08-06T03:30:00+00:00,9254.49,9257.51,9252.01,9253.5,144
2026-08-06T03:45:00+00:00,9253.5,9259.01,9248.49,9250.5,212
2026-08-06T04:00:00+00:00,9250.5,9253.51,9247,9247,159
2026-08-06T04:15:00+00:00,9247,9247.51,9240.5,9241.99,207
2026-08-06T04:30:00+00:00,9241.99,9242.5,9236.51,9242.49,215
2026-08-06T04:45:00+00:00,9242.49,9249.01,9242,9248.5,115
2026-08-06T05:00:00+00:00,9248.5,9250.01,9244.49,9245.99,169
2026-08-06T05:15:00+00:00,9245.99,9253,9244.49,9251.99,159
2026-08-06T05:30:00+00:00,9251.99,9252.51,9247.49,9252.51,153
2026-08-06T05:45:00+00:00,9252.51,9256.01,9248.49,9254.51,186
2026-08-06T06:00:00+00:00,9254.51,9254.59,9240.09,9241.09,426
2026-08-06T06:15:00+00:00,9241.09,9241.09,9232.09,9235.41,290
2026-08-06T07:00:00+00:00,9247.33,9270.52,9245.32,9268.51,100
2026-08-06T07:15:00+00:00,9268.51,9273.03,9258.03,9258.03,97
2026-08-06T07:30:00+00:00,9258.03,9262.03,9253.53,9254.53,140
2026-08-06T07:45:00+00:00,9254.53,9263.53,9252.01,9262.52,145
2026-08-06T08:00:00+00:00,9262.52,9264.03,9250.01,9254.02,268
2026-08-06T08:15:00+00:00,9254.02,9262.02,9248.01,9262.02,244
2026-08-06T08:30:00+00:00,9262.02,9267.52,9259.51,9267.03,178
2026-08-06T08:45:00+00:00,9267.03,9283.01,9267.03,9283.01,178
2026-08-06T09:00:00+00:00,9283.01,9285.52,9273.01,9275.52,217
2026-08-06T09:15:00+00:00,9275.52,9281.03,9275.52,9280.51,112
2026-08-06T09:30:00+00:00,9280.51,9285.03,9280.01,9282.02,147
2026-08-06T09:45:00+00:00,9282.02,9286.52,9282.02,9286.52,136
2026-08-06T10:00:00+00:00,9286.52,9287.03,9274.02,9275.02,176
2026-08-06T10:15:00+00:00,9275.02,9276.01,9271.02,9275.01,98
2026-08-06T10:30:00+00:00,9275.01,9275.53,9266.02,9267.53,70
2026-08-06T10:45:00+00:00,9267.53,9267.53,9263.52,9265.03,72
2026-08-06T11:00:00+00:00,9265.03,9268.53,9257.51,9263.01,213
2026-08-06T11:15:00+00:00,9263.01,9267.01,9260.01,9266.03,95
2026-08-06T11:30:00+00:00,9266.03,9269.03,9259.03,9259.03,110
2026-08-06T11:45:00+00:00,9259.03,9260.53,9252.51,9260.53,239
2026-08-06T12:00:00+00:00,9260.53,9263.03,9255.01,9257.52,210
2026-08-06T12:15:00+00:00,9257.52,9265.01,9253.53,9263.03,163
2026-08-06T12:30:00+00:00,9263.03,9265.33,9257.51,9259.51,263
2026-08-06T12:45:00+00:00,9259.51,9260.03,9252.01,9253.02,144
2026-08-06T13:00:00+00:00,9253.02,9256.01,9247.52,9253.02,240
2026-08-06T13:15:00+00:00,9253.02,9261.03,9253.02,9256.52,156
2026-08-06T13:30:00+00:00,9256.52,9258.53,9250.01,9254.52,394
2026-08-06T13:45:00+00:00,9254.52,9258.51,9251.02,9257.01,274
2026-08-06T14:00:00+00:00,9257.01,9278.03,9257.01,9273.03,297
2026-08-06T14:15:00+00:00,9273.03,9275.03,9260.01,9263.51,246
2026-08-06T14:30:00+00:00,9263.51,9278.03,9263.51,9277.01,212
2026-08-06T14:45:00+00:00,9277.01,9277.51,9269.01,9272.51,244
2026-08-06T15:00:00+00:00,9272.51,9275.53,9268.51,9270.03,227
2026-08-06T15:15:00+00:00,9270.03,9270.03,9256.52,9263.53,289
2026-08-06T15:30:00+00:00,9263.53,9265.03,9256.01,9260.52,307
2026-08-06T15:45:00+00:00,9260.52,9267.03,9248.51,9250.52,437
2026-08-06T16:00:00+00:00,9250.52,9251.03,9242.51,9244.52,393.8545892059127
2026-08-06T16:15:00+00:00,9244.52,9247.53,9241.51,9246.53,219
2026-08-06T16:30:00+00:00,9246.53,9253.52,9246.51,9249.03,194
2026-08-06T16:45:00+00:00,9249.03,9256.53,9247.01,9256.01,184
2026-08-06T17:00:00+00:00,9256.01,9259.03,9251.53,9251.53,157
2026-08-06T17:15:00+00:00,9251.53,9254.52,9250.01,9250.52,157
2026-08-06T17:30:00+00:00,9250.52,9252.03,9248.52,9250.02,168
2026-08-06T17:45:00+00:00,9250.02,9253.53,9248.02,9253.02,136
2026-08-06T18:00:00+00:00,9253.02,9254.53,9250.01,9252.02,144
2026-08-06T18:15:00+00:00,9252.02,9256.03,9249.53,9255.01,137
2026-08-06T18:30:00+00:00,9255.01,9255.01,9248.52,9250.52,78
2026-08-06T18:45:00+00:00,9250.52,9252.03,9248.03,9251.52,76
2026-08-06T19:00:00+00:00,9251.52,9256.53,9251.52,9253.03,95
2026-08-06T19:15:00+00:00,9253.03,9253.03,9244.01,9245.01,205
2026-08-06T19:30:00+00:00,9245.01,9248.02,9241.52,9242.01,166
2026-08-06T19:45:00+00:00,9242.01,9250.52,9241.51,9247.52,406
2026-08-06T20:00:00+00:00,9247.52,9251.02,9245.02,9245.53,72.4142178121639
2026-08-06T20:15:00+00:00,9245.53,9246.53,9236.52,9237.01,83
2026-08-06T20:30:00+00:00,9237.01,9237.53,9234.01,9234.01,35.3856022808268
2026-08-06T20:45:00+00:00,9234.01,9237.31,9233.03,9237.31,47.63209370494381
2026-08-06T23:00:00+00:00,9246.31,9246.31,9243.31,9245.31,64.02952051098008
2026-08-06T23:15:00+00:00,9245.31,9251.31,9244.31,9248.31,122.96491791108193
2026-08-06T23:30:00+00:00,9248.31,9251.31,9238.31,9239.31,195.01687802896083
2026-08-06T23:45:00+00:00,9239.31,9247.88,9227.31,9234.9,398.8702266262111
2026-08-07T00:00:00+00:00,9234.9,9245.3,9210.79,9243.8,1118
2026-08-07T00:15:00+00:00,9243.8,9243.8,9229.79,9238.78,504
2026-08-07T00:30:00+00:00,9238.78,9241.79,9223.28,9228.28,354
2026-08-07T00:45:00+00:00,9228.28,9246.29,9228.28,9245.8,285
2026-08-07T01:00:00+00:00,9245.8,9257.3,9242.79,9250.78,493
2026-08-07T01:15:00+00:00,9250.78,9265.29,9250.29,9262.29,278
2026-08-07T01:30:00+00:00,9262.29,9266.3,9255.79,9257.79,272
2026-08-07T01:45:00+00:00,9257.79,9264.3,9247.29,9252.79,199
2026-08-07T02:00:00+00:00,9252.79,9253.29,9241.78,9247.79,262
2026-08-07T02:15:00+00:00,9247.79,9258.29,9246.79,9255.29,172
2026-08-07T02:30:00+00:00,9255.29,9270.3,9254.79,9268.78,163
2026-08-07T02:45:00+00:00,9268.78,9274.28,9267.29,9270.28,151
2026-08-07T03:00:00+00:00,9270.28,9272.8,9260.3,9260.79,122
2026-08-07T03:15:00+00:00,9260.79,9265.28,9257.79,9258.8,131
2026-08-07T03:30:00+00:00,9258.8,9259.8,9255.3,9257.3,134
2026-08-07T03:45:00+00:00,9257.3,9267.29,9254.79,9266.8,114
2026-08-07T04:00:00+00:00,9266.8,9270.29,9264.28,9270.29,143
2026-08-07T04:15:00+00:00,9270.29,9277.29,9267.28,9269.79,193
2026-08-07T04:30:00+00:00,9269.79,9269.8,9261.28,9261.28,122
2026-08-07T04:45:00+00:00,9261.28,9269.29,9261.28,9269.29,114
2026-08-07T05:00:00+00:00,9269.29,9272.8,9268.28,9269.28,86
2026-08-07T05:15:00+00:00,9269.28,9272.3,9266.79,9270.28,88
2026-08-07T05:30:00+00:00,9270.28,9271.28,9261.3,9262.79,101
2026-08-07T05:45:00+00:00,9262.79,9264.28,9259.28,9260.28,118.15296495956873
2026-08-07T06:00:00+00:00,9260.28,9263.9,9256.39,9261.39,217.81030780243378
2026-08-07T06:15:00+00:00,9261.39,9262.9,9253.38,9257.69,169
2026-08-07T07:00:00+00:00,9253.69,9268.9,9253.69,9268.39,55
2026-08-07T07:15:00+00:00,9268.39,9268.4,9258.88,9258.9,128
2026-08-07T07:30:00+00:00,9258.9,9259.9,9254.88,9258.88,135
2026-08-07T07:45:00+00:00,9258.88,9258.89,9254.88,9256.89,98
2026-08-07T08:00:00+00:00,9256.89,9260.9,9256.88,9259.89,175
2026-08-07T08:15:00+00:00,9259.89,9262.9,9256.88,9262.4,178
2026-08-07T08:30:00+00:00,9262.4,9268.4,9261.38,9266.88,120
2026-08-07T08:45:00+00:00,9266.88,9267.89,9263.89,9266.88,154
2026-08-07T09:00:00+00:00,9266.88,9269.88,9263.88,9269.39,115
2026-08-07T09:15:00+00:00,9269.39,9270.89,9266.88,9270.38,107
2026-08-07T09:30:00+00:00,9270.38,9277.39,9268.89,9276.88,79
2026-08-07T09:45:00+00:00,9276.88,9284.89,9276.88,9282.4,139
2026-08-07T10:00:00+00:00,9282.4,9283.88,9280.88,9280.9,90
2026-08-07T10:15:00+00:00,9280.9,9281.88,9277.39,9279.38,74
2026-08-07T10:30:00+00:00,9279.38,9283.9,9279.38,9283.9,64.10028382213812
2026-08-07T10:45:00+00:00,9283.9,9287.4,9282.88,9283.88,95.38454288407164
2026-08-07T11:00:00+00:00,9283.88,9287.9,9281.88,9281.88,116
2026-08-07T11:15:00+00:00,9281.88,9284.89,9281.38,9281.88,58.838150289017335
2026-08-07T11:30:00+00:00,9281.88,9290.4,9281.88,9287.88,95
2026-08-07T11:45:00+00:00,9287.88,9287.9,9283.88,9284.9,54
2026-08-07T12:00:00+00:00,9284.9,9290.4,9283.89,9285.88,124
2026-08-07T12:15:00+00:00,9285.88,9290.39,9281.88,9284.19,152
2026-08-07T12:30:00+00:00,9284.19,9315.38,9284.19,9312.38,658
2026-08-07T12:45:00+00:00,9312.38,9314.89,9301.88,9302.9,306
2026-08-07T13:00:00+00:00,9302.9,9302.9,9284.88,9286.9,320
2026-08-07T13:15:00+00:00,9286.9,9288.89,9283.4,9286.4,220
2026-08-07T13:30:00+00:00,9286.4,9297.39,9282.4,9296.88,502
2026-08-07T13:45:00+00:00,9296.88,9300.89,9287.38,9292.39,399
2026-08-07T14:00:00+00:00,9292.39,9295.9,9284.38,9289.39,470
2026-08-07T14:15:00+00:00,9289.39,9309.88,9288.88,9307.89,289
2026-08-07T14:30:00+00:00,9307.89,9307.9,9298.89,9304.9,285
2026-08-07T14:45:00+00:00,9304.9,9308.39,9297.9,9299.9,257
2026-08-07T15:00:00+00:00,9299.9,9302.4,9296.4,9302.4,245
2026-08-07T15:15:00+00:00,9302.4,9302.9,9296.38,9297.89,185
2026-08-07T15:30:00+00:00,9297.89,9298.89,9289.88,9290.89,225
2026-08-07T15:45:00+00:00,9290.89,9293.88,9283.88,9289.89,203
2026-08-07T16:00:00+00:00,9289.89,9292.9,9286.89,9288.89,162
2026-08-07T16:15:00+00:00,9288.89,9290.4,9276.88,9279.38,337
2026-08-07T16:30:00+00:00,9279.38,9290.89,9276.38,9289.4,193
2026-08-07T16:45:00+00:00,9289.4,9290.89,9285.88,9285.9,150
2026-08-07T17:00:00+00:00,9285.9,9286.9,9283.38,9283.89,147.4381188118812
2026-08-07T17:15:00+00:00,9283.89,9289.89,9283.38,9289.38,65
2026-08-07T17:30:00+00:00,9289.38,9291.88,9286.38,9288.89,123
2026-08-07T17:45:00+00:00,9288.89,9290.89,9288.38,9288.9,79.99472140762464
2026-08-07T18:00:00+00:00,9288.9,9288.9,9282.38,9282.88,98
2026-08-07T18:15:00+00:00,9282.88,9285.4,9280.89,9281.38,78
2026-08-07T18:30:00+00:00,9281.38,9282.89,9276.869999999999,9276.869999999999,79.66791044776119
2026-08-07T18:45:00+00:00,9276.869999999999,9282.89,9276.369999999999,9278.89,85
2026-08-07T19:00:00+00:00,9278.89,9291.38,9277.869999999999,9290.88,263
2026-08-07T19:15:00+00:00,9290.88,9293.38,9287.89,9289.88,274
2026-08-07T19:30:00+00:00,9289.88,9290.89,9283.869999999999,9283.869999999999,177
2026-08-07T19:45:00+00:00,9283.869999999999,9289.39,9281.869999999999,9288.869999999999,196
2026-08-07T20:00:00+00:00,9288.869999999999,9293.89,9287.869999999999,9288.38,90.67139061116032
2026-08-07T20:15:00+00:00,9288.38,9288.88,9285.869999999999,9285.869999999999,37.88522458696053
2026-08-07T20:30:00+00:00,9285.869999999999,9286.39,9284.869999999999,9284.88,40.33184667910461
2026-08-09T23:45:00+00:00,9288.89,9288.89,9246.57,9248.59,256
2026-08-10T00:00:00+00:00,9248.59,9267.48,9230.49,9248.47,1158
2026-08-10T00:15:00+00:00,9248.47,9251.49,9233.47,9233.98,582
2026-08-10T00:30:00+00:00,9233.98,9238.48,9225.99,9230.97,431
2026-08-10T00:45:00+00:00,9230.97,9231.47,9213.47,9215.48,412
2026-08-10T01:00:00+00:00,9215.48,9217.47,9201.49,9210.98,584
2026-08-10T01:15:00+00:00,9210.98,9220.48,9209.47,9213.49,436
2026-08-10T01:30:00+00:00,9213.49,9226.99,9207.98,9226.99,342
2026-08-10T01:45:00+00:00,9226.99,9234.48,9224.47,9231.47,233
2026-08-10T02:00:00+00:00,9231.47,9234.49,9215.47,9215.98,206
2026-08-10T02:15:00+00:00,9215.98,9222.47,9214.98,9217.47,148
2026-08-10T02:30:00+00:00,9217.47,9220.98,9215.97,9219.47,168
2026-08-10T02:45:00+00:00,9219.47,9220.49,9214.47,9219.48,127
2026-08-10T03:00:00+00:00,9219.48,9224.48,9219.48,9223.49,137.35805626598466
2026-08-10T03:15:00+00:00,9223.49,9233.99,9220.97,9229.99,155
2026-08-10T03:30:00+00:00,9229.99,9234.48,9226.97,9228.98,118
2026-08-10T03:45:00+00:00,9228.98,9230.49,9221.97,9221.97,110
2026-08-10T04:00:00+00:00,9221.97,9222.99,9213.49,9220.49,162.51394422310756
2026-08-10T04:15:00+00:00,9220.49,9228.47,9219.97,9221.47,123
2026-08-10T04:30:00+00:00,9221.47,9223.49,9218.47,9222.47,120
2026-08-10T04:45:00+00:00,9222.47,9231.49,9221.47,9231.49,93
2026-08-10T05:00:00+00:00,9231.49,9237.49,9229.49,9230.99,125
2026-08-10T05:15:00+00:00,9230.99,9237.49,9229.47,9236.49,92.34210526315789
2026-08-10T05:30:00+00:00,9236.49,9237.49,9230.47,9231.98,111
2026-08-10T05:45:00+00:00,9231.98,9236.49,9230.98,9233.97,115
2026-08-10T06:00:00+00:00,9233.97,9235.09,9228.07,9230.09,241
2026-08-10T06:15:00+00:00,9230.09,9237.87,9229.07,9236.89,212
2026-08-10T07:00:00+00:00,9236.89,9245.59,9236.37,9240.57,90
2026-08-10T07:15:00+00:00,9240.57,9252.59,9240.09,9252.09,133
2026-08-10T07:30:00+00:00,9252.09,9255.59,9251.07,9255.08,128
2026-08-10T07:45:00+00:00,9255.08,9258.59,9250.57,9253.58,171
2026-08-10T08:00:00+00:00,9253.58,9256.09,9248.07,9249.08,146.4102564102564
2026-08-10T08:15:00+00:00,9249.08,9253.09,9248.07,9248.08,107.1737660581474
2026-08-10T08:30:00+00:00,9248.08,9250.08,9243.58,9244.59,100.67272727272727
2026-08-10T08:45:00+00:00,9244.59,9245.08,9239.08,9239.57,61.788067804074515
2026-08-10T09:00:00+00:00,9239.57,9240.59,9237.07,9238.08,103
2026-08-10T09:15:00+00:00,9238.08,9241.08,9235.07,9240.59,68
2026-08-10T09:30:00+00:00,9240.59,9240.59,9235.07,9235.58,79
2026-08-10T09:45:00+00:00,9235.58,9238.08,9235.07,9237.08,81
2026-08-10T10:00:00+00:00,9237.08,9238.09,9232.57,9235.07,120
2026-08-10T10:15:00+00:00,9235.07,9240.57,9235.07,9237.09,82.291857273559
2026-08-10T10:30:00+00:00,9237.09,9237.09,9233.08,9235.59,116
2026-08-10T10:45:00+00:00,9235.59,9236.09,9230.08,9232.07,97
2026-08-10T11:00:00+00:00,9232.07,9233.09,9226.59,9229.09,144
2026-08-10T11:15:00+00:00,9229.09,9237.08,9228.57,9236.57,98
2026-08-10T11:30:00+00:00,9236.57,9239.58,9233.09,9233.09,98.22327790973873
2026-08-10T11:45:00+00:00,9233.09,9240.09,9231.08,9239.57,114
2026-08-10T12:00:00+00:00,9239.57,9243.59,9237.07,9238.09,113
2026-08-10T12:15:00+00:00,9238.09,9240.08,9235.08,9237.07,142
2026-08-10T12:30:00+00:00,9237.07,9238.07,9226.08,9227.08,146
2026-08-10T12:45:00+00:00,9227.08,9230.08,9221.08,9230.08,184
2026-08-10T13:00:00+00:00,9230.08,9230.59,9223.08,9223.08,101
2026-08-10T13:15:00+00:00,9223.08,9227.09,9221.07,9224.09,160
2026-08-10T13:30:00+00:00,9224.09,9228.59,9214.07,9219.07,501
2026-08-10T13:45:00+00:00,9219.07,9222.09,9208.08,9209.07,339
2026-08-10T14:00:00+00:00,9209.07,9215.08,9208.07,9213.59,273
2026-08-10T14:15:00+00:00,9213.59,9221.09,9211.07,9220.57,170
2026-08-10T14:30:00+00:00,9220.57,9223.58,9216.58,9220.08,184
2026-08-10T14:45:00+00:00,9220.08,9223.09,9215.59,9218.57,265
2026-08-10T15:00:00+00:00,9218.57,9222.08,9216.07,9221.07,171
2026-08-10T15:15:00+00:00,9221.07,9228.09,9221.07,9227.07,213
2026-08-10T15:30:00+00:00,9227.07,9229.09,9222.08,9227.08,204
2026-08-10T15:45:00+00:00,9227.08,9236.07,9225.07,9235.09,160.420814479638
2026-08-10T16:00:00+00:00,9235.09,9235.09,9230.08,9231.08,85
2026-08-10T16:15:00+00:00,9231.08,9233.57,9228.57,9232.58,100
2026-08-10T16:30:00+00:00,9232.58,9233.08,9222.08,9227.58,257
2026-08-10T16:45:00+00:00,9227.58,9230.09,9226.57,9230.07,149
2026-08-10T17:00:00+00:00,9230.07,9230.08,9224.58,9225.58,107
2026-08-10T17:15:00+00:00,9225.58,9227.09,9224.07,9225.59,89
2026-08-10T17:30:00+00:00,9225.59,9228.09,9225.07,9226.08,91
2026-08-10T17:45:00+00:00,9226.08,9228.09,9224.57,9228.07,97
2026-08-10T18:00:00+00:00,9228.07,9230.09,9226.09,9227.07,71
2026-08-10T18:15:00+00:00,9227.07,9228.09,9225.07,9228.09,69
2026-08-10T18:30:00+00:00,9228.09,9231.08,9225.09,9231.08,86.74857607811228
2026-08-10T18:45:00+00:00,9231.08,9231.59,9229.57,9231.07,35.654813529921945
2026-08-10T19:00:00+00:00,9231.07,9233.58,9228.57,9233.09,57.20932277924362
2026-08-10T19:15:00+00:00,9233.09,9237.09,9232.07,9234.09,80
2026-08-10T19:30:00+00:00,9234.09,9239.08,9232.07,9237.09,59
2026-08-10T19:45:00+00:00,9237.09,9238.09,9231.08,9234.58,115
2026-08-10T20:00:00+00:00,9234.58,9235.58,9233.57,9233.57,34
2026-08-10T20:15:00+00:00,9233.57,9234.09,9232.57,9234.07,31
2026-08-10T20:30:00+00:00,9234.07,9234.58,9233.07,9233.08,16
2026-08-10T20:45:00+00:00,9233.08,9237.87,9232.09,9237.87,32
2026-08-10T23:00:00+00:00,9233.61,9233.61,9230.61,9233.61,44.83179555352326
2026-08-10T23:15:00+00:00,9233.61,9233.61,9228.61,9230.61,50.657246152732895
2026-08-10T23:30:00+00:00,9230.61,9237.61,9225.61,9236.61,59.597644372795884
2026-08-10T23:45:00+00:00,9236.61,9237.61,9202.52,9221.02,320.1376161762652
2026-08-11T00:00:00+00:00,9221.02,9240.93,9220.94,9231.44,1072
2026-08-11T00:15:00+00:00,9231.44,9235.44,9222.92,9232.94,480
2026-08-11T00:30:00+00:00,9232.94,9249.93,9230.94,9248.93,377
2026-08-11T00:45:00+00:00,9248.93,9251.93,9236.92,9241.94,237
2026-08-11T01:00:00+00:00,9241.94,9246.94,9238.42,9242.92,310
2026-08-11T01:15:00+00:00,9242.92,9250.94,9241.94,9248.44,231
2026-08-11T01:30:00+00:00,9248.44,9254.44,9242.92,9243.42,217
2026-08-11T01:45:00+00:00,9243.42,9248.94,9239.93,9243.92,213
2026-08-11T02:00:00+00:00,9243.92,9244.94,9235.93,9239.93,265
2026-08-11T02:15:00+00:00,9239.93,9249.42,9236.42,9248.92,140
2026-08-11T02:30:00+00:00,9248.92,9255.94,9248.92,9254.93,170
2026-08-11T02:45:00+00:00,9254.93,9254.93,9246.92,9246.92,114
2026-08-11T03:00:00+00:00,9246.92,9252.93,9246.92,9249.43,92
2026-08-11T03:15:00+00:00,9249.43,9260.42,9248.94,9257.92,121
2026-08-11T03:30:00+00:00,9257.92,9258.93,9249.92,9249.92,114
2026-08-11T03:45:00+00:00,9249.92,9253.44,9246.92,9246.92,79
2026-08-11T04:00:00+00:00,9246.92,9252.94,9246.92,9251.93,131
2026-08-11T04:15:00+00:00,9251.93,9256.92,9247.92,9248.93,203
2026-08-11T04:30:00+00:00,9248.93,9280.94,9248.42,9265.94,907
2026-08-11T04:45:00+00:00,9265.94,9271.44,9261.42,9261.42,183
2026-08-11T05:00:00+00:00,9261.42,9261.94,9251.94,9255.44,187
2026-08-11T05:15:00+00:00,9255.44,9262.92,9254.92,9260.44,181
2026-08-11T05:30:00+00:00,9260.44,9260.94,9252.92,9253.93,219
2026-08-11T05:45:00+00:00,9253.93,9253.93,9238.93,9244.94,324
2026-08-11T06:00:00+00:00,9244.94,9249.52,9236.03,9242.03,362
2026-08-11T06:15:00+00:00,9242.03,9242.03,9232.03,9236.34,195
2026-08-11T07:00:00+00:00,9244.1,9244.3,9231.78,9231.78,120
2026-08-11T07:15:00+00:00,9231.78,9233.3,9225.28,9227.79,238
2026-08-11T07:30:00+00:00,9227.79,9241.28,9227.79,9237.78,187
2026-08-11T07:45:00+00:00,9237.78,9237.8,9233.78,9236.28,148
2026-08-11T08:00:00+00:00,9236.28,9243.3,9230.79,9231.28,254
2026-08-11T08:15:00+00:00,9231.28,9236.29,9229.78,9231.3,242
2026-08-11T08:30:00+00:00,9231.3,9245.28,9231.28,9244.28,182
2026-08-11T08:45:00+00:00,9244.28,9245.79,9236.28,9236.3,121
2026-08-11T09:00:00+00:00,9236.3,9242.8,9234.28,9236.79,167
2026-08-11T09:15:00+00:00,9236.79,9243.79,9236.3,9237.28,141
2026-08-11T09:30:00+00:00,9237.28,9243.3,9237.28,9240.29,145
2026-08-11T09:45:00+00:00,9240.29,9244.8,9239.3,9242.3,152
2026-08-11T10:00:00+00:00,9242.3,9245.3,9239.29,9242.29,162
2026-08-11T10:15:00+00:00,9242.29,9252.8,9242.29,9248.79,291
2026-08-11T10:30:00+00:00,9248.79,9250.8,9248.28,9250.8,159
2026-08-11T10:45:00+00:00,9250.8,9252.8,9248.28,9249.8,96
2026-08-11T11:00:00+00:00,9249.8,9266.29,9247.78,9262.79,940
2026-08-11T11:15:00+00:00,9262.79,9264.28,9256.78,9260.79,205
2026-08-11T11:30:00+00:00,9260.79,9264.3,9259.28,9263.3,141
2026-08-11T11:45:00+00:00,9263.3,9265.3,9261.28,9261.79,125
2026-08-11T12:00:00+00:00,9261.79,9262.8,9256.28,9257.3,198.75574523965855
2026-08-11T12:15:00+00:00,9257.3,9257.78,9241.3,9242.78,277
2026-08-11T12:30:00+00:00,9242.78,9248.3,9240.29,9246.3,250
2026-08-11T12:45:00+00:00,9246.3,9246.3,9237.28,9237.78,169
2026-08-11T13:00:00+00:00,9237.78,9246.3,9235.28,9237.79,199
2026-08-11T13:15:00+00:00,9237.79,9245.79,9235.29,9243.28,212
2026-08-11T13:30:00+00:00,9243.28,9253.79,9237.78,9251.28,457
2026-08-11T13:45:00+00:00,9251.28,9258.3,9247.28,9247.78,436
2026-08-11T14:00:00+00:00,9247.78,9251.28,9237.28,9239.3,335
2026-08-11T14:15:00+00:00,9239.3,9242.29,9236.28,9237.3,242
2026-08-11T14:30:00+00:00,9237.3,9239.3,9232.8,9234.3,270
2026-08-11T14:45:00+00:00,9234.3,9240.3,9234.28,9235.3,289
2026-08-11T15:00:00+00:00,9235.3,9240.29,9231.78,9233.28,186
2026-08-11T15:15:00+00:00,9233.28,9233.3,9224.29,9225.8,277
2026-08-11T15:30:00+00:00,9225.8,9227.29,9215.79,9217.28,420
2026-08-11T15:45:00+00:00,9217.28,9219.8,9215.78,9218.28,165
2026-08-11T16:00:00+00:00,9218.28,9224.3,9217.3,9221.8,154
2026-08-11T16:15:00+00:00,9221.8,9224.3,9218.28,9220.28,141
2026-08-11T16:30:00+00:00,9220.28,9220.28,9216.28,9218.29,109
2026-08-11T16:45:00+00:00,9218.29,9218.3,9215.28,9215.3,119
2026-08-11T17:00:00+00:00,9215.3,9218.28,9212.79,9213.28,139
2026-08-11T17:15:00+00:00,9213.28,9215.29,9209.28,9210.8,149
2026-08-11T17:30:00+00:00,9210.8,9210.8,9207.28,9209.28,100
2026-08-11T17:45:00+00:00,9209.28,9209.3,9204.8,9205.79,118
2026-08-11T18:00:00+00:00,9205.79,9205.79,9199.28,9200.29,124
2026-08-11T18:15:00+00:00,9200.29,9202.3,9195.8,9196.78,167
2026-08-11T18:30:00+00:00,9196.78,9204.3,9196.78,9200.28,149
2026-08-11T18:45:00+00:00,9200.28,9203.3,9200.28,9200.3,131
2026-08-11T19:00:00+00:00,9200.3,9207.8,9199.78,9206.3,120
2026-08-11T19:15:00+00:00,9206.3,9208.79,9205.28,9207.79,81
2026-08-11T19:30:00+00:00,9207.79,9209.3,9206.29,9207.3,86.79310344827587
2026-08-11T19:45:00+00:00,9207.3,9210.3,9205.28,9207.29,194
2026-08-11T20:00:00+00:00,9207.29,9208.3,9205.28,9205.79,82.2337536372454
2026-08-11T20:15:00+00:00,9206.79,9209.29,9206.28,9209.29,27
2026-08-11T20:30:00+00:00,9209.29,9209.3,9208.28,9208.3,17
2026-08-11T20:45:00+00:00,9208.3,9210.09,9203.29,9210.09,43
2026-08-11T23:00:00+00:00,9214.91,9215.91,9212.91,9213.91,70.17298132759328
2026-08-11T23:15:00+00:00,9213.91,9214.91,9211.91,9213.91,75.62606601687727
2026-08-11T23:30:00+00:00,9213.91,9213.91,9207.91,9212.91,97.55068305059399
2026-08-11T23:45:00+00:00,9212.91,9217.91,9199.34,9203.85,343.5418068204848
2026-08-12T00:00:00+00:00,9203.85,9210.26,9188.74,9205.25,1362
2026-08-12T00:15:00+00:00,9205.25,9212.76,9201.76,9209.26,632
2026-08-12T00:30:00+00:00,9209.26,9223.25,9207.76,9216.74,452
2026-08-12T00:45:00+00:00,9216.74,9218.26,9197.74,9198.24,370
2026-08-12T01:00:00+00:00,9198.24,9207.26,9196.74,9196.74,321
2026-08-12T01:15:00+00:00,9196.74,9200.76,9192.24,9193.76,255
2026-08-12T01:30:00+00:00,9193.76,9196.74,9189.74,9192.26,185
2026-08-12T01:45:00+00:00,9192.26,9194.76,9187.74,9191.25,239
2026-08-12T02:00:00+00:00,9191.25,9194.76,9187.76,9191.24,215
2026-08-12T02:15:00+00:00,9191.24,9197.26,9187.76,9191.74,176
2026-08-12T02:30:00+00:00,9191.74,9192.74,9186.74,9189.76,150
2026-08-12T02:45:00+00:00,9189.76,9190.75,9181.74,9184.26,179
2026-08-12T03:00:00+00:00,9184.26,9186.76,9180.24,9180.26,162
2026-08-12T03:15:00+00:00,9180.26,9183.74,9177.74,9181.74,149.5712319339298
2026-08-12T03:30:00+00:00,9181.74,9184.76,9178.74,9179.25,125
2026-08-12T03:45:00+00:00,9179.25,9181.75,9176.75,9179.24,94
2026-08-12T04:00:00+00:00,9179.24,9190.76,9179.24,9189.75,134
2026-08-12T04:15:00+00:00,9189.75,9191.76,9184.75,9186.75,116
2026-08-12T04:30:00+00:00,9186.75,9188.75,9183.75,9187.25,106
2026-08-12T04:45:00+00:00,9187.25,9195.76,9186.75,9194.75,97
2026-08-12T05:00:00+00:00,9194.75,9195.76,9192.24,9192.74,121
2026-08-12T05:15:00+00:00,9192.74,9195.76,9190.24,9194.24,69
2026-08-12T05:30:00+00:00,9194.24,9196.76,9191.75,9195.24,88
2026-08-12T05:45:00+00:00,9195.24,9198.75,9193.74,9195.25,129
2026-08-12T06:00:00+00:00,9195.25,9196.36,9190.34,9194.35,189
2026-08-12T06:15:00+00:00,9194.35,9207.14,9193.85,9206.64,140.58039215686273
2026-08-12T07:00:00+00:00,9212.82,9222.03,9211.52,9211.52,114
2026-08-12T07:15:00+00:00,9211.52,9216.54,9203.52,9204.52,183
2026-08-12T07:30:00+00:00,9204.52,9211.04,9202.52,9209.52,166
2026-08-12T07:45:00+00:00,9209.52,9211.54,9203.52,9207.52,164
2026-08-12T08:00:00+00:00,9207.52,9208.04,9200.02,9203.52,237
2026-08-12T08:15:00+00:00,9203.52,9206.53,9201.52,9204.54,142
2026-08-12T08:30:00+00:00,9204.54,9204.54,9197.53,9200.53,137
2026-08-12T08:45:00+00:00,9200.53,9201.54,9197.52,9198.52,110
2026-08-12T09:00:00+00:00,9198.52,9204.04,9198.52,9201.52,107
2026-08-12T09:15:00+00:00,9201.52,9213.54,9200.52,9204.54,537
2026-08-12T09:30:00+00:00,9204.54,9214.03,9203.53,9207.53,213
2026-08-12T09:45:00+00:00,9207.53,9214.04,9201.52,9205.03,329
2026-08-12T10:00:00+00:00,9205.03,9213.53,9203.52,9211.52,104
2026-08-12T10:15:00+00:00,9211.52,9213.53,9210.03,9210.54,74.6435100548446
2026-08-12T10:30:00+00:00,9210.54,9216.52,9209.53,9216.52,78
2026-08-12T10:45:00+00:00,9216.52,9218.52,9207.04,9216.52,284
2026-08-12T11:00:00+00:00,9216.52,9219.53,9212.03,9212.53,147
2026-08-12T11:15:00+00:00,9212.53,9217.54,9211.52,9217.02,101
2026-08-12T11:30:00+00:00,9217.02,9218.54,9213.02,9218.54,131
2026-08-12T11:45:00+00:00,9218.54,9218.54,9215.52,9215.54,96.68255080588648
2026-08-12T12:00:00+00:00,9215.54,9216.04,9208.52,9210.04,106
2026-08-12T12:15:00+00:00,9210.04,9215.84,9203.52,9215.82,251
2026-08-12T12:30:00+00:00,9215.82,9217.54,9196.82,9208.04,1151
2026-08-12T12:45:00+00:00,9208.04,9210.54,9203.52,9209.54,348
2026-08-12T13:00:00+00:00,9209.54,9210.54,9197.02,9197.53,353
2026-08-12T13:15:00+00:00,9197.53,9204.54,9196.52,9200.53,179
2026-08-12T13:30:00+00:00,9200.53,9203.04,9188.53,9194.52,638
2026-08-12T13:45:00+00:00,9194.52,9202.53,9191.02,9191.02,324
2026-08-12T14:00:00+00:00,9191.02,9195.04,9184.02,9184.54,348
2026-08-12T14:15:00+00:00,9184.54,9188.54,9181.53,9182.52,214
2026-08-12T14:30:00+00:00,9182.52,9188.54,9171.84,9188.52,576
2026-08-12T14:45:00+00:00,9188.52,9190.54,9178.52,9181.04,245
2026-08-12T15:00:00+00:00,9181.04,9181.53,9176.53,9179.53,276
2026-08-12T15:15:00+00:00,9179.53,9183.54,9176.52,9183.54,163
2026-08-12T15:30:00+00:00,9183.54,9183.54,9177.02,9181.04,253
2026-08-12T15:45:00+00:00,9181.04,9182.52,9177.52,9180.03,115
2026-08-12T16:00:00+00:00,9180.03,9185.53,9179.54,9184.02,154.1875
2026-08-12T16:15:00+00:00,9184.02,9187.03,9183.52,9184.54,99
2026-08-12T16:30:00+00:00,9184.54,9184.54,9180.53,9182.52,90
2026-08-12T16:45:00+00:00,9182.52,9184.54,9181.52,9183.54,136
2026-08-12T17:00:00+00:00,9183.54,9187.54,9182.52,9187.03,89
2026-08-12T17:15:00+00:00,9187.03,9187.54,9184.02,9185.53,92.84924078091106
2026-08-12T17:30:00+00:00,9185.53,9186.02,9183.52,9185.52,90.0412432755529
2026-08-12T17:45:00+00:00,9185.52,9187.04,9183.02,9184.53,75
2026-08-12T18:00:00+00:00,9184.53,9188.53,9183.52,9187.54,92.92755905511811
2026-08-12T18:15:00+00:00,9187.54,9191.54,9186.53,9188.04,81.87175188600168
2026-08-12T18:30:00+00:00,9188.04,9192.02,9187.53,9192.02,62
2026-08-12T18:45:00+00:00,9192.02,9193.53,9189.52,9190.03,49.495479097921354
2026-08-12T19:00:00+00:00,9190.03,9196.02,9190.03,9195.53,74
2026-08-12T19:15:00+00:00,9195.53,9196.53,9193.52,9195.52,84.3184802440865
2026-08-12T19:30:00+00:00,9195.52,9198.53,9195.03,9196.52,84
2026-08-12T19:45:00+00:00,9196.52,9197.52,9190.52,9195.53,243.0378331973344
2026-08-12T20:00:00+00:00,9195.53,9197.04,9193.52,9194.04,141
2026-08-12T20:15:00+00:00,9194.04,9194.04,9190.52,9190.52,31.666666666666664
2026-08-12T20:30:00+00:00,9190.52,9191.04,9190.02,9191.04,33.66221698323107
2026-08-12T20:45:00+00:00,9191.04,9198.82,9188.02,9198.33,37.38813443835967
2026-08-12T23:00:00+00:00,9187.41,9190.41,9186.41,9186.41,73.47184690876995
2026-08-12T23:15:00+00:00,9186.41,9186.41,9182.41,9182.41,65.18940549063005
2026-08-12T23:30:00+00:00,9182.41,9184.41,9173.41,9178.41,159.66617568707775
2026-08-12T23:45:00+00:00,9178.41,9181.41,9149.99,9160.5,339.24873670987074
2026-08-13T00:00:00+00:00,9160.5,9173.41,9143.4,9143.9,1154
2026-08-13T00:15:00+00:00,9143.9,9162.89,9139.91,9159.39,470
2026-08-13T00:30:00+00:00,9159.39,9164.91,9150.9,9151.9,376
2026-08-13T00:45:00+00:00,9151.9,9151.9,9135.89,9138.39,283
2026-08-13T01:00:00+00:00,9138.39,9139.89,9111.89,9112.41,454
2026-08-13T01:15:00+00:00,9112.41,9125.91,9109.39,9124.9,368
2026-08-13T01:30:00+00:00,9124.9,9136.91,9123.4,9126.91,272
2026-08-13T01:45:00+00:00,9126.91,9136.41,9125.89,9127.9,284
2026-08-13T02:00:00+00:00,9127.9,9138.41,9127.39,9134.91,123
2026-08-13T02:15:00+00:00,9134.91,9138.91,9124.39,9124.41,195
2026-08-13T02:30:00+00:00,9124.41,9128.91,9119.89,9127.91,239
2026-08-13T02:45:00+00:00,9127.91,9131.89,9125.4,9128.4,128
2026-08-13T03:00:00+00:00,9128.4,9131.9,9124.39,9128.91,136
2026-08-13T03:15:00+00:00,9128.91,9131.4,9126.89,9129.91,127
2026-08-13T03:30:00+00:00,9129.91,9137.41,9127.9,9137.39,163
2026-08-13T03:45:00+00:00,9137.39,9144.89,9136.39,9144.89,105
2026-08-13T04:00:00+00:00,9144.89,9151.4,9142.9,9147.4,185
2026-08-13T04:15:00+00:00,9147.4,9149.41,9141.4,9144.4,173
2026-08-13T04:30:00+00:00,9144.4,9144.41,9134.39,9137.89,159
2026-08-13T04:45:00+00:00,9137.89,9142.91,9136.89,9141.89,138
2026-08-13T05:00:00+00:00,9141.89,9156.91,9141.89,9155.89,126
2026-08-13T05:15:00+00:00,9155.89,9164.9,9154.89,9164.9,140
2026-08-13T05:30:00+00:00,9164.9,9164.9,9156.89,9159.9,159
2026-08-13T05:45:00+00:00,9159.9,9166.91,9158.9,9163.91,102
2026-08-13T06:00:00+00:00,9163.91,9166.5,9156.49,9161,323
2026-08-13T06:15:00+00:00,9161,9164.01,9156.49,9160.81,178
2026-08-13T07:00:00+00:00,9189.73,9193.43,9178.43,9179.43,122
2026-08-13T07:15:00+00:00,9179.43,9180.93,9174.43,9176.41,185
2026-08-13T07:30:00+00:00,9176.41,9184.92,9174.91,9184.43,105
2026-08-13T07:45:00+00:00,9184.43,9185.43,9175.41,9175.41,144.2619718309859
2026-08-13T08:00:00+00:00,9175.41,9184.41,9172.41,9183.41,242
2026-08-13T08:15:00+00:00,9183.41,9188.43,9182.41,9188.43,164
2026-08-13T08:30:00+00:00,9188.43,9191.93,9187.41,9191.91,116
2026-08-13T08:45:00+00:00,9191.91,9195.92,9190.42,9194.91,66.9527665317139
2026-08-13T09:00:00+00:00,9194.91,9194.93,9189.41,9192.43,128
2026-08-13T09:15:00+00:00,9192.43,9193.43,9189.43,9191.42,104
2026-08-13T09:30:00+00:00,9191.42,9192.93,9190.91,9192.42,78
2026-08-13T09:45:00+00:00,9192.42,9192.42,9188.42,9189.91,74.42928571428571
2026-08-13T10:00:00+00:00,9189.91,9190.43,9184.41,9186.41,74.0355960018084
2026-08-13T10:15:00+00:00,9186.41,9194.43,9186.41,9191.41,75.71733966745843
2026-08-13T10:30:00+00:00,9191.41,9194.93,9190.41,9194.93,64
2026-08-13T10:45:00+00:00,9194.93,9197.42,9193.91,9196.92,66
2026-08-13T11:00:00+00:00,9196.92,9201.41,9196.92,9198.93,94
2026-08-13T11:15:00+00:00,9198.93,9199.43,9191.91,9191.92,72
2026-08-13T11:30:00+00:00,9191.92,9192.42,9187.43,9190.93,82
2026-08-13T11:45:00+00:00,9190.93,9191.42,9182.42,9182.93,78
2026-08-13T12:00:00+00:00,9182.93,9186.42,9178.92,9179.41,164
2026-08-13T12:15:00+00:00,9179.41,9180.93,9177.41,9178.42,102.39226035656043
2026-08-13T12:30:00+00:00,9178.42,9187.93,9173.92,9179.43,484
2026-08-13T12:45:00+00:00,9179.43,9180.93,9172.91,9175.41,171
2026-08-13T13:00:00+00:00,9175.41,9182.41,9174.91,9179.41,218
2026-08-13T13:15:00+00:00,9179.41,9182.93,9178.91,9181.91,117
2026-08-13T13:30:00+00:00,9181.91,9188.43,9175.41,9177.93,629
2026-08-13T13:45:00+00:00,9177.93,9178.43,9165.43,9166.93,367
2026-08-13T14:00:00+00:00,9166.93,9175.42,9164.91,9165.91,320
2026-08-13T14:15:00+00:00,9165.91,9172.92,9160.42,9171.41,265
2026-08-13T14:30:00+00:00,9171.41,9177.41,9165.91,9170.43,231
2026-08-13T14:45:00+00:00,9170.43,9171.43,9166.93,9169.42,210
2026-08-13T15:00:00+00:00,9169.42,9171.93,9154.41,9154.93,276
2026-08-13T15:15:00+00:00,9154.93,9156.43,9149.41,9151.41,398
2026-08-13T15:30:00+00:00,9151.41,9163.42,9148.92,9158.92,361
2026-08-13T15:45:00+00:00,9158.92,9159.43,9150.43,9151.41,217
2026-08-13T16:00:00+00:00,9151.41,9154.43,9148.41,9148.42,149
2026-08-13T16:15:00+00:00,9148.42,9156.41,9148.42,9156.41,125
2026-08-13T16:30:00+00:00,9156.41,9157.43,9153.91,9154.41,118
2026-08-13T16:45:00+00:00,9154.41,9159.43,9153.91,9158.41,91
2026-08-13T17:00:00+00:00,9158.41,9160.42,9156.41,9157.42,92
2026-08-13T17:15:00+00:00,9157.42,9159.42,9156.41,9156.42,71.58196010407633
2026-08-13T17:30:00+00:00,9156.42,9157.43,9152.92,9153.43,88
2026-08-13T17:45:00+00:00,9153.43,9156.42,9151.92,9152.41,65.67854503506639
2026-08-13T18:00:00+00:00,9152.41,9158.41,9152.41,9156.92,89
2026-08-13T18:15:00+00:00,9156.92,9157.43,9153.43,9156.42,105.72696704774714
2026-08-13T18:30:00+00:00,9156.42,9159.42,9156.41,9157.43,76
2026-08-13T18:45:00+00:00,9157.43,9157.43,9154.41,9154.41,87.60550382853458
2026-08-13T19:00:00+00:00,9154.41,9156.43,9149.91,9150.43,91
2026-08-13T19:15:00+00:00,9150.43,9152.93,9148.41,9148.43,72
2026-08-13T19:30:00+00:00,9148.43,9151.42,9148.41,9148.93,56
2026-08-13T19:45:00+00:00,9148.93,9151.43,9146.41,9149.41,123
2026-08-13T20:00:00+00:00,9149.41,9155.42,9148.91,9151.91,90.64823688332717
2026-08-13T20:15:00+00:00,9151.91,9151.93,9150.41,9151.43,38.29030738126489
2026-08-13T20:30:00+00:00,9151.43,9153.42,9150.91,9153.41,32.315114653307496
2026-08-13T20:45:00+00:00,9153.41,9154.43,9149.73,9152.73,35.88059617586366
2026-08-13T23:00:00+00:00,9142.51,9152.51,9142.51,9152.51,45.10520596739367
2026-08-13T23:15:00+00:00,9152.51,9155.51,9149.51,9154.51,66.6803261614584
2026-08-13T23:30:00+00:00,9154.51,9160.51,9153.51,9159.51,120.44113233832233
2026-08-13T23:45:00+00:00,9159.51,9164.95,9142.2,9142.7,421.70685549392505
2026-08-14T00:00:00+00:00,9142.7,9146.58,9120.59,9135.58,1208
2026-08-14T00:15:00+00:00,9135.58,9143.59,9126.58,9127.1,677
2026-08-14T00:30:00+00:00,9127.1,9133.6,9115.1,9116.58,542
2026-08-14T00:45:00+00:00,9116.58,9126.6,9112.09,9122.59,371
2026-08-14T01:00:00+00:00,9122.59,9133.59,9118.59,9127.1,301
2026-08-14T01:15:00+00:00,9127.1,9139.08,9127.1,9137.09,332
2026-08-14T01:30:00+00:00,9137.09,9141.6,9130.58,9133.59,300
2026-08-14T01:45:00+00:00,9133.59,9135.1,9129.58,9129.59,199
2026-08-14T02:00:00+00:00,9129.59,9134.6,9124.59,9125.09,228
2026-08-14T02:15:00+00:00,9125.09,9132.59,9123.58,9129.58,163
2026-08-14T02:30:00+00:00,9129.58,9131.6,9122.08,9124.1,155
2026-08-14T02:45:00+00:00,9124.1,9126.6,9115.08,9115.6,167.0874057525831
2026-08-14T03:00:00+00:00,9115.6,9118.1,9111.59,9114.6,139
2026-08-14T03:15:00+00:00,9114.6,9123.1,9113.58,9115.6,118
2026-08-14T03:30:00+00:00,9115.6,9118.59,9115.08,9115.6,103
2026-08-14T03:45:00+00:00,9115.6,9115.6,9106.59,9107.09,127
2026-08-14T04:00:00+00:00,9107.09,9113.6,9105.59,9110.6,114
2026-08-14T04:15:00+00:00,9110.6,9111.1,9097.58,9098.6,106
2026-08-14T04:30:00+00:00,9098.6,9105.1,9095.59,9099.59,142
2026-08-14T04:45:00+00:00,9099.59,9102.58,9096.08,9097.59,115
2026-08-14T05:00:00+00:00,9097.59,9103.6,9096.09,9103.6,125
2026-08-14T05:15:00+00:00,9103.6,9108.59,9102.59,9108.09,97.26013513513513
2026-08-14T05:30:00+00:00,9108.09,9110.59,9105.09,9106.6,112
2026-08-14T05:45:00+00:00,9106.6,9110.1,9104.09,9108.59,113
2026-08-14T06:00:00+00:00,9108.59,9113.7,9101.19,9110.19,275
2026-08-14T06:15:00+00:00,9110.19,9113.5,9106.18,9113,141
2026-08-14T07:00:00+00:00,9106.22,9106.22,9085.41,9087.41,85
2026-08-14T07:15:00+00:00,9087.41,9091.41,9081.41,9086.41,180
2026-08-14T07:30:00+00:00,9086.41,9090.4,9086.4,9089.91,141
2026-08-14T07:45:00+00:00,9089.91,9092.9,9087.4,9090.42,145
2026-08-14T08:00:00+00:00,9090.42,9093.41,9083.4,9087.4,203
2026-08-14T08:15:00+00:00,9087.4,9091.4,9083.9,9090.42,138
2026-08-14T08:30:00+00:00,9090.42,9093.42,9088.4,9092.4,159
2026-08-14T08:45:00+00:00,9092.4,9095.42,9091.4,9091.4,95
2026-08-14T09:00:00+00:00,9091.4,9096.41,9090.4,9094.9,115
2026-08-14T09:15:00+00:00,9094.9,9098.42,9092.9,9094.42,89
2026-08-14T09:30:00+00:00,9094.42,9096.41,9087.4,9093.42,130
2026-08-14T09:45:00+00:00,9093.42,9095.42,9089.4,9090.42,96
2026-08-14T10:00:00+00:00,9090.42,9099.42,9090.42,9098.9,122
2026-08-14T10:15:00+00:00,9098.9,9098.9,9092.4,9093.91,73.18996960486322
2026-08-14T10:30:00+00:00,9093.91,9096.42,9091.9,9095.42,90
2026-08-14T10:45:00+00:00,9095.42,9095.42,9092.4,9093.42,75
2026-08-14T11:00:00+00:00,9093.42,9093.42,9082.4,9083.42,125.93097184377838
2026-08-14T11:15:00+00:00,9083.42,9093.92,9083.4,9091.4,75
2026-08-14T11:30:00+00:00,9091.4,9096.42,9091.4,9096.4,90
2026-08-14T11:45:00+00:00,9096.4,9096.42,9089.9,9092.42,126
2026-08-14T12:00:00+00:00,9092.42,9094.42,9085.9,9094.41,173
2026-08-14T12:15:00+00:00,9094.41,9100.4,9092.41,9100.4,114
2026-08-14T12:30:00+00:00,9100.4,9102.41,9094.4,9095.9,234
2026-08-14T12:45:00+00:00,9095.9,9097.41,9092.41,9094.92,121
2026-08-14T13:00:00+00:00,9094.92,9095.9,9089.41,9089.41,133
2026-08-14T13:15:00+00:00,9089.41,9095.91,9088.91,9094.4,171
2026-08-14T13:30:00+00:00,9094.4,9098.42,9088.92,9095.42,411
2026-08-14T13:45:00+00:00,9095.42,9097.41,9088.92,9092.42,283
2026-08-14T14:00:00+00:00,9092.42,9093.92,9087.4,9087.42,209
2026-08-14T14:15:00+00:00,9087.42,9088.42,9083.41,9087.41,247
2026-08-14T14:30:00+00:00,9087.41,9088.92,9076.41,9077.41,273
2026-08-14T14:45:00+00:00,9077.41,9078.42,9071.4,9073.41,116
2026-08-14T15:00:00+00:00,9073.41,9078.4,9069.9,9074.92,153
2026-08-14T15:15:00+00:00,9074.92,9075.42,9066.41,9070.91,250
2026-08-14T15:30:00+00:00,9070.91,9071.42,9060.9,9062.4,278
2026-08-14T15:45:00+00:00,9062.4,9066.42,9062.4,9065.42,143
2026-08-14T16:00:00+00:00,9065.42,9069.4,9062.42,9064.42,144
2026-08-14T16:15:00+00:00,9064.42,9069.92,9064.42,9067.4,72.12960934647681
2026-08-14T16:30:00+00:00,9067.4,9069.42,9064.41,9065.4,90
2026-08-14T16:45:00+00:00,9065.4,9066.42,9063.9,9064.42,91.36763005780347
2026-08-14T17:00:00+00:00,9064.42,9066.41,9063.4,9065.42,144
2026-08-14T17:15:00+00:00,9065.42,9067.4,9064.42,9065.42,78.50428265524626
2026-08-14T17:30:00+00:00,9065.42,9067.42,9062.91,9065.4,89
2026-08-14T17:45:00+00:00,9065.4,9065.91,9063.4,9064.41,49.73427866831073
2026-08-14T18:00:00+00:00,9064.41,9067.42,9063.4,9066.4,80
2026-08-14T18:15:00+00:00,9066.4,9068.4,9066.4,9068.4,38.81192660550459
2026-08-14T18:30:00+00:00,9068.4,9075.41,9067.9,9068.92,102
2026-08-14T18:45:00+00:00,9068.92,9074.41,9068.41,9074.4,88.58526740665994
2026-08-14T19:00:00+00:00,9074.4,9076.42,9072.4,9072.4,80
2026-08-14T19:15:00+00:00,9072.4,9079.41,9071.9,9077.41,66
2026-08-14T19:30:00+00:00,9077.41,9080.92,9076.9,9076.9,40.60445387062566
2026-08-14T19:45:00+00:00,9076.9,9078.41,9071.91,9077.9,147
2026-08-14T20:00:00+00:00,9077.9,9082.4,9075.4,9076.42,64.04747162022704
2026-08-14T20:15:00+00:00,9076.42,9076.92,9075.4,9075.9,29.857802032277323
2026-08-14T20:30:00+00:00,9075.9,9076.92,9074.41,9074.41,29.352845188591377
2026-08-16T23:45:00+00:00,9073.41,9087.04,9073.41,9081.03,97
2026-08-17T00:00:00+00:00,9081.03,9094.93,9077.43,9081.43,759
2026-08-17T00:15:00+00:00,9081.43,9094.43,9075.43,9094.43,434
2026-08-17T00:30:00+00:00,9094.43,9094.43,9081.43,9082.93,302
2026-08-17T00:45:00+00:00,9082.93,9086.95,9079.44,9080.95,276
2026-08-17T01:00:00+00:00,9080.95,9092.45,9079.45,9090.44,276
2026-08-17T01:15:00+00:00,9090.44,9099.45,9086.95,9099.45,276
2026-08-17T01:30:00+00:00,9099.45,9108.44,9097.93,9104.93,323
2026-08-17T01:45:00+00:00,9104.93,9105.45,9089.93,9089.94,266
2026-08-17T02:00:00+00:00,9089.94,9091.45,9082.93,9085.94,207
2026-08-17T02:15:00+00:00,9085.94,9091.43,9084.93,9089.94,158
2026-08-17T02:30:00+00:00,9089.94,9090.45,9082.93,9084.44,159.3834304746045
2026-08-17T02:45:00+00:00,9084.44,9093.45,9080.44,9080.44,153
2026-08-17T03:00:00+00:00,9080.44,9087.95,9080.43,9084.44,123
2026-08-17T03:15:00+00:00,9084.44,9084.44,9077.44,9080.94,144
2026-08-17T03:30:00+00:00,9080.94,9081.95,9078.43,9080.44,143
2026-08-17T03:45:00+00:00,9080.44,9081.94,9076.93,9078.43,142.8216039279869
2026-08-17T04:00:00+00:00,9078.43,9082.94,9076.45,9079.44,158
2026-08-17T04:15:00+00:00,9079.44,9079.45,9072.43,9072.44,87.99630996309963
2026-08-17T04:30:00+00:00,9072.44,9072.44,9063.44,9064.45,133
2026-08-17T04:45:00+00:00,9064.45,9067.45,9062.45,9064.45,153.58471760797343
2026-08-17T05:00:00+00:00,9064.45,9072.45,9064.43,9068.95,183
2026-08-17T05:15:00+00:00,9068.95,9069.44,9063.45,9065.44,144
2026-08-17T05:30:00+00:00,9065.44,9069.43,9064.43,9065.45,164
2026-08-17T05:45:00+00:00,9065.45,9066.43,9060.94,9062.44,127
2026-08-17T06:00:00+00:00,9062.44,9070.54,9058.03,9069.03,418
2026-08-17T06:15:00+00:00,9069.03,9071.53,9063.05,9071.35,167
2026-08-17T07:00:00+00:00,9072.35,9072.35,9059.05,9059.05,84
2026-08-17T07:15:00+00:00,9059.05,9059.05,9046.05,9055.55,163
2026-08-17T07:30:00+00:00,9055.55,9064.04,9054.05,9062.04,143
2026-08-17T07:45:00+00:00,9062.04,9065.05,9055.54,9058.04,99
2026-08-17T08:00:00+00:00,9058.04,9061.03,9050.05,9058.05,159
2026-08-17T08:15:00+00:00,9058.05,9058.05,9052.03,9053.04,107
2026-08-17T08:30:00+00:00,9053.04,9055.53,9048.05,9049.04,82
2026-08-17T08:45:00+00:00,9049.04,9050.04,9043.03,9048.03,102
2026-08-17T09:00:00+00:00,9048.03,9048.54,9043.53,9046.04,92
2026-08-17T09:15:00+00:00,9046.04,9047.05,9043.03,9046.04,75
2026-08-17T09:30:00+00:00,9046.04,9047.05,9040.04,9043.05,65.81758241758241
2026-08-17T09:45:00+00:00,9043.05,9043.55,9036.04,9037.03,79
2026-08-17T10:00:00+00:00,9037.03,9045.54,9036.53,9041.03,101
2026-08-17T10:15:00+00:00,9041.03,9058.55,9040.04,9058.03,267
2026-08-17T10:30:00+00:00,9058.03,9058.54,9041.04,9046.05,357
2026-08-17T10:45:00+00:00,9046.05,9048.03,9042.54,9044.03,132
2026-08-17T11:00:00+00:00,9044.03,9044.05,9039.03,9039.04,122
2026-08-17T11:15:00+00:00,9039.04,9043.53,9035.53,9042.05,88
2026-08-17T11:30:00+00:00,9042.05,9045.03,9038.55,9040.05,88.66666666666667
2026-08-17T11:45:00+00:00,9040.05,9041.05,9032.04,9032.54,84
2026-08-17T12:00:00+00:00,9032.54,9035.05,9024.04,9024.55,119
2026-08-17T12:15:00+00:00,9024.55,9025.04,9010.05,9013.05,212
2026-08-17T12:30:00+00:00,9013.05,9015.54,9007.03,9008.54,218
2026-08-17T12:45:00+00:00,9008.54,9014.04,9005.03,9009.55,196
2026-08-17T13:00:00+00:00,9009.55,9014.53,9008.03,9010.53,115
2026-08-17T13:15:00+00:00,9010.53,9015.05,9009.53,9013.54,164.93968023255815
2026-08-17T13:30:00+00:00,9013.54,9033.05,9012.05,9027.55,356
2026-08-17T13:45:00+00:00,9027.55,9043.05,9025.53,9043.05,305
2026-08-17T14:00:00+00:00,9043.05,9043.05,9038.03,9039.05,198
2026-08-17T14:15:00+00:00,9039.05,9043.55,9030.53,9031.05,146
2026-08-17T14:30:00+00:00,9031.05,9040.54,9030.05,9031.05,153
2026-08-17T14:45:00+00:00,9031.05,9032.05,9025.53,9027.04,127
2026-08-17T15:00:00+00:00,9027.04,9034.05,9024.53,9026.03,207
2026-08-17T15:15:00+00:00,9026.03,9033.05,9023.04,9032.04,140
2026-08-17T15:30:00+00:00,9032.04,9036.05,9028.53,9035.05,128
2026-08-17T15:45:00+00:00,9035.05,9035.53,9030.03,9034.53,61
2026-08-17T16:00:00+00:00,9034.53,9037.05,9033.04,9036.03,74.74088478366554
2026-08-17T16:15:00+00:00,9036.03,9037.05,9031.03,9031.04,82
2026-08-17T16:30:00+00:00,9031.04,9031.05,9027.03,9028.03,40.17074388417374
2026-08-17T16:45:00+00:00,9028.03,9031.03,9025.05,9029.05,71.34357224118317
2026-08-17T17:00:00+00:00,9029.05,9030.05,9027.03,9028.53,53.9468686597446
2026-08-17T17:15:00+00:00,9028.53,9030.05,9022.04,9024.04,117
2026-08-17T17:30:00+00:00,9024.04,9026.55,9019.53,9026.55,167
2026-08-17T17:45:00+00:00,9026.55,9028.04,9024.04,9024.05,59
2026-08-17T18:00:00+00:00,9024.05,9027.05,9021.54,9026.53,116
2026-08-17T18:15:00+00:00,9026.53,9028.05,9025.03,9028.05,108
2026-08-17T18:30:00+00:00,9028.05,9028.05,9023.03,9023.03,81
2026-08-17T18:45:00+00:00,9023.03,9024.54,9021.05,9022.55,57
2026-08-17T19:00:00+00:00,9022.55,9025.05,9019.03,9025.05,113
2026-08-17T19:15:00+00:00,9025.05,9028.53,9022.55,9027.55,70
2026-08-17T19:30:00+00:00,9027.55,9032.05,9024.55,9028.53,105
2026-08-17T19:45:00+00:00,9028.53,9033.04,9026.03,9031.03,154
2026-08-17T20:00:00+00:00,9031.03,9032.04,9029.04,9030.53,49
2026-08-17T20:15:00+00:00,9030.53,9032.55,9030.53,9031.54,17
2026-08-17T20:30:00+00:00,9031.54,9032.04,9029.03,9030.55,43
2026-08-17T20:45:00+00:00,9030.55,9032.83,9030.05,9032.83,39
2026-08-17T23:00:00+00:00,9032.81,9032.81,9028.81,9029.81,54.585660059602134
2026-08-17T23:15:00+00:00,9029.81,9031.81,9027.81,9030.81,64.28235501251062
2026-08-17T23:30:00+00:00,9030.81,9040.81,9030.81,9039.81,121.55916634584267
2026-08-17T23:45:00+00:00,9039.81,9073.58,9027.81,9071.57,616.5768629954023
2026-08-18T00:00:00+00:00,9071.57,9089.48,9060.49,9087.49,1303
2026-08-18T00:15:00+00:00,9087.49,9096.47,9084.48,9086.48,671
2026-08-18T00:30:00+00:00,9086.48,9088.48,9077.48,9082.47,533
2026-08-18T00:45:00+00:00,9082.47,9086.49,9076.97,9085.49,302
2026-08-18T01:00:00+00:00,9085.49,9109.48,9084.98,9106.48,480
2026-08-18T01:15:00+00:00,9106.48,9114.47,9104.48,9106.47,436
2026-08-18T01:30:00+00:00,9106.47,9108.48,9095.47,9095.47,369
2026-08-18T01:45:00+00:00,9095.47,9104.48,9085.48,9100.97,367
2026-08-18T02:00:00+00:00,9100.97,9101.99,9090.47,9098.47,362
2026-08-18T02:15:00+00:00,9098.47,9098.99,9091.49,9091.49,245
2026-08-18T02:30:00+00:00,9091.49,9100.47,9088.99,9090.49,189
2026-08-18T02:45:00+00:00,9090.49,9097.48,9089.97,9096.48,169
2026-08-18T03:00:00+00:00,9096.48,9102.48,9094.49,9102.48,165
2026-08-18T03:15:00+00:00,9102.48,9103.48,9092.97,9095.49,160
2026-08-18T03:30:00+00:00,9095.49,9100.49,9090.97,9090.97,231
2026-08-18T03:45:00+00:00,9090.97,9090.97,9079.47,9085.99,148
2026-08-18T04:00:00+00:00,9085.99,9086.49,9080.47,9080.99,154
2026-08-18T04:15:00+00:00,9080.99,9088.49,9080.99,9085.99,128
2026-08-18T04:30:00+00:00,9085.99,9088.49,9083.47,9084.99,124
2026-08-18T04:45:00+00:00,9084.99,9090.97,9084.47,9089.47,119
2026-08-18T05:00:00+00:00,9089.47,9092.48,9083.48,9092.47,178
2026-08-18T05:15:00+00:00,9092.47,9093.98,9088.49,9092.98,118
2026-08-18T05:30:00+00:00,9092.98,9094.49,9089.47,9093.48,120
2026-08-18T05:45:00+00:00,9093.48,9096.49,9084.47,9084.47,139
2026-08-18T06:00:00+00:00,9084.47,9084.47,9073.07,9078.59,342
2026-08-18T06:15:00+00:00,9078.59,9078.59,9068.59,9073.39,229
2026-08-18T07:00:00+00:00,9059.63,9061.32,9044.62,9058.82,195
2026-08-18T07:15:00+00:00,9058.82,9061.81,9052.31,9055.82,159
2026-08-18T07:30:00+00:00,9055.82,9058.83,9046.81,9047.82,168
2026-08-18T07:45:00+00:00,9047.82,9049.33,9039.31,9040.31,112
2026-08-18T08:00:00+00:00,9040.31,9041.33,9031.31,9039.83,304
2026-08-18T08:15:00+00:00,9039.83,9042.83,9034.81,9041.82,169
2026-08-18T08:30:00+00:00,9041.82,9049.32,9040.33,9048.33,202
2026-08-18T08:45:00+00:00,9048.33,9051.82,9042.81,9051.82,152
2026-08-18T09:00:00+00:00,9051.82,9053.32,9046.33,9050.31,163
2026-08-18T09:15:00+00:00,9050.31,9056.31,9048.83,9054.32,151
2026-08-18T09:30:00+00:00,9054.32,9063.83,9053.81,9059.32,171
2026-08-18T09:45:00+00:00,9059.32,9064.33,9055.32,9063.33,189.32532637075718
2026-08-18T10:00:00+00:00,9063.33,9066.32,9060.31,9061.32,148
2026-08-18T10:15:00+00:00,9061.32,9061.83,9056.81,9059.31,77
2026-08-18T10:30:00+00:00,9059.31,9060.32,9056.82,9057.33,113.56862745098039
2026-08-18T10:45:00+00:00,9057.33,9060.33,9056.33,9059.33,66
2026-08-18T11:00:00+00:00,9059.33,9063.33,9057.82,9060.33,134
2026-08-18T11:15:00+00:00,9060.33,9063.32,9058.82,9060.81,70
2026-08-18T11:30:00+00:00,9060.81,9062.83,9054.83,9062.82,99
2026-08-18T11:45:00+00:00,9062.82,9063.33,9060.31,9062.33,102
2026-08-18T12:00:00+00:00,9062.33,9066.33,9059.31,9065.33,175
2026-08-18T12:15:00+00:00,9065.33,9071.33,9063.31,9065.83,142
2026-08-18T12:30:00+00:00,9065.83,9067.81,9061.81,9064.81,88
2026-08-18T12:45:00+00:00,9064.81,9069.83,9063.31,9069.83,75
2026-08-18T13:00:00+00:00,9069.83,9071.31,9060.81,9061.33,109
2026-08-18T13:15:00+00:00,9061.33,9063.81,9056.82,9063.32,141
2026-08-18T13:30:00+00:00,9063.32,9074.32,9058.31,9067.32,561
2026-08-18T13:45:00+00:00,9067.32,9068.31,9054.83,9055.31,251
2026-08-18T14:00:00+00:00,9055.31,9064.32,9049.82,9052.32,235
2026-08-18T14:15:00+00:00,9052.32,9064.33,9051.33,9061.31,199
2026-08-18T14:30:00+00:00,9061.31,9062.83,9048.32,9048.32,213
2026-08-18T14:45:00+00:00,9048.32,9055.31,9037.31,9038.33,282
2026-08-18T15:00:00+00:00,9038.33,9048.31,9036.31,9038.81,278
2026-08-18T15:15:00+00:00,9038.81,9043.32,9034.31,9040.81,213
2026-08-18T15:30:00+00:00,9040.81,9044.33,9035.31,9042.81,252.02344622255305
2026-08-18T15:45:00+00:00,9042.81,9050.33,9042.31,9049.32,119
2026-08-18T16:00:00+00:00,9049.32,9049.32,9043.81,9047.83,124
2026-08-18T16:15:00+00:00,9047.83,9052.33,9047.33,9047.81,110
2026-08-18T16:30:00+00:00,9047.81,9056.33,9047.81,9055.33,109
2026-08-18T16:45:00+00:00,9055.33,9055.33,9051.81,9051.82,90
2026-08-18T17:00:00+00:00,9051.82,9054.33,9050.81,9053.33,62
2026-08-18T17:15:00+00:00,9053.33,9053.81,9050.31,9052.33,39.537196774402474
2026-08-18T17:30:00+00:00,9052.33,9054.33,9051.31,9053.33,67
2026-08-18T17:45:00+00:00,9053.33,9054.32,9048.82,9048.82,50.26889168765743
2026-08-18T18:00:00+00:00,9048.82,9051.33,9046.31,9051.33,99
2026-08-18T18:15:00+00:00,9051.33,9058.32,9051.33,9057.83,75.810147299509
2026-08-18T18:30:00+00:00,9057.83,9058.82,9055.81,9055.81,51
2026-08-18T18:45:00+00:00,9055.81,9057.33,9051.31,9051.31,47.153886494744285
2026-08-18T19:00:00+00:00,9051.31,9053.33,9049.32,9052.83,76
2026-08-18T19:15:00+00:00,9052.83,9056.32,9052.31,9055.31,63.55531271611704
2026-08-18T19:30:00+00:00,9055.31,9057.33,9051.31,9051.33,42
2026-08-18T19:45:00+00:00,9051.33,9051.33,9041.81,9043.33,212.54347427639908
2026-08-18T20:00:00+00:00,9043.33,9045.32,9038.31,9040.32,56
2026-08-18T20:15:00+00:00,9041.32,9041.82,9039.82,9040.33,25
2026-08-18T20:30:00+00:00,9040.33,9041.32,9039.31,9039.32,26
2026-08-18T20:45:00+00:00,9039.32,9039.32,9035.32,9037.62,35
2026-08-18T23:00:00+00:00,9020.18,9023.18,9019.18,9021.18,79.28148306904264
2026-08-18T23:15:00+00:00,9021.18,9027.18,9020.18,9021.18,86.85687673147197
2026-08-18T23:30:00+00:00,9021.18,9031.18,9020.18,9021.18,138.7048601335644
2026-08-18T23:45:00+00:00,9021.18,9024.18,9003.96,9005.449999999999,418.8922912534724
2026-08-19T00:00:00+00:00,9005.449999999999,9019.849999999999,8992.849999999999,9013.359999999999,1127
2026-08-19T00:15:00+00:00,9013.359999999999,9026.849999999999,9013.359999999999,9021.359999999999,516
2026-08-19T00:30:00+00:00,9021.359999999999,9042.359999999999,9018.859999999999,9036.859999999999,387
2026-08-19T00:45:00+00:00,9036.859999999999,9036.859999999999,9012.859999999999,9014.369999999999,363
2026-08-19T01:00:00+00:00,9014.369999999999,9024.869999999999,9012.349999999999,9024.369999999999,359
2026-08-19T01:15:00+00:00,9024.369999999999,9024.369999999999,9010.859999999999,9012.349999999999,359
2026-08-19T01:30:00+00:00,9012.349999999999,9019.369999999999,9005.849999999999,9017.349999999999,226
2026-08-19T01:45:00+00:00,9017.349999999999,9021.869999999999,9012.859999999999,9012.859999999999,289
2026-08-19T02:00:00+00:00,9012.859999999999,9016.369999999999,9010.369999999999,9013.869999999999,185
2026-08-19T02:15:00+00:00,9013.869999999999,9015.859999999999,9009.859999999999,9014.369999999999,220
2026-08-19T02:30:00+00:00,9014.369999999999,9021.349999999999,9004.859999999999,9016.859999999999,239
2026-08-19T02:45:00+00:00,9016.859999999999,9021.859999999999,9010.859999999999,9011.349999999999,188
2026-08-19T03:00:00+00:00,9011.349999999999,9012.849999999999,9002.849999999999,9008.859999999999,237
2026-08-19T03:15:00+00:00,9008.859999999999,9013.869999999999,9005.349999999999,9013.359999999999,158
2026-08-19T03:30:00+00:00,9013.359999999999,9019.359999999999,9011.859999999999,9017.369999999999,133
2026-08-19T03:45:00+00:00,9017.369999999999,9017.869999999999,9010.369999999999,9011.869999999999,175
2026-08-19T04:00:00+00:00,9011.869999999999,9024.869999999999,9011.849999999999,9023.849999999999,113
2026-08-19T04:15:00+00:00,9023.849999999999,9023.849999999999,9014.849999999999,9019.869999999999,153
2026-08-19T04:30:00+00:00,9019.869999999999,9028.869999999999,9013.849999999999,9028.369999999999,132.58527341635084
2026-08-19T04:45:00+00:00,9028.369999999999,9031.369999999999,9026.849999999999,9030.859999999999,122
2026-08-19T05:00:00+00:00,9030.859999999999,9035.869999999999,9028.869999999999,9030.349999999999,174
2026-08-19T05:15:00+00:00,9030.349999999999,9030.369999999999,9024.859999999999,9026.869999999999,138
2026-08-19T05:30:00+00:00,9026.869999999999,9031.859999999999,9025.849999999999,9027.369999999999,99
2026-08-19T05:45:00+00:00,9027.369999999999,9030.869999999999,9024.849999999999,9029.859999999999,149
2026-08-19T06:00:00+00:00,9029.859999999999,9037.47,9027.46,9033.949999999999,274
2026-08-19T06:15:00+00:00,9033.949999999999,9039.96,9033.949999999999,9039.259999999998,213
2026-08-19T07:00:00+00:00,9057.07,9067.27,9057.07,9063.77,87
2026-08-19T07:15:00+00:00,9063.77,9064.26,9056.26,9062.28,183
2026-08-19T07:30:00+00:00,9062.28,9067.78,9054.27,9055.77,189
2026-08-19T07:45:00+00:00,9055.77,9057.27,9050.28,9055.76,161
2026-08-19T08:00:00+00:00,9055.76,9056.27,9045.76,9046.28,225.469746258946
2026-08-19T08:15:00+00:00,9046.28,9049.26,9045.26,9048.26,111
2026-08-19T08:30:00+00:00,9048.26,9048.26,9042.27,9042.77,106
2026-08-19T08:45:00+00:00,9042.77,9043.28,9036.26,9036.78,119
2026-08-19T09:00:00+00:00,9036.78,9040.28,9031.27,9031.27,117
2026-08-19T09:15:00+00:00,9031.27,9035.28,9026.76,9035.28,98
2026-08-19T09:30:00+00:00,9035.28,9037.28,9030.28,9030.28,101
2026-08-19T09:45:00+00:00,9030.28,9036.78,9029.27,9036.26,94.07070707070707
2026-08-19T10:00:00+00:00,9036.26,9042.27,9036.26,9040.28,104.16579326420567
2026-08-19T10:15:00+00:00,9040.28,9040.28,9033.27,9036.26,85
2026-08-19T10:30:00+00:00,9036.26,9038.26,9032.27,9037.27,79
2026-08-19T10:45:00+00:00,9037.27,9040.27,9035.76,9040.27,72
2026-08-19T11:00:00+00:00,9040.27,9049.28,9040.27,9044.76,109.88636363636364
2026-08-19T11:15:00+00:00,9044.76,9048.26,9042.77,9042.77,102
2026-08-19T11:30:00+00:00,9042.77,9048.26,9041.76,9043.77,69
2026-08-19T11:45:00+00:00,9043.77,9053.76,9043.28,9052.26,64.00799323581457
2026-08-19T12:00:00+00:00,9052.26,9056.78,9050.26,9054.27,112.84375
2026-08-19T12:15:00+00:00,9054.27,9059.28,9052.26,9055.28,111
2026-08-19T12:30:00+00:00,9055.28,9084.27,9054.27,9083.26,770
2026-08-19T12:45:00+00:00,9083.26,9087.77,9075.26,9075.76,474
2026-08-19T13:00:00+00:00,9075.76,9076.28,9065.26,9070.28,330
2026-08-19T13:15:00+00:00,9070.28,9076.28,9068.77,9076.26,222
2026-08-19T13:30:00+00:00,9076.26,9082.27,9072.26,9081.27,456
2026-08-19T13:45:00+00:00,9081.27,9086.28,9075.28,9080.77,287
2026-08-19T14:00:00+00:00,9080.77,9083.77,9073.27,9073.27,294
2026-08-19T14:15:00+00:00,9073.27,9085.77,9071.77,9084.77,340
2026-08-19T14:30:00+00:00,9084.77,9092.28,9078.76,9087.76,251
2026-08-19T14:45:00+00:00,9087.76,9087.76,9079.26,9083.28,174
2026-08-19T15:00:00+00:00,9083.28,9084.26,9075.77,9078.26,174
2026-08-19T15:15:00+00:00,9078.26,9079.26,9071.76,9075.76,143
2026-08-19T15:30:00+00:00,9075.76,9076.27,9066.77,9073.26,234
2026-08-19T15:45:00+00:00,9073.26,9076.26,9071.27,9074.27,129
2026-08-19T16:00:00+00:00,9074.27,9079.77,9073.26,9076.26,128
2026-08-19T16:15:00+00:00,9076.26,9076.28,9069.77,9069.78,60
2026-08-19T16:30:00+00:00,9069.78,9072.28,9068.28,9071.26,88.68077257797108
2026-08-19T16:45:00+00:00,9071.26,9072.77,9068.26,9068.77,143
2026-08-19T17:00:00+00:00,9068.77,9071.28,9066.26,9068.26,104
2026-08-19T17:15:00+00:00,9068.26,9068.28,9063.26,9065.28,94
2026-08-19T17:30:00+00:00,9065.28,9065.28,9062.78,9063.76,79
2026-08-19T17:45:00+00:00,9063.76,9066.76,9061.76,9062.77,82
2026-08-19T18:00:00+00:00,9062.77,9068.78,9060.26,9062.28,226
2026-08-19T18:15:00+00:00,9062.28,9062.28,9059.26,9062.27,108
2026-08-19T18:30:00+00:00,9062.27,9068.26,9062.27,9066.26,118.88686605981795
2026-08-19T18:45:00+00:00,9066.26,9067.28,9064.26,9066.27,73
2026-08-19T19:00:00+00:00,9066.27,9073.28,9066.27,9071.77,84
2026-08-19T19:15:00+00:00,9071.77,9075.28,9071.27,9074.28,87
2026-08-19T19:30:00+00:00,9074.28,9076.78,9066.78,9070.26,117.90443425076452
2026-08-19T19:45:00+00:00,9070.26,9079.28,9068.26,9078.78,238
2026-08-19T20:00:00+00:00,9078.78,9081.78,9078.26,9079.26,53.1635687732342
2026-08-19T20:15:00+00:00,9079.26,9082.76,9078.26,9082.28,32.74966665257619
2026-08-19T20:30:00+00:00,9082.28,9082.28,9080.76,9082.27,27.11111111111111
2026-08-19T20:45:00+00:00,9082.27,9086.06,9081.26,9086.06,36.490238857563824
2026-08-19T23:00:00+00:00,9093.01,9099.01,9087.01,9095.45,114.69685399386562
2026-08-19T23:15:00+00:00,9095.45,9096.45,9089.01,9090.01,79.70764409312982
2026-08-19T23:30:00+00:00,9090.01,9091.01,9082.01,9082.01,113.47033887546317
2026-08-19T23:45:00+00:00,9082.01,9089.38,9067.36,9076.869999999999,557.7460427219631
2026-08-20T00:00:00+00:00,9076.869999999999,9085.26,9063.76,9072.279999999999,1300
2026-08-20T00:15:00+00:00,9072.279999999999,9082.279999999999,9066.279999999999,9066.76,688
2026-08-20T00:30:00+00:00,9066.76,9071.77,9046.77,9047.279999999999,612
2026-08-20T00:45:00+00:00,9047.279999999999,9059.76,9044.77,9047.779999999999,526
2026-08-20T01:00:00+00:00,9047.779999999999,9053.779999999999,9042.76,9049.779999999999,471
2026-08-20T01:15:00+00:00,9049.779999999999,9061.76,9044.76,9048.76,393
2026-08-20T01:30:00+00:00,9048.76,9066.26,9047.76,9048.779999999999,761
2026-08-20T01:45:00+00:00,9048.779999999999,9050.27,9040.27,9041.27,404
2026-08-20T02:00:00+00:00,9041.27,9061.779999999999,9040.76,9061.779999999999,317
2026-08-20T02:15:00+00:00,9061.779999999999,9061.779999999999,9050.779999999999,9055.27,258
2026-08-20T02:30:00+00:00,9055.27,9059.779999999999,9047.76,9055.27,314
2026-08-20T02:45:00+00:00,9055.27,9064.77,9054.779999999999,9060.77,238
2026-08-20T03:00:00+00:00,9060.77,9061.26,9049.76,9052.77,211
2026-08-20T03:15:00+00:00,9052.77,9057.76,9048.76,9049.27,192
2026-08-20T03:30:00+00:00,9049.27,9051.779999999999,9044.76,9051.779999999999,246
2026-08-20T03:45:00+00:00,9051.779999999999,9053.77,9048.76,9049.76,163
2026-08-20T04:00:00+00:00,9049.76,9050.76,9043.76,9047.76,214
2026-08-20T04:15:00+00:00,9047.76,9047.779999999999,9039.76,9043.779999999999,219
2026-08-20T04:30:00+00:00,9043.779999999999,9044.76,9036.76,9038.77,157
2026-08-20T04:45:00+00:00,9038.77,9048.779999999999,9038.26,9046.26,131
2026-08-20T05:00:00+00:00,9046.26,9052.279999999999,9043.76,9051.26,203
2026-08-20T05:15:00+00:00,9051.26,9052.77,9046.76,9046.779999999999,203
2026-08-20T05:30:00+00:00,9046.779999999999,9055.279999999999,9046.779999999999,9051.279999999999,134
2026-08-20T05:45:00+00:00,9051.279999999999,9051.779999999999,9048.26,9048.779999999999,173
2026-08-20T06:00:00+00:00,9048.779999999999,9059.38,9045.86,9055.869999999999,363
2026-08-20T06:15:00+00:00,9055.869999999999,9056.369999999999,9049.86,9052.18,165
2026-08-20T07:00:00+00:00,9069.36,9069.36,9055.04,9055.06,101
2026-08-20T07:15:00+00:00,9055.06,9061.54,9045.04,9046.54,215
2026-08-20T07:30:00+00:00,9046.54,9051.04,9039.04,9048.04,328
2026-08-20T07:45:00+00:00,9048.04,9051.05,9038.54,9041.04,180
2026-08-20T08:00:00+00:00,9041.04,9048.06,9033.04,9035.56,360
2026-08-20T08:15:00+00:00,9035.56,9043.05,9032.54,9034.05,186
2026-08-20T08:30:00+00:00,9034.05,9037.05,9027.05,9029.55,264
2026-08-20T08:45:00+00:00,9029.55,9032.05,9027.04,9029.04,268
2026-08-20T09:00:00+00:00,9029.04,9041.06,9029.04,9040.54,260
2026-08-20T09:15:00+00:00,9040.54,9043.06,9036.54,9042.55,177
2026-08-20T09:30:00+00:00,9042.55,9048.56,9040.54,9048.56,169
2026-08-20T09:45:00+00:00,9048.56,9050.54,9043.05,9046.55,165
2026-08-20T10:00:00+00:00,9046.55,9051.56,9042.55,9051.04,193
2026-08-20T10:15:00+00:00,9051.04,9051.56,9045.04,9047.05,144
2026-08-20T10:30:00+00:00,9047.05,9050.54,9040.06,9042.54,152
2026-08-20T10:45:00+00:00,9042.54,9046.06,9041.04,9045.54,168
2026-08-20T11:00:00+00:00,9045.54,9049.05,9039.54,9042.54,358
2026-08-20T11:15:00+00:00,9042.54,9042.56,9029.06,9029.06,161
2026-08-20T11:30:00+00:00,9029.06,9032.04,9025.04,9025.54,231
2026-08-20T11:45:00+00:00,9025.54,9025.54,9016.54,9017.55,306
2026-08-20T12:00:00+00:00,9017.55,9017.55,9001.54,9012.04,631
2026-08-20T12:15:00+00:00,9012.04,9016.05,9006.54,9010.55,464
2026-08-20T12:30:00+00:00,9010.55,9015.55,9001.06,9015.54,315
2026-08-20T12:45:00+00:00,9015.54,9023.05,9015.54,9023.05,180
2026-08-20T13:00:00+00:00,9023.05,9027.06,9017.55,9017.56,155
2026-08-20T13:15:00+00:00,9017.56,9024.06,9016.54,9023.54,144
2026-08-20T13:30:00+00:00,9023.54,9046.06,9019.54,9042.05,493
2026-08-20T13:45:00+00:00,9042.05,9045.55,9030.05,9034.56,433
2026-08-20T14:00:00+00:00,9034.56,9037.04,9025.05,9031.06,402
2026-08-20T14:15:00+00:00,9031.06,9047.56,9031.06,9042.55,356
2026-08-20T14:30:00+00:00,9042.55,9052.56,9041.06,9048.55,351
2026-08-20T14:45:00+00:00,9048.55,9057.56,9048.55,9057.56,290
2026-08-20T15:00:00+00:00,9057.56,9069.56,9050.04,9056.06,574
2026-08-20T15:15:00+00:00,9056.06,9058.54,9040.54,9053.56,349
2026-08-20T15:30:00+00:00,9053.56,9054.05,9034.54,9037.56,293
2026-08-20T15:45:00+00:00,9037.56,9042.55,9033.55,9038.55,152
2026-08-20T16:00:00+00:00,9038.55,9047.04,9036.54,9044.55,222
2026-08-20T16:15:00+00:00,9044.55,9050.05,9044.55,9048.56,114.10104914411927
2026-08-20T16:30:00+00:00,9048.56,9053.54,9044.04,9053.54,186
2026-08-20T16:45:00+00:00,9053.54,9058.04,9052.54,9057.06,82
2026-08-20T17:00:00+00:00,9057.06,9057.06,9051.55,9051.55,104
2026-08-20T17:15:00+00:00,9051.55,9051.56,9046.54,9048.54,98
2026-08-20T17:30:00+00:00,9048.54,9048.56,9043.54,9046.05,94
2026-08-20T17:45:00+00:00,9046.05,9053.06,9045.54,9051.06,128
2026-08-20T18:00:00+00:00,9051.06,9051.56,9045.06,9046.54,149
2026-08-20T18:15:00+00:00,9046.54,9050.55,9043.54,9046.04,108
2026-08-20T18:30:00+00:00,9046.04,9047.06,9043.54,9045.05,113
2026-08-20T18:45:00+00:00,9045.05,9046.56,9043.54,9043.54,73
2026-08-20T19:00:00+00:00,9043.54,9048.55,9042.54,9048.55,95.44218551461245
2026-08-20T19:15:00+00:00,9048.55,9051.06,9047.04,9047.54,89
2026-08-20T19:30:00+00:00,9047.54,9052.55,9045.56,9047.54,108
2026-08-20T19:45:00+00:00,9047.54,9054.56,9046.04,9050.56,214
2026-08-20T20:00:00+00:00,9050.56,9052.56,9042.55,9042.55,60.12482269503546
2026-08-20T20:15:00+00:00,9042.55,9042.55,9038.54,9040.05,30.216727804359383
2026-08-20T20:30:00+00:00,9040.05,9043.05,9040.04,9042.56,30.642745887046857
2026-08-20T20:45:00+00:00,9042.56,9044.06,9038.86,9038.86,38.58335696036549
2026-08-20T23:00:00+00:00,9043.75,9043.75,9036.75,9037.75,43.431925370419656
2026-08-20T23:15:00+00:00,9037.75,9042.75,9037.75,9042.75,49.090780870725325
2026-08-20T23:30:00+00:00,9042.75,9046.31,9036.31,9044.31,111.40087612756547
2026-08-20T23:45:00+00:00,9044.31,9060.3,9027.81,9058.32,370.99330638966705
2026-08-21T00:00:00+00:00,9058.32,9068.72,9052.699999999999,9060.22,739
2026-08-21T00:15:00+00:00,9060.22,9070.199999999999,9052.199999999999,9058.21,418
2026-08-21T00:30:00+00:00,9058.21,9064.72,9055.22,9064.199999999999,380
2026-08-21T00:45:00+00:00,9064.199999999999,9070.22,9054.699999999999,9061.199999999999,328
2026-08-21T01:00:00+00:00,9061.199999999999,9075.71,9060.199999999999,9071.199999999999,383
2026-08-21T01:15:00+00:00,9071.199999999999,9074.199999999999,9064.199999999999,9066.71,278
2026-08-21T01:30:00+00:00,9066.71,9075.21,9065.22,9067.699999999999,222
2026-08-21T01:45:00+00:00,9067.699999999999,9068.22,9056.199999999999,9059.199999999999,324
2026-08-21T02:00:00+00:00,9059.199999999999,9060.21,9046.199999999999,9048.199999999999,255
2026-08-21T02:15:00+00:00,9048.199999999999,9056.199999999999,9048.199999999999,9055.699999999999,157
2026-08-21T02:30:00+00:00,9055.699999999999,9055.71,9043.199999999999,9050.199999999999,259
2026-08-21T02:45:00+00:00,9050.199999999999,9057.72,9049.199999999999,9057.199999999999,243
2026-08-21T03:00:00+00:00,9057.199999999999,9057.22,9045.199999999999,9045.199999999999,188
2026-08-21T03:15:00+00:00,9045.199999999999,9050.22,9043.699999999999,9049.22,199
2026-08-21T03:30:00+00:00,9049.22,9059.22,9049.199999999999,9055.699999999999,147
2026-08-21T03:45:00+00:00,9055.699999999999,9056.21,9045.699999999999,9047.199999999999,208.82882462686567
2026-08-21T04:00:00+00:00,9047.199999999999,9055.71,9046.699999999999,9055.71,164
2026-08-21T04:15:00+00:00,9055.71,9056.22,9042.199999999999,9042.72,158
2026-08-21T04:30:00+00:00,9042.72,9045.72,9038.199999999999,9045.72,125
2026-08-21T04:45:00+00:00,9045.72,9054.22,9045.72,9049.199999999999,228
2026-08-21T05:00:00+00:00,9049.199999999999,9053.72,9048.699999999999,9049.72,169.44658493870404
2026-08-21T05:15:00+00:00,9049.72,9049.72,9045.21,9045.71,119
2026-08-21T05:30:00+00:00,9045.71,9052.199999999999,9044.199999999999,9052.199999999999,131.41623036649213
2026-08-21T05:45:00+00:00,9052.199999999999,9052.699999999999,9047.21,9048.21,248
2026-08-21T06:00:00+00:00,9048.21,9053.82,9040.82,9042.3,358
2026-08-21T06:15:00+00:00,9042.3,9045.81,9038.8,9039.619999999999,180
2026-08-21T07:00:00+00:00,9036.15,9046.85,9035.34,9046.85,79
2026-08-21T07:15:00+00:00,9046.85,9058.34,9045.84,9051.83,112
2026-08-21T07:30:00+00:00,9051.83,9058.34,9051.83,9056.84,127
2026-08-21T07:45:00+00:00,9056.84,9056.84,9050.35,9052.34,93
2026-08-21T08:00:00+00:00,9052.34,9053.34,9045.33,9046.35,151
2026-08-21T08:15:00+00:00,9046.35,9050.85,9039.84,9050.33,133
2026-08-21T08:30:00+00:00,9050.33,9057.35,9048.84,9053.85,99
2026-08-21T08:45:00+00:00,9053.85,9057.85,9052.83,9056.34,95.62759113652609
2026-08-21T09:00:00+00:00,9056.34,9060.34,9053.83,9055.84,137
2026-08-21T09:15:00+00:00,9055.84,9057.35,9051.35,9053.34,105
2026-08-21T09:30:00+00:00,9053.34,9058.34,9051.83,9055.85,86
2026-08-21T09:45:00+00:00,9055.85,9056.33,9051.83,9053.84,103
2026-08-21T10:00:00+00:00,9053.84,9059.84,9052.35,9052.83,134.45070422535213
2026-08-21T10:15:00+00:00,9052.83,9053.35,9050.34,9052.34,71
2026-08-21T10:30:00+00:00,9052.34,9052.84,9050.33,9052.35,50.35859820700897
2026-08-21T10:45:00+00:00,9052.35,9056.83,9049.84,9051.35,72.26601784266018
2026-08-21T11:00:00+00:00,9051.35,9057.33,9047.33,9054.33,111
2026-08-21T11:15:00+00:00,9054.33,9067.84,9053.83,9061.33,362
2026-08-21T11:30:00+00:00,9061.33,9063.84,9054.35,9057.34,241
2026-08-21T11:45:00+00:00,9057.34,9058.85,9054.83,9054.85,104
2026-08-21T12:00:00+00:00,9054.85,9058.35,9052.34,9053.83,97
2026-08-21T12:15:00+00:00,9053.83,9055.34,9048.35,9051.84,65.86058404558405
2026-08-21T12:30:00+00:00,9051.84,9052.33,9046.35,9051.34,100.16602907421576
2026-08-21T12:45:00+00:00,9051.34,9055.34,9048.35,9049.34,91
2026-08-21T13:00:00+00:00,9049.34,9054.35,9048.33,9049.83,104.51320754716981
2026-08-21T13:15:00+00:00,9049.83,9058.35,9046.34,9057.33,152
2026-08-21T13:30:00+00:00,9057.33,9079.35,9057.33,9072.35,538
2026-08-21T13:45:00+00:00,9072.35,9085.84,9069.33,9083.83,368
2026-08-21T14:00:00+00:00,9083.83,9086.35,9079.84,9080.33,325
2026-08-21T14:15:00+00:00,9080.33,9088.35,9078.33,9088.33,237
2026-08-21T14:30:00+00:00,9088.33,9088.84,9075.33,9077.33,255
2026-08-21T14:45:00+00:00,9077.33,9082.35,9074.85,9079.33,202
2026-08-21T15:00:00+00:00,9079.33,9083.34,9077.33,9077.35,222
2026-08-21T15:15:00+00:00,9077.35,9080.35,9073.35,9077.83,195
2026-08-21T15:30:00+00:00,9077.83,9085.35,9075.84,9083.34,221
2026-08-21T15:45:00+00:00,9083.34,9084.85,9077.85,9080.35,114
2026-08-21T16:00:00+00:00,9080.35,9081.33,9073.33,9073.35,101
2026-08-21T16:15:00+00:00,9073.35,9078.33,9070.34,9073.84,262
2026-08-21T16:30:00+00:00,9073.84,9076.35,9072.33,9073.85,125
2026-08-21T16:45:00+00:00,9073.85,9078.35,9072.83,9077.83,114
2026-08-21T17:00:00+00:00,9077.83,9079.34,9075.35,9076.34,106
2026-08-21T17:15:00+00:00,9076.34,9076.35,9072.85,9073.34,97.93767441860464
2026-08-21T17:30:00+00:00,9073.34,9073.35,9071.33,9072.35,46.611717974180735
2026-08-21T17:45:00+00:00,9072.35,9073.35,9070.84,9071.34,62.97967007368671
2026-08-21T18:00:00+00:00,9071.34,9073.35,9068.85,9073.34,49
2026-08-21T18:15:00+00:00,9073.34,9080.34,9073.34,9080.34,43.12432786958422
2026-08-21T18:30:00+00:00,9080.34,9082.35,9077.83,9082.33,56
2026-08-21T18:45:00+00:00,9082.33,9083.83,9080.33,9082.34,67.61416070007955
2026-08-21T19:00:00+00:00,9082.34,9083.35,9080.33,9082.34,47.280373831775705
2026-08-21T19:15:00+00:00,9082.34,9082.85,9079.34,9079.34,37.330373001776195
2026-08-21T19:30:00+00:00,9079.34,9080.35,9076.33,9080.35,46
2026-08-21T19:45:00+00:00,9080.35,9085.33,9074.84,9079.34,174
2026-08-21T20:00:00+00:00,9079.34,9080.35,9075.33,9076.35,48.10613943808533
2026-08-21T20:15:00+00:00,9076.35,9078.35,9076.33,9076.84,30.02073517423768
2026-08-21T20:30:00+00:00,9076.84,9077.33,9075.85,9077.33,20.232069996516447
2026-08-23T23:45:00+00:00,9077.33,9084.59,9071.08,9082.59,211
2026-08-24T00:00:00+00:00,9082.59,9086.98,9063.99,9064.99,1045
2026-08-24T00:15:00+00:00,9064.99,9080.47,9064.99,9079.98,535
2026-08-24T00:30:00+00:00,9079.98,9081.97,9068.47,9074.97,333
2026-08-24T00:45:00+00:00,9074.97,9091.99,9074.97,9091.97,265
2026-08-24T01:00:00+00:00,9091.97,9106.49,9091.49,9097.47,377
2026-08-24T01:15:00+00:00,9097.47,9104.49,9091.97,9092.99,284
2026-08-24T01:30:00+00:00,9092.99,9092.99,9077.98,9084.99,200
2026-08-24T01:45:00+00:00,9084.99,9110.98,9084.47,9110.98,261
2026-08-24T02:00:00+00:00,9110.98,9124.49,9109.97,9121.48,358
2026-08-24T02:15:00+00:00,9121.48,9124.99,9113.48,9115.49,139
2026-08-24T02:30:00+00:00,9115.49,9116.97,9107.98,9107.98,127
2026-08-24T02:45:00+00:00,9107.98,9112.48,9099.97,9108.98,163
2026-08-24T03:00:00+00:00,9108.98,9108.99,9097.99,9104.48,123
2026-08-24T03:15:00+00:00,9104.48,9106.97,9099.48,9101.47,113
2026-08-24T03:30:00+00:00,9101.47,9105.99,9101.47,9101.99,139
2026-08-24T03:45:00+00:00,9101.99,9104.49,9097.97,9099.47,103
2026-08-24T04:00:00+00:00,9099.47,9100.48,9093.47,9093.47,128
2026-08-24T04:15:00+00:00,9093.47,9104.48,9091.97,9103.48,113
2026-08-24T04:30:00+00:00,9103.48,9105.99,9095.98,9099.99,202
2026-08-24T04:45:00+00:00,9099.99,9102.97,9093.97,9095.99,112
2026-08-24T05:00:00+00:00,9095.99,9100.48,9094.97,9096.97,144
2026-08-24T05:15:00+00:00,9096.97,9096.97,9088.98,9089.48,112
2026-08-24T05:30:00+00:00,9089.48,9090.49,9084.48,9084.99,128
2026-08-24T05:45:00+00:00,9084.99,9094.99,9083.97,9084.48,232
2026-08-24T06:00:00+00:00,9084.48,9095.09,9079.57,9089.59,255
2026-08-24T06:15:00+00:00,9089.59,9090.57,9079.57,9088.87,236
2026-08-24T07:00:00+00:00,9088.87,9088.87,9077.59,9078.59,59
2026-08-24T07:15:00+00:00,9078.59,9080.59,9074.57,9076.57,238
2026-08-24T07:30:00+00:00,9076.57,9080.59,9071.59,9071.59,238
2026-08-24T07:45:00+00:00,9071.59,9074.09,9068.57,9068.57,238
2026-08-24T08:00:00+00:00,9068.57,9080.57,9067.57,9073.57,302
2026-08-24T08:15:00+00:00,9073.57,9077.09,9070.58,9071.59,285
2026-08-24T08:30:00+00:00,9071.59,9081.59,9070.08,9081.07,160
2026-08-24T08:45:00+00:00,9081.07,9081.59,9077.08,9077.08,181
2026-08-24T09:00:00+00:00,9077.08,9081.59,9076.08,9080.59,137
2026-08-24T09:15:00+00:00,9080.59,9081.58,9077.07,9079.58,122
2026-08-24T09:30:00+00:00,9079.58,9083.59,9079.57,9083.58,95
2026-08-24T09:45:00+00:00,9083.58,9090.59,9083.57,9089.57,93
2026-08-24T10:00:00+00:00,9089.57,9093.58,9089.57,9092.59,53
2026-08-24T10:15:00+00:00,9092.59,9093.58,9086.59,9087.07,103
2026-08-24T10:30:00+00:00,9087.07,9089.57,9085.57,9085.58,81
2026-08-24T10:45:00+00:00,9085.58,9085.59,9082.57,9083.09,163
2026-08-24T11:00:00+00:00,9083.09,9084.09,9077.57,9078.59,260
2026-08-24T11:15:00+00:00,9078.59,9081.09,9077.57,9079.59,144
2026-08-24T11:30:00+00:00,9079.59,9094.08,9079.57,9086.59,786
2026-08-24T11:45:00+00:00,9086.59,9086.59,9077.57,9080.59,249
2026-08-24T12:00:00+00:00,9080.59,9081.09,9075.07,9078.57,158
2026-08-24T12:15:00+00:00,9078.57,9081.59,9077.57,9079.58,303
2026-08-24T12:30:00+00:00,9079.58,9084.58,9071.57,9081.07,424
2026-08-24T12:45:00+00:00,9081.07,9084.58,9079.59,9079.59,139
2026-08-24T13:00:00+00:00,9079.59,9080.09,9069.57,9071.58,160
2026-08-24T13:15:00+00:00,9071.58,9079.59,9070.07,9077.08,171
2026-08-24T13:30:00+00:00,9077.08,9083.58,9073.57,9079.59,552
2026-08-24T13:45:00+00:00,9079.59,9097.09,9079.58,9093.57,326
2026-08-24T14:00:00+00:00,9093.57,9105.59,9089.59,9096.58,401
2026-08-24T14:15:00+00:00,9096.58,9109.59,9096.08,9107.58,233
2026-08-24T14:30:00+00:00,9107.58,9111.59,9103.09,9109.09,216
2026-08-24T14:45:00+00:00,9109.09,9110.59,9101.57,9103.59,201
2026-08-24T15:00:00+00:00,9103.59,9104.09,9096.08,9098.59,203
2026-08-24T15:15:00+00:00,9098.59,9106.59,9093.57,9104.08,206
2026-08-24T15:30:00+00:00,9104.08,9106.57,9090.57,9092.59,376
2026-08-24T15:45:00+00:00,9092.59,9094.07,9089.57,9091.57,177
2026-08-24T16:00:00+00:00,9091.57,9102.59,9091.57,9097.58,326
2026-08-24T16:15:00+00:00,9097.58,9103.59,9097.07,9102.58,101
2026-08-24T16:30:00+00:00,9102.58,9102.58,9096.09,9096.09,84
2026-08-24T16:45:00+00:00,9096.09,9098.57,9094.57,9095.09,118
2026-08-24T17:00:00+00:00,9095.09,9104.59,9094.08,9103.58,431
2026-08-24T17:15:00+00:00,9103.58,9106.59,9094.57,9094.58,327
2026-08-24T17:30:00+00:00,9094.58,9097.58,9094.58,9096.59,206
2026-08-24T17:45:00+00:00,9096.59,9098.58,9095.07,9097.07,88
2026-08-24T18:00:00+00:00,9097.07,9098.57,9094.59,9098.07,114
2026-08-24T18:15:00+00:00,9098.07,9101.59,9098.07,9101.59,62
2026-08-24T18:30:00+00:00,9101.59,9102.58,9096.57,9100.09,193
2026-08-24T18:45:00+00:00,9100.09,9100.59,9096.57,9096.59,132
2026-08-24T19:00:00+00:00,9096.59,9098.59,9096.07,9097.57,196
2026-08-24T19:15:00+00:00,9097.57,9098.59,9094.09,9094.09,57
2026-08-24T19:30:00+00:00,9094.09,9096.57,9091.58,9092.57,88
2026-08-24T19:45:00+00:00,9092.57,9095.59,9092.07,9094.09,134
2026-08-24T20:00:00+00:00,9094.09,9097.59,9094.09,9097.58,72
2026-08-24T20:15:00+00:00,9097.58,9099.57,9096.07,9097.58,38
2026-08-24T20:30:00+00:00,9097.58,9099.59,9097.58,9099.57,31
2026-08-24T20:45:00+00:00,9099.57,9102.37,9098.57,9102.37,72
2026-08-24T23:45:00+00:00,9102.37,9105.82,9091.82,9104.8,134
2026-08-25T00:00:00+00:00,9104.8,9128.72,9104.8,9125.2,1417
2026-08-25T00:15:00+00:00,9125.2,9141.71,9120.2,9136.72,665
2026-08-25T00:30:00+00:00,9136.72,9147.21,9136.2,9144.22,489
2026-08-25T00:45:00+00:00,9144.22,9149.21,9131.21,9132.2,288
2026-08-25T01:00:00+00:00,9132.2,9161.72,9131.2,9159.22,389
2026-08-25T01:15:00+00:00,9159.22,9168.21,9156.21,9163.71,321
2026-08-25T01:30:00+00:00,9163.71,9179.72,9162.22,9175.71,318
2026-08-25T01:45:00+00:00,9175.71,9175.71,9158.21,9158.7,299
2026-08-25T02:00:00+00:00,9158.7,9161.72,9146.22,9146.22,381
2026-08-25T02:15:00+00:00,9146.22,9153.21,9145.21,9149.72,333
2026-08-25T02:30:00+00:00,9149.72,9152.72,9145.2,9145.71,300
2026-08-25T02:45:00+00:00,9145.71,9146.2,9135.7,9136.7,217
2026-08-25T03:00:00+00:00,9136.7,9157.22,9136.7,9155.71,260
2026-08-25T03:15:00+00:00,9155.71,9163.21,9154.21,9158.21,184
2026-08-25T03:30:00+00:00,9158.21,9159.22,9151.21,9152.22,155
2026-08-25T03:45:00+00:00,9152.22,9152.7,9146.2,9146.7,186
2026-08-25T04:00:00+00:00,9146.7,9159.22,9145.71,9155.71,153
2026-08-25T04:15:00+00:00,9155.71,9157.7,9150.7,9151.22,117
2026-08-25T04:30:00+00:00,9151.22,9158.72,9148.21,9148.72,96
2026-08-25T04:45:00+00:00,9148.72,9151.72,9145.2,9145.2,112
2026-08-25T05:00:00+00:00,9145.2,9156.2,9144.2,9156.2,174
2026-08-25T05:15:00+00:00,9156.2,9162.22,9154.22,9155.72,149
2026-08-25T05:30:00+00:00,9155.72,9157.22,9152.2,9156.2,133
2026-08-25T05:45:00+00:00,9156.2,9163.21,9154.2,9160.21,153
2026-08-25T06:00:00+00:00,9160.21,9166.81,9157.8,9158.8,232
2026-08-25T06:15:00+00:00,9158.8,9161.82,9156.3,9161.6,213
2026-08-25T07:00:00+00:00,9161.6,9166.31,9153.32,9155.82,87
2026-08-25T07:15:00+00:00,9155.82,9161.31,9151.31,9152.81,145
2026-08-25T07:30:00+00:00,9152.81,9155.32,9151.3,9154.82,151
2026-08-25T07:45:00+00:00,9154.82,9154.82,9146.8,9149.31,172
2026-08-25T08:00:00+00:00,9149.31,9150.32,9141.8,9144.3,245
2026-08-25T08:15:00+00:00,9144.3,9168.82,9143.82,9157.32,904
2026-08-25T08:30:00+00:00,9157.32,9161.82,9153.32,9160.3,398
2026-08-25T08:45:00+00:00,9160.3,9164.31,9158.31,9163.8,256
2026-08-25T09:00:00+00:00,9163.8,9171.31,9160.8,9169.31,221
2026-08-25T09:15:00+00:00,9169.31,9172.3,9166.8,9170.32,187
2026-08-25T09:30:00+00:00,9170.32,9182.32,9167.3,9180.3,591
2026-08-25T09:45:00+00:00,9180.3,9186.31,9178.31,9180.3,257
2026-08-25T10:00:00+00:00,9180.3,9180.32,9172.3,9176.31,224
2026-08-25T10:15:00+00:00,9176.31,9177.32,9171.31,9171.31,102
2026-08-25T10:30:00+00:00,9171.31,9175.31,9170.81,9170.81,117
2026-08-25T10:45:00+00:00,9170.81,9172.81,9167.81,9168.8,105
2026-08-25T11:00:00+00:00,9168.8,9169.8,9161.32,9168.8,185
2026-08-25T11:15:00+00:00,9168.8,9169.32,9164.3,9165.81,108
2026-08-25T11:30:00+00:00,9165.81,9170.81,9165.8,9167.32,187
2026-08-25T11:45:00+00:00,9167.32,9171.32,9166.31,9169.32,122
2026-08-25T12:00:00+00:00,9169.32,9169.81,9159.83,9163.33,112
2026-08-25T12:15:00+00:00,9163.33,9165.33,9161.33,9163.81,84
2026-08-25T12:30:00+00:00,9164.3,9164.81,9158.8,9162.32,110
2026-08-25T12:45:00+00:00,9162.32,9167.31,9161.82,9162.8,87
2026-08-25T13:00:00+00:00,9162.8,9165.8,9161.3,9162.82,150
2026-08-25T13:15:00+00:00,9162.82,9168.32,9158.8,9166.31,187
2026-08-25T13:30:00+00:00,9166.31,9167.82,9158.31,9161.81,375
2026-08-25T13:45:00+00:00,9161.81,9170.32,9158.81,9167.3,190
2026-08-25T14:00:00+00:00,9167.3,9177.82,9167.3,9176.8,248
2026-08-25T14:15:00+00:00,9176.8,9180.82,9175.8,9177.32,175
2026-08-25T14:30:00+00:00,9177.32,9188.3,9166.8,9184.82,380
2026-08-25T14:45:00+00:00,9184.82,9187.81,9181.3,9184.31,194
2026-08-25T15:00:00+00:00,9184.31,9188.81,9183.8,9188.8,182
2026-08-25T15:15:00+00:00,9188.8,9190.32,9181.81,9184.81,192
2026-08-25T15:30:00+00:00,9184.81,9193.32,9184.81,9186.81,361
2026-08-25T15:45:00+00:00,9186.81,9188.82,9182.81,9187.8,192
2026-08-25T16:00:00+00:00,9187.8,9187.82,9182.3,9183.8,125
2026-08-25T16:15:00+00:00,9183.8,9185.82,9182.8,9185.31,153
2026-08-25T16:30:00+00:00,9185.31,9187.82,9182.82,9186.32,99
2026-08-25T16:45:00+00:00,9186.32,9191.3,9185.32,9189.8,78
2026-08-25T17:00:00+00:00,9189.8,9189.8,9183.82,9187.32,145
2026-08-25T17:15:00+00:00,9187.32,9188.8,9183.8,9184.8,70
2026-08-25T17:30:00+00:00,9184.8,9187.82,9184.8,9186.8,80
2026-08-25T17:45:00+00:00,9186.8,9189.31,9186.8,9188.82,43
2026-08-25T18:00:00+00:00,9188.82,9191.31,9187.8,9189.81,107
2026-08-25T18:15:00+00:00,9189.81,9189.82,9186.8,9187.82,62
2026-08-25T18:30:00+00:00,9187.82,9189.82,9186.8,9188.81,114
2026-08-25T18:45:00+00:00,9188.81,9192.32,9188.81,9190.81,61
2026-08-25T19:00:00+00:00,9190.81,9191.82,9188.81,9190.3,60
2026-08-25T19:15:00+00:00,9190.3,9192.82,9189.81,9191.8,135
2026-08-25T19:30:00+00:00,9191.8,9192.82,9189.8,9191.3,69
2026-08-25T19:45:00+00:00,9191.3,9195.82,9187.3,9195.82,245
2026-08-25T20:00:00+00:00,9195.82,9196.82,9188.82,9189.3,91
2026-08-25T20:15:00+00:00,9189.3,9191.82,9189.3,9191.3,55
2026-08-25T20:30:00+00:00,9191.3,9193.32,9191.3,9191.3,18
2026-08-25T20:45:00+00:00,9191.3,9192.11,9187.8,9192.11,49
2026-08-25T23:45:00+00:00,9192.11,9192.11,9165.03,9181.54,153
2026-08-26T00:00:00+00:00,9181.54,9193.45,9174.95,9184.93,931
2026-08-26T00:15:00+00:00,9184.93,9188.44,9172.43,9179.44,515
2026-08-26T00:30:00+00:00,9179.44,9188.94,9176.94,9188.94,321
2026-08-26T00:45:00+00:00,9188.94,9208.43,9187.93,9204.95,278
2026-08-26T01:00:00+00:00,9204.95,9216.45,9203.45,9214.45,313
2026-08-26T01:15:00+00:00,9214.45,9219.44,9198.43,9203.93,285
2026-08-26T01:30:00+00:00,9203.93,9203.93,9179.44,9189.95,564
2026-08-26T01:45:00+00:00,9189.95,9189.95,9167.94,9177.45,388
2026-08-26T02:00:00+00:00,9177.45,9181.45,9165.44,9166.95,232
2026-08-26T02:15:00+00:00,9166.95,9169.44,9158.43,9159.45,248
2026-08-26T02:30:00+00:00,9159.45,9162.93,9150.43,9153.44,273
2026-08-26T02:45:00+00:00,9153.44,9158.95,9147.95,9147.95,173
2026-08-26T03:00:00+00:00,9147.95,9147.95,9138.43,9139.43,191
2026-08-26T03:15:00+00:00,9139.43,9147.43,9137.95,9141.94,213
2026-08-26T03:30:00+00:00,9141.94,9146.95,9139.43,9144.43,280
2026-08-26T03:45:00+00:00,9144.43,9145.45,9141.44,9142.94,136
2026-08-26T04:00:00+00:00,9142.94,9147.44,9140.43,9140.43,165
2026-08-26T04:15:00+00:00,9140.43,9144.94,9138.95,9141.93,149
2026-08-26T04:30:00+00:00,9141.93,9147.95,9139.44,9143.44,171
2026-08-26T04:45:00+00:00,9143.44,9147.95,9133.43,9135.44,266
2026-08-26T05:00:00+00:00,9135.44,9141.95,9132.44,9137.45,210
2026-08-26T05:15:00+00:00,9137.45,9137.93,9129.44,9133.43,176
2026-08-26T05:30:00+00:00,9133.43,9136.94,9128.43,9129.44,194
2026-08-26T05:45:00+00:00,9129.44,9130.45,9123.43,9126.45,334
2026-08-26T06:00:00+00:00,9126.45,9126.45,9116.04,9116.04,322
2026-08-26T06:15:00+00:00,9116.04,9118.03,9107.05,9116.84,399
2026-08-26T07:00:00+00:00,9116.84,9126.55,9114.54,9126.05,133
2026-08-26T07:15:00+00:00,9126.05,9126.53,9115.03,9115.54,199
2026-08-26T07:30:00+00:00,9115.54,9120.05,9114.04,9119.04,168
2026-08-26T07:45:00+00:00,9119.04,9124.55,9118.53,9122.53,154
2026-08-26T08:00:00+00:00,9122.53,9125.04,9118.54,9118.54,183
2026-08-26T08:15:00+00:00,9118.54,9122.05,9115.04,9120.54,169
2026-08-26T08:30:00+00:00,9120.54,9123.03,9116.03,9120.53,151
2026-08-26T08:45:00+00:00,9120.53,9121.04,9114.53,9116.53,125
2026-08-26T09:00:00+00:00,9116.53,9121.04,9116.53,9117.03,81
2026-08-26T09:15:00+00:00,9117.03,9118.05,9114.53,9116.04,142
2026-08-26T09:30:00+00:00,9116.04,9119.05,9114.05,9119.04,81
2026-08-26T09:45:00+00:00,9119.04,9119.04,9115.03,9116.03,121
2026-08-26T10:00:00+00:00,9116.03,9117.04,9111.03,9113.54,177
2026-08-26T10:15:00+00:00,9113.54,9116.03,9112.03,9113.04,74
2026-08-26T10:30:00+00:00,9113.04,9113.05,9109.03,9109.53,147
2026-08-26T10:45:00+00:00,9109.53,9112.55,9107.53,9108.05,128
2026-08-26T11:00:00+00:00,9108.05,9111.05,9107.03,9111.05,137
2026-08-26T11:15:00+00:00,9111.05,9114.05,9109.03,9110.04,92
2026-08-26T11:30:00+00:00,9110.04,9112.53,9106.54,9111.05,100
2026-08-26T11:45:00+00:00,9111.05,9114.54,9106.54,9114.53,84
2026-08-26T12:00:00+00:00,9114.53,9121.55,9114.53,9120.54,103
2026-08-26T12:15:00+00:00,9120.54,9129.55,9119.04,9129.55,132
2026-08-26T12:30:00+00:00,9129.55,9130.05,9116.04,9117.53,587
2026-08-26T12:45:00+00:00,9117.53,9123.05,9113.54,9115.03,369
2026-08-26T13:00:00+00:00,9115.03,9116.05,9110.53,9113.03,233
2026-08-26T13:15:00+00:00,9113.03,9115.04,9109.04,9114.54,198
2026-08-26T13:30:00+00:00,9114.54,9122.05,9109.04,9122.04,471
2026-08-26T13:45:00+00:00,9122.04,9136.04,9122.04,9133.55,201
2026-08-26T14:00:00+00:00,9133.55,9135.53,9126.53,9127.04,212
2026-08-26T14:15:00+00:00,9127.04,9129.04,9120.04,9121.04,130
2026-08-26T14:30:00+00:00,9121.04,9121.55,9115.05,9117.05,156
2026-08-26T14:45:00+00:00,9117.05,9118.03,9108.53,9110.05,194
2026-08-26T15:00:00+00:00,9110.05,9114.04,9104.03,9104.53,147
2026-08-26T15:15:00+00:00,9104.53,9108.05,9102.03,9105.53,159
2026-08-26T15:30:00+00:00,9105.53,9108.54,9100.05,9108.54,194
2026-08-26T15:45:00+00:00,9108.54,9109.05,9101.04,9102.03,182
2026-08-26T16:00:00+00:00,9102.03,9102.04,9095.54,9096.03,108
2026-08-26T16:15:00+00:00,9096.03,9098.04,9095.03,9096.05,80
2026-08-26T16:30:00+00:00,9096.05,9098.05,9094.53,9096.03,116
2026-08-26T16:45:00+00:00,9096.03,9103.55,9096.03,9103.54,71
2026-08-26T17:00:00+00:00,9103.54,9108.05,9100.04,9106.05,175
2026-08-26T17:15:00+00:00,9106.05,9107.54,9104.53,9106.55,53
2026-08-26T17:30:00+00:00,9106.55,9106.55,9103.54,9104.53,65
2026-08-26T17:45:00+00:00,9104.53,9106.55,9104.03,9106.04,33
2026-08-26T18:00:00+00:00,9106.04,9107.05,9104.04,9105.04,59
2026-08-26T18:15:00+00:00,9105.04,9108.05,9105.03,9106.55,85
2026-08-26T18:30:00+00:00,9106.55,9108.05,9104.03,9108.04,34
2026-08-26T18:45:00+00:00,9108.04,9112.03,9108.03,9110.05,62
2026-08-26T19:00:00+00:00,9110.05,9115.05,9110.05,9114.54,81
2026-08-26T19:15:00+00:00,9114.54,9115.04,9112.03,9112.04,46
2026-08-26T19:30:00+00:00,9112.04,9113.04,9102.03,9102.53,133
2026-08-26T19:45:00+00:00,9102.53,9105.55,9095.04,9096.54,300
2026-08-26T20:00:00+00:00,9096.54,9109.04,9096.54,9105.55,186
2026-08-26T20:15:00+00:00,9105.55,9106.04,9100.05,9103.05,510
2026-08-26T20:30:00+00:00,9103.05,9106.05,9102.03,9106.04,31
2026-08-26T20:45:00+00:00,9106.04,9113.34,9105.05,9113.34,85
2026-08-26T23:45:00+00:00,9113.34,9114.59,9102.57,9108.57,335
2026-08-27T00:00:00+00:00,9108.57,9115.99,9083.97,9092.98,953
2026-08-27T00:15:00+00:00,9092.98,9096.49,9082.98,9093.97,471
2026-08-27T00:30:00+00:00,9093.97,9094.47,9078.47,9086.99,385
2026-08-27T00:45:00+00:00,9086.99,9088.48,9065.97,9071.47,333
2026-08-27T01:00:00+00:00,9071.47,9079.47,9070.47,9077.449999999999,287
2026-08-27T01:15:00+00:00,9077.449999999999,9080.96,9063.949999999999,9066.96,215
2026-08-27T01:30:00+00:00,9066.96,9078.96,9056.949999999999,9066.96,419
2026-08-27T01:45:00+00:00,9066.96,9069.96,9060.46,9066.97,181
2026-08-27T02:00:00+00:00,9066.97,9067.97,9056.449999999999,9060.47,201
2026-08-27T02:15:00+00:00,9060.47,9063.449999999999,9051.449999999999,9051.46,119
2026-08-27T02:30:00+00:00,9051.46,9056.97,9048.46,9052.949999999999,172
2026-08-27T02:45:00+00:00,9052.949999999999,9054.46,9046.949999999999,9047.97,132
2026-08-27T03:00:00+00:00,9047.97,9055.97,9046.46,9053.97,133
2026-08-27T03:15:00+00:00,9053.97,9053.97,9046.96,9049.96,97
2026-08-27T03:30:00+00:00,9049.96,9050.949999999999,9038.949999999999,9038.949999999999,95
2026-08-27T03:45:00+00:00,9038.949999999999,9041.97,9033.449999999999,9033.449999999999,75
2026-08-27T04:00:00+00:00,9033.449999999999,9045.97,9033.449999999999,9037.949999999999,111
2026-08-27T04:15:00+00:00,9037.949999999999,9038.46,9028.97,9029.99,102
2026-08-27T04:30:00+00:00,9029.99,9035.98,9025.47,9035.98,117
2026-08-27T04:45:00+00:00,9035.98,9040.48,9027.97,9028.99,119
2026-08-27T05:00:00+00:00,9028.99,9028.99,9020.97,9024.98,151
2026-08-27T05:15:00+00:00,9024.98,9029.99,9023.97,9024.99,133
2026-08-27T05:30:00+00:00,9024.99,9024.99,9018.97,9019.48,142
2026-08-27T05:45:00+00:00,9019.48,9021.97,9017.97,9018.98,93
2026-08-27T06:00:00+00:00,9018.98,9027.59,9013.07,9023.07,503
2026-08-27T06:15:00+00:00,9023.07,9032.39,9022.58,9031.87,153
2026-08-27T07:00:00+00:00,9031.87,9037.08,9026.58,9028.57,101
2026-08-27T07:15:00+00:00,9028.57,9029.59,9022.07,9024.57,277
2026-08-27T07:30:00+00:00,9024.57,9026.59,9016.57,9021.59,246
2026-08-27T07:45:00+00:00,9021.59,9026.09,9019.59,9023.08,184
2026-08-27T08:00:00+00:00,9023.08,9027.08,9021.07,9023.59,278
2026-08-27T08:15:00+00:00,9023.59,9024.59,9019.07,9021.07,191
2026-08-27T08:30:00+00:00,9021.07,9021.58,9014.59,9015.08,174
2026-08-27T08:45:00+00:00,9015.08,9015.59,9007.57,9007.57,122
2026-08-27T09:00:00+00:00,9007.57,9020.59,9005.57,9015.57,279
2026-08-27T09:15:00+00:00,9015.57,9015.57,9009.58,9013.58,169
2026-08-27T09:30:00+00:00,9013.58,9017.59,9012.09,9012.09,177
2026-08-27T09:45:00+00:00,9012.09,9014.59,9011.57,9014.07,140
2026-08-27T10:00:00+00:00,9014.07,9015.59,9009.58,9014.59,266
2026-08-27T10:15:00+00:00,9014.59,9016.59,9008.57,9011.58,159
2026-08-27T10:30:00+00:00,9011.58,9013.09,9007.07,9012.58,140
2026-08-27T10:45:00+00:00,9012.58,9014.58,9008.58,9014.57,142
2026-08-27T11:00:00+00:00,9014.57,9019.58,9012.57,9017.07,224
2026-08-27T11:15:00+00:00,9017.07,9021.59,9017.07,9020.57,99
2026-08-27T11:30:00+00:00,9020.57,9028.08,9020.08,9027.08,296
2026-08-27T11:45:00+00:00,9027.08,9031.59,9025.57,9029.58,186
2026-08-27T12:00:00+00:00,9029.58,9029.59,9026.58,9028.08,128
2026-08-27T12:15:00+00:00,9028.08,9030.59,9023.57,9023.57,129
2026-08-27T12:30:00+00:00,9023.57,9025.59,9017.57,9017.58,249
2026-08-27T12:45:00+00:00,9017.58,9018.57,9011.58,9013.58,197
2026-08-27T13:00:00+00:00,9013.58,9019.09,9011.07,9011.57,267
2026-08-27T13:15:00+00:00,9011.57,9015.57,9009.08,9013.59,166
2026-08-27T13:30:00+00:00,9013.59,9017.59,9004.58,9005.58,540
2026-08-27T13:45:00+00:00,9005.58,9016.57,9000.58,9011.09,517
2026-08-27T14:00:00+00:00,9011.09,9014.58,9001.07,9003.59,413
2026-08-27T14:15:00+00:00,9003.59,9013.59,9002.08,9009.58,246
2026-08-27T14:30:00+00:00,9009.58,9025.57,9007.57,9025.57,234
2026-08-27T14:45:00+00:00,9025.57,9029.57,9021.57,9025.59,297
2026-08-27T15:00:00+00:00,9025.59,9030.06,9023.56,9029.57,214
2026-08-27T15:15:00+00:00,9029.57,9035.06,9028.56,9033.56,176
2026-08-27T15:30:00+00:00,9033.56,9039.07,9033.06,9036.06,255
2026-08-27T15:45:00+00:00,9036.06,9041.07,9034.05,9040.07,177
2026-08-27T16:00:00+00:00,9040.07,9041.05,9036.05,9036.539999999999,106
2026-08-27T16:15:00+00:00,9036.539999999999,9037.56,9035.539999999999,9037.56,43
2026-08-27T16:30:00+00:00,9037.56,9038.55,9035.55,9038.539999999999,93
2026-08-27T16:45:00+00:00,9038.539999999999,9039.539999999999,9036.539999999999,9037.539999999999,150
2026-08-27T17:00:00+00:00,9037.539999999999,9038.56,9035.55,9036.539999999999,69
2026-08-27T17:15:00+00:00,9036.539999999999,9038.59,9034.58,9037.57,83
2026-08-27T17:30:00+00:00,9037.57,9041.08,9035.57,9039.58,103
2026-08-27T17:45:00+00:00,9039.58,9041.58,9034.59,9034.59,133
2026-08-27T18:00:00+00:00,9034.59,9034.59,9030.07,9034.59,213
2026-08-27T18:15:00+00:00,9034.59,9036.09,9032.57,9033.58,186
2026-08-27T18:30:00+00:00,9033.58,9042.07,9033.58,9041.09,90
2026-08-27T18:45:00+00:00,9041.09,9043.59,9041.07,9042.59,103
2026-08-27T19:00:00+00:00,9042.59,9044.58,9039.59,9040.09,203
2026-08-27T19:15:00+00:00,9040.09,9041.59,9033.57,9034.09,131
2026-08-27T19:30:00+00:00,9034.09,9039.58,9032.57,9039.57,156
2026-08-27T19:45:00+00:00,9039.57,9049.57,9039.57,9047.09,245
2026-08-27T20:00:00+00:00,9047.09,9047.59,9043.08,9043.08,152
2026-08-27T20:15:00+00:00,9043.08,9043.57,9039.57,9041.08,46
2026-08-27T20:30:00+00:00,9041.08,9042.58,9040.57,9041.59,31
2026-08-27T20:45:00+00:00,9041.59,9046.88,9026.37,9026.37,74
2026-08-27T23:45:00+00:00,9026.37,9051.62,9026.37,9044.11,163
2026-08-28T00:00:00+00:00,9044.11,9063.51,9042,9047.5,657
2026-08-28T00:15:00+00:00,9047.5,9054.52,9038.02,9048.51,469
2026-08-28T00:30:00+00:00,9048.51,9071.01,9048.51,9068.01,343
2026-08-28T00:45:00+00:00,9068.01,9069,9057.51,9060.01,245
2026-08-28T01:00:00+00:00,9060.01,9073.52,9060.01,9063.51,307
2026-08-28T01:15:00+00:00,9063.51,9067,9053.02,9061.5,242
2026-08-28T01:30:00+00:00,9061.5,9065.01,9050,9059,287
2026-08-28T01:45:00+00:00,9059,9067.01,9056.02,9066,235
2026-08-28T02:00:00+00:00,9066,9066.01,9060.51,9061.5,177
2026-08-28T02:15:00+00:00,9061.5,9064.01,9055.51,9056.02,103
2026-08-28T02:30:00+00:00,9056.02,9064.01,9054,9057,168
2026-08-28T02:45:00+00:00,9057,9062.02,9055,9060.52,100
2026-08-28T03:00:00+00:00,9060.52,9071.5,9060.52,9071.5,113
2026-08-28T03:15:00+00:00,9071.5,9077,9070.01,9072.01,105
2026-08-28T03:30:00+00:00,9072.01,9072.01,9061.5,9063.01,138
2026-08-28T03:45:00+00:00,9063.01,9067.5,9063,9064.5,193
2026-08-28T04:00:00+00:00,9064.5,9074.51,9064.01,9074.51,111
2026-08-28T04:15:00+00:00,9074.51,9080.02,9074.51,9077.52,112
2026-08-28T04:30:00+00:00,9077.52,9078.01,9068.51,9071,83
2026-08-28T04:45:00+00:00,9071,9077.52,9071,9076.5,85
2026-08-28T05:00:00+00:00,9076.5,9084.01,9075.02,9084.01,124
2026-08-28T05:15:00+00:00,9084.01,9086.02,9083.5,9085.02,96
2026-08-28T05:30:00+00:00,9085.02,9085.02,9080.01,9082.02,88
2026-08-28T05:45:00+00:00,9082.02,9086,9079.02,9084.02,141
2026-08-28T06:00:00+00:00,9084.02,9091.62,9083.1,9091.6,336
2026-08-28T06:15:00+00:00,9091.6,9095.1,9085.6,9089.41,188
2026-08-28T07:00:00+00:00,9089.41,9099.1,9087.91,9097.61,70
2026-08-28T07:15:00+00:00,9097.61,9099.6,9093.6,9096.11,166
2026-08-28T07:30:00+00:00,9096.11,9099.1,9089.6,9091.6,153
2026-08-28T07:45:00+00:00,9091.6,9094.62,9088.62,9089.11,165
2026-08-28T08:00:00+00:00,9089.11,9092.62,9087.1,9088.11,171
2026-08-28T08:15:00+00:00,9088.11,9088.61,9081.6,9086.11,136
2026-08-28T08:30:00+00:00,9086.11,9089.61,9082.61,9082.61,138
2026-08-28T08:45:00+00:00,9082.61,9083.11,9075.6,9083.11,186
2026-08-28T09:00:00+00:00,9083.11,9086.12,9080.11,9081.6,142
2026-08-28T09:15:00+00:00,9081.6,9085.62,9081.6,9084.6,99
2026-08-28T09:30:00+00:00,9084.6,9088.11,9083.6,9087.6,73
2026-08-28T09:45:00+00:00,9087.6,9087.62,9084.6,9086.62,132
2026-08-28T10:00:00+00:00,9086.62,9086.62,9081.6,9082.6,99
2026-08-28T10:15:00+00:00,9082.6,9083.62,9079.1,9079.61,122
2026-08-28T10:30:00+00:00,9079.61,9081.62,9076.1,9076.1,108
2026-08-28T10:45:00+00:00,9076.1,9078.62,9075.1,9075.62,131
2026-08-28T11:00:00+00:00,9075.62,9079.6,9075.6,9078.6,120
2026-08-28T11:15:00+00:00,9078.6,9080.6,9075.6,9077.12,78
2026-08-28T11:30:00+00:00,9077.12,9079.62,9075.1,9075.62,119
2026-08-28T11:45:00+00:00,9075.62,9081.6,9075.62,9079.6,134
2026-08-28T12:00:00+00:00,9079.6,9081.62,9077.6,9080.11,88
2026-08-28T12:15:00+00:00,9080.11,9083.12,9078.1,9080.6,142
2026-08-28T12:30:00+00:00,9080.6,9084.62,9076.6,9083.62,113
2026-08-28T12:45:00+00:00,9083.62,9087.62,9081.6,9084.61,165
2026-08-28T13:00:00+00:00,9084.61,9088.62,9082.61,9083.62,173
2026-08-28T13:15:00+00:00,9083.62,9093.62,9081.62,9093.62,109
2026-08-28T13:30:00+00:00,9093.62,9101.61,9083.1,9083.1,521
2026-08-28T13:45:00+00:00,9083.1,9099.12,9083.1,9091.62,348
2026-08-28T14:00:00+00:00,9091.62,9109.61,9065.12,9069.62,1510
2026-08-28T14:15:00+00:00,9069.62,9078.6,9064.61,9071.6,979
2026-08-28T14:30:00+00:00,9071.6,9084.61,9069.61,9081.62,693
2026-08-28T14:45:00+00:00,9081.62,9087.11,9072.1,9082.62,456
2026-08-28T15:00:00+00:00,9082.62,9083.61,9066.6,9072.1,334
2026-08-28T15:15:00+00:00,9072.1,9077.61,9070.6,9074.12,370
2026-08-28T15:30:00+00:00,9074.12,9074.62,9055.6,9056.12,625
2026-08-28T15:45:00+00:00,9056.12,9057.62,9048.1,9049.61,462
2026-08-28T16:00:00+00:00,9049.61,9053.1,9042.6,9042.6,455
2026-08-28T16:15:00+00:00,9042.6,9043.62,9026.6,9031.11,474
2026-08-28T16:30:00+00:00,9031.11,9044.62,9031.11,9035.61,473
2026-08-28T16:45:00+00:00,9035.61,9044.6,9035.61,9038.6,457
2026-08-28T17:00:00+00:00,9038.6,9040.6,9032.61,9040.6,490
2026-08-28T17:15:00+00:00,9040.6,9043.61,9038.1,9040.62,356
2026-08-28T17:30:00+00:00,9040.62,9046.12,9039.6,9041.62,305
2026-08-28T17:45:00+00:00,9041.62,9048.1,9041.62,9047.11,198
2026-08-28T18:00:00+00:00,9047.11,9049.12,9044.62,9045.62,329
2026-08-28T18:15:00+00:00,9045.62,9047.62,9042.61,9044.61,210
2026-08-28T18:30:00+00:00,9044.61,9047.12,9043.6,9045.62,105
2026-08-28T18:45:00+00:00,9045.62,9048.61,9042.62,9047.62,181
2026-08-28T19:00:00+00:00,9047.62,9053.61,9046.6,9049.1,190
2026-08-28T19:15:00+00:00,9049.1,9050.62,9046.1,9048.62,192
2026-08-28T19:30:00+00:00,9048.62,9050.62,9047.6,9049.1,155
2026-08-28T19:45:00+00:00,9049.1,9052.62,9043.6,9048.62,237
2026-08-28T20:00:00+00:00,9048.62,9051.61,9048.11,9050.62,142
2026-08-28T20:15:00+00:00,9050.62,9051.62,9050.11,9050.11,16
2026-08-28T20:30:00+00:00,9050.11,9053.62,9049.1,9053.62,86
2026-08-30T23:45:00+00:00,9053.62,9060.88,9040.37,9057.38,391
2026-08-31T00:00:00+00:00,9057.38,9079.26,9055.27,9078.28,1296
2026-08-31T00:15:00+00:00,9078.28,9087.78,9065.27,9086.77,593
2026-08-31T00:30:00+00:00,9086.77,9094.27,9081.26,9093.27,419
2026-08-31T00:45:00+00:00,9093.27,9102.27,9082.28,9086.28,321
2026-08-31T01:00:00+00:00,9086.28,9113.26,9084.76,9110.28,588
2026-08-31T01:15:00+00:00,9110.28,9125.27,9109.78,9114.28,443
2026-08-31T01:30:00+00:00,9114.28,9114.28,9098.26,9100.78,378
2026-08-31T01:45:00+00:00,9100.78,9102.26,9089.76,9090.26,233
2026-08-31T02:00:00+00:00,9090.26,9097.26,9084.76,9095.78,265
2026-08-31T02:15:00+00:00,9095.78,9098.27,9084.27,9088.77,294
2026-08-31T02:30:00+00:00,9088.77,9095.76,9085.28,9087.26,266
2026-08-31T02:45:00+00:00,9087.26,9097.28,9087.26,9097.26,196
2026-08-31T03:00:00+00:00,9097.26,9101.78,9092.26,9097.77,171
2026-08-31T03:15:00+00:00,9097.77,9100.27,9094.28,9096.76,142
2026-08-31T03:30:00+00:00,9096.76,9096.78,9089.27,9089.76,96
2026-08-31T03:45:00+00:00,9089.76,9090.28,9080.77,9082.27,141
2026-08-31T04:00:00+00:00,9082.27,9083.27,9075.27,9078.28,114
2026-08-31T04:15:00+00:00,9078.28,9081.26,9076.27,9078.26,101
2026-08-31T04:30:00+00:00,9078.26,9078.27,9068.27,9069.26,146
2026-08-31T04:45:00+00:00,9069.26,9073.28,9065.26,9069.76,129
2026-08-31T05:00:00+00:00,9069.76,9077.28,9069.27,9077.28,125
2026-08-31T05:15:00+00:00,9077.28,9078.78,9071.27,9078.27,131
2026-08-31T05:30:00+00:00,9078.27,9078.78,9071.27,9077.78,173
2026-08-31T05:45:00+00:00,9077.78,9081.26,9075.26,9078.78,155
2026-08-31T06:00:00+00:00,9078.78,9079.88,9056.88,9065.86,549
2026-08-31T06:15:00+00:00,9065.86,9070.37,9062.87,9070.17,205
2026-08-31T07:00:00+00:00,9070.17,9076.38,9066.87,9075.37,88
2026-08-31T07:15:00+00:00,9075.37,9078.36,9073.38,9073.87,107
2026-08-31T07:30:00+00:00,9073.87,9077.38,9072.36,9075.87,129
2026-08-31T07:45:00+00:00,9075.87,9083.87,9074.86,9083.87,132
2026-08-31T08:00:00+00:00,9083.87,9090.38,9082.86,9083.87,234
2026-08-31T08:15:00+00:00,9083.87,9085.88,9082.86,9085.36,92
2026-08-31T08:30:00+00:00,9085.36,9087.88,9081.36,9081.86,80
2026-08-31T08:45:00+00:00,9081.86,9086.38,9081.86,9083.36,60
2026-08-31T09:00:00+00:00,9083.36,9086.87,9080.37,9086.86,93
2026-08-31T09:15:00+00:00,9086.86,9088.88,9082.36,9083.37,54
2026-08-31T09:30:00+00:00,9083.37,9084.87,9081.86,9082.87,68
2026-08-31T09:45:00+00:00,9082.87,9082.87,9076.86,9077.87,64
2026-08-31T10:00:00+00:00,9077.87,9078.88,9074.87,9076.88,112
2026-08-31T10:15:00+00:00,9076.88,9077.38,9071.86,9075.87,99
2026-08-31T10:30:00+00:00,9075.87,9076.88,9073.86,9076.37,66
2026-08-31T10:45:00+00:00,9076.37,9083.38,9075.87,9081.37,63
2026-08-31T11:00:00+00:00,9081.37,9091.87,9081.37,9089.86,112
2026-08-31T11:15:00+00:00,9089.86,9092.37,9088.36,9089.87,82
2026-08-31T11:30:00+00:00,9089.87,9089.88,9081.87,9083.88,99
2026-08-31T11:45:00+00:00,9083.88,9088.37,9081.86,9087.88,85
2026-08-31T12:00:00+00:00,9087.88,9092.38,9082.37,9088.88,227
2026-08-31T12:15:00+00:00,9088.88,9092.87,9075.86,9077.87,308
2026-08-31T12:30:00+00:00,9077.87,9077.88,9068.36,9070.88,235
2026-08-31T12:45:00+00:00,9070.88,9072.87,9066.86,9071.86,182
2026-08-31T13:00:00+00:00,9071.86,9073.87,9069.86,9073.87,106
2026-08-31T13:15:00+00:00,9073.87,9076.87,9070.86,9071.86,155
2026-08-31T13:30:00+00:00,9071.86,9071.86,9054.36,9054.36,260
2026-08-31T13:45:00+00:00,9054.36,9057.87,9041.36,9043.38,259
2026-08-31T14:00:00+00:00,9043.38,9049.37,9040.86,9045.88,239
2026-08-31T14:15:00+00:00,9045.88,9049.87,9035.87,9037.88,175
2026-08-31T14:30:00+00:00,9037.88,9053.86,9037.38,9048.87,206
2026-08-31T14:45:00+00:00,9048.87,9057.37,9044.87,9052.86,193
2026-08-31T15:00:00+00:00,9052.86,9058.38,9046.87,9049.88,246
2026-08-31T15:15:00+00:00,9049.88,9049.88,9043.86,9046.88,163
2026-08-31T15:30:00+00:00,9046.88,9047.88,9041.88,9043.88,268
2026-08-31T15:45:00+00:00,9043.88,9047.37,9038.87,9038.87,126
2026-08-31T16:00:00+00:00,9038.87,9044.88,9037.88,9044.38,217
2026-08-31T16:15:00+00:00,9044.38,9044.88,9039.87,9042.86,100
2026-08-31T16:30:00+00:00,9042.86,9043.87,9036.86,9040.87,95
2026-08-31T16:45:00+00:00,9040.87,9040.87,9036.86,9038.37,75
2026-08-31T17:00:00+00:00,9038.37,9038.87,9034.86,9037.86,117
2026-08-31T17:15:00+00:00,9037.86,9038.88,9033.87,9034.88,73
2026-08-31T17:30:00+00:00,9034.88,9040.87,9033.86,9040.36,123
2026-08-31T17:45:00+00:00,9040.36,9042.37,9038.36,9038.86,90
2026-08-31T18:00:00+00:00,9038.86,9040.87,9037.36,9038.88,97
2026-08-31T18:15:00+00:00,9038.88,9038.88,9036.86,9037.37,132
2026-08-31T18:30:00+00:00,9037.37,9037.37,9032.86,9035.38,65
2026-08-31T18:45:00+00:00,9035.38,9039.88,9034.87,9039.37,44
2026-08-31T19:00:00+00:00,9039.37,9040.88,9038.86,9039.86,39
2026-08-31T19:15:00+00:00,9039.86,9042.88,9038.87,9042.36,32
2026-08-31T19:30:00+00:00,9042.36,9044.88,9041.86,9044.88,45
2026-08-31T19:45:00+00:00,9044.88,9052.87,9043.88,9046.38,176
2026-08-31T20:00:00+00:00,9046.38,9048.88,9044.88,9047.37,110
2026-08-31T20:15:00+00:00,9047.37,9047.86,9046.36,9046.38,22
2026-08-31T20:30:00+00:00,9046.38,9047.88,9046.36,9047.38,28
2026-08-31T20:45:00+00:00,9047.38,9051.67,9045.87,9051.67,34
2026-08-31T23:45:00+00:00,9051.67,9051.67,9016.33,9024.82,141
2026-09-01T00:00:00+00:00,9024.82,9041.74,9023.24,9034.73,786
2026-09-01T00:15:00+00:00,9034.73,9040.73,9026.73,9037.23,396
2026-09-01T00:30:00+00:00,9037.23,9052.74,9036.72,9041.72,302
2026-09-01T00:45:00+00:00,9041.72,9044.23,9029.23,9033.72,339
2026-09-01T01:00:00+00:00,9033.72,9033.72,9024.72,9029.73,273
2026-09-01T01:15:00+00:00,9029.73,9031.24,9019.72,9020.72,173
2026-09-01T01:30:00+00:00,9020.72,9027.24,9015.72,9026.24,210
2026-09-01T01:45:00+00:00,9026.24,9037.23,9025.24,9037.23,152
2026-09-01T02:00:00+00:00,9037.23,9045.74,9036.23,9037.73,178
2026-09-01T02:15:00+00:00,9037.73,9045.73,9034.72,9043.23,167
2026-09-01T02:30:00+00:00,9043.23,9053.24,9041.74,9042.72,179
2026-09-01T02:45:00+00:00,9042.72,9045.73,9037.72,9044.72,151
2026-09-01T03:00:00+00:00,9044.72,9048.73,9042.72,9044.22,119
2026-09-01T03:15:00+00:00,9044.22,9044.74,9033.74,9033.74,111
2026-09-01T03:30:00+00:00,9033.74,9037.23,9028.72,9035.23,109
2026-09-01T03:45:00+00:00,9035.23,9038.24,9027.74,9027.74,130
2026-09-01T04:00:00+00:00,9027.74,9036.24,9027.72,9034.24,115
2026-09-01T04:15:00+00:00,9034.24,9037.74,9033.22,9034.74,83
2026-09-01T04:30:00+00:00,9034.74,9042.24,9034.24,9040.74,108
2026-09-01T04:45:00+00:00,9040.74,9046.23,9037.74,9039.23,99
2026-09-01T05:00:00+00:00,9039.23,9047.73,9038.22,9046.24,132
2026-09-01T05:15:00+00:00,9046.24,9049.23,9045.72,9048.22,91
2026-09-01T05:30:00+00:00,9048.22,9065.73,9047.74,9065.72,196
2026-09-01T05:45:00+00:00,9065.72,9066.74,9061.72,9064.24,137
2026-09-01T06:00:00+00:00,9064.24,9068.32,9058.32,9058.83,262
2026-09-01T06:15:00+00:00,9058.83,9059.82,9048.82,9049.63,169
2026-09-01T07:00:00+00:00,9049.63,9062.32,9042.84,9062.32,97
2026-09-01T07:15:00+00:00,9062.32,9062.32,9050.34,9052.33,186
2026-09-01T07:30:00+00:00,9052.33,9052.84,9042.84,9042.84,292
2026-09-01T07:45:00+00:00,9042.84,9048.84,9037.83,9047.83,380
2026-09-01T08:00:00+00:00,9047.83,9051.34,9025.34,9029.32,875
2026-09-01T08:15:00+00:00,9029.32,9032.83,9011.33,9011.84,636
2026-09-01T08:30:00+00:00,9011.84,9012.83,8992.84,8993.32,559
2026-09-01T08:45:00+00:00,8993.32,9009.34,8990.32,8998.84,570
2026-09-01T09:00:00+00:00,8998.84,9009.33,8998.33,9004.33,547
2026-09-01T09:15:00+00:00,9004.33,9009.34,9001.32,9006.32,433
2026-09-01T09:30:00+00:00,9006.32,9008.34,8999.32,9006.84,379
2026-09-01T09:45:00+00:00,9006.84,9009.34,9001.33,9001.33,245
2026-09-01T10:00:00+00:00,9001.33,9010.33,8999.32,9009.83,308
2026-09-01T10:15:00+00:00,9009.83,9023.84,9009.83,9021.82,276
2026-09-01T10:30:00+00:00,9021.82,9025.83,9020.32,9021.83,261
2026-09-01T10:45:00+00:00,9021.83,9025.84,9016.32,9020.33,351
2026-09-01T11:00:00+00:00,9020.33,9023.33,9014.84,9018.34,297
2026-09-01T11:15:00+00:00,9018.34,9023.32,9016.82,9022.33,238
2026-09-01T11:30:00+00:00,9022.33,9032.82,9021.84,9031.34,203
2026-09-01T11:45:00+00:00,9031.34,9037.34,9024.32,9025.32,260
2026-09-01T12:00:00+00:00,9025.32,9028.84,9020.83,9026.83,351
2026-09-01T12:15:00+00:00,9026.83,9033.84,9026.34,9032.34,228
2026-09-01T12:30:00+00:00,9032.34,9036.34,9028.32,9031.33,458
2026-09-01T12:45:00+00:00,9031.33,9038.34,9031.33,9034.33,215
2026-09-01T13:00:00+00:00,9034.33,9035.32,9020.33,9020.82,336
2026-09-01T13:15:00+00:00,9020.82,9031.34,9020.33,9031.34,211
2026-09-01T13:30:00+00:00,9031.34,9039.33,9021.34,9027.33,478
2026-09-01T13:45:00+00:00,9027.33,9027.83,9017.33,9026.64,384
2026-09-01T14:00:00+00:00,9026.64,9036.84,9018.32,9036.82,449
2026-09-01T14:15:00+00:00,9036.82,9040.83,9031.32,9031.84,228
2026-09-01T14:30:00+00:00,9031.84,9035.82,9025.83,9026.32,279
2026-09-01T14:45:00+00:00,9026.32,9027.33,9010.82,9014.34,203
2026-09-01T15:00:00+00:00,9014.34,9016.34,9004.32,9004.32,220
2026-09-01T15:15:00+00:00,9004.32,9011.32,9001.83,9011.32,178
2026-09-01T15:30:00+00:00,9011.32,9011.34,9003.33,9004.84,294
2026-09-01T15:45:00+00:00,9004.84,9007.84,9002.32,9004.32,142
2026-09-01T16:00:00+00:00,9004.32,9006.84,8997.32,8997.32,211
2026-09-01T16:15:00+00:00,8997.32,8997.83,8979.33,8981.33,479
2026-09-01T16:30:00+00:00,8981.33,8987.33,8976.32,8982.82,440
2026-09-01T16:45:00+00:00,8982.82,8988.34,8982.32,8986.34,291
2026-09-01T17:00:00+00:00,8986.34,8986.84,8980.33,8984.33,271
2026-09-01T17:15:00+00:00,8984.33,8986.33,8977.33,8984.82,248
2026-09-01T17:30:00+00:00,8984.82,8986.34,8983.32,8983.33,231
2026-09-01T17:45:00+00:00,8983.33,8983.83,8976.32,8977.34,171
2026-09-01T18:00:00+00:00,8977.34,8978.33,8960.32,8966.34,254
2026-09-01T18:15:00+00:00,8966.34,8973.34,8966.34,8969.32,123
2026-09-01T18:30:00+00:00,8969.32,8969.34,8956.32,8956.32,203
2026-09-01T18:45:00+00:00,8956.32,8963.84,8954.32,8963.34,189
2026-09-01T19:00:00+00:00,8963.34,8971.83,8962.32,8971.83,291
2026-09-01T19:15:00+00:00,8971.83,8973.33,8968.32,8970.33,216
2026-09-01T19:30:00+00:00,8970.33,8970.33,8964.82,8967.34,226
2026-09-01T19:45:00+00:00,8967.34,8967.83,8962.32,8967.34,222
2026-09-01T20:00:00+00:00,8967.34,8970.34,8965.84,8969.34,106
2026-09-01T20:15:00+00:00,8969.34,8970.83,8968.84,8969.33,40
2026-09-01T20:30:00+00:00,8969.33,8970.84,8968.32,8969.84,32
2026-09-01T20:45:00+00:00,8969.84,8971.33,8967.82,8970.64,73
2026-09-01T23:45:00+00:00,8970.64,8970.64,8956.6,8963.59,199
2026-09-02T00:00:00+00:00,8963.59,8967.5,8951.98,8954,1045
2026-09-02T00:15:00+00:00,8954,8959.99,8941,8941,649
2026-09-02T00:30:00+00:00,8941,8952.48,8936,8936.49,372
2026-09-02T00:45:00+00:00,8936.49,8940.5,8928.98,8929.49,261
2026-09-02T01:00:00+00:00,8929.49,8945.99,8926.5,8937.5,484
2026-09-02T01:15:00+00:00,8937.5,8959,8936.5,8958.5,335
2026-09-02T01:30:00+00:00,8958.5,8964.99,8942.49,8964.99,649
2026-09-02T01:45:00+00:00,8964.99,8967,8953.98,8957.99,401
2026-09-02T02:00:00+00:00,8957.99,8968.99,8956.98,8965.48,371
2026-09-02T02:15:00+00:00,8965.48,8970,8962.48,8967.5,235
2026-09-02T02:30:00+00:00,8967.5,8970,8959.98,8959.98,303
2026-09-02T02:45:00+00:00,8959.98,8959.98,8950.48,8954.49,170
2026-09-02T03:00:00+00:00,8954.49,8965,8953.48,8959,218
2026-09-02T03:15:00+00:00,8959,8959.5,8952.49,8955,238
2026-09-02T03:30:00+00:00,8955,8955,8947,8947,137
2026-09-02T03:45:00+00:00,8947,8956,8947,8955.99,160
2026-09-02T04:00:00+00:00,8955.99,8962.5,8954.48,8962.5,132
2026-09-02T04:15:00+00:00,8962.5,8964,8957.98,8961,156
2026-09-02T04:30:00+00:00,8961,8969,8960,8964.99,148
2026-09-02T04:45:00+00:00,8964.99,8968.48,8960.98,8964.5,129
2026-09-02T05:00:00+00:00,8964.5,8970.49,8964.48,8970.49,173
2026-09-02T05:15:00+00:00,8970.49,8976.99,8967.98,8976.99,119
2026-09-02T05:30:00+00:00,8976.99,8984,8976,8984,219
2026-09-02T05:45:00+00:00,8984,8984,8965.98,8967.49,205
2026-09-02T06:00:00+00:00,8967.49,8975.6,8964.58,8974.1,289
2026-09-02T06:15:00+00:00,8974.1,8976.6,8969.58,8973.39,207
2026-09-02T07:00:00+00:00,8973.39,8998.08,8973.39,8988.08,177
2026-09-02T07:15:00+00:00,8988.08,8989.09,8975.58,8981.58,256
2026-09-02T07:30:00+00:00,8981.58,8985.1,8979.58,8981.08,344
2026-09-02T07:45:00+00:00,8981.08,8981.1,8971.08,8971.1,236
2026-09-02T08:00:00+00:00,8971.1,8978.1,8968.58,8975.6,438
2026-09-02T08:15:00+00:00,8975.6,8976.1,8971.58,8973.1,338
2026-09-02T08:30:00+00:00,8973.1,8977.6,8971.58,8971.58,212
2026-09-02T08:45:00+00:00,8971.58,8973.6,8965.08,8966.59,191
2026-09-02T09:00:00+00:00,8966.59,8972.59,8961.09,8961.6,354
2026-09-02T09:15:00+00:00,8961.6,8965.6,8960.58,8961.58,275
2026-09-02T09:30:00+00:00,8961.58,8961.58,8953.6,8957.09,218
2026-09-02T09:45:00+00:00,8957.09,8962.59,8955.08,8961.08,214
2026-09-02T10:00:00+00:00,8961.08,8961.08,8953.58,8959.59,283
2026-09-02T10:15:00+00:00,8959.59,8961.1,8957.58,8958.59,195
2026-09-02T10:30:00+00:00,8958.59,8958.6,8954.08,8956.6,164
2026-09-02T10:45:00+00:00,8956.6,8959.1,8953.58,8959.08,181
2026-09-02T11:00:00+00:00,8959.08,8976.58,8953.59,8975.1,467
2026-09-02T11:15:00+00:00,8975.1,8975.59,8966.08,8973.1,410
2026-09-02T11:30:00+00:00,8973.1,8982.09,8972.58,8978.58,322
2026-09-02T11:45:00+00:00,8978.58,8988.1,8976.58,8988.09,212
2026-09-02T12:00:00+00:00,8988.09,8992.1,8982.1,8985.59,296
2026-09-02T12:15:00+00:00,8985.59,8990.1,8975.09,8978.6,496
2026-09-02T12:30:00+00:00,8978.6,8985.6,8978.58,8985.08,261
2026-09-02T12:45:00+00:00,8985.08,8985.08,8976.59,8977.1,223
2026-09-02T13:00:00+00:00,8977.1,8988.6,8977.1,8987.58,295
2026-09-02T13:15:00+00:00,8987.58,9002.6,8985.59,8999.59,337
2026-09-02T13:30:00+00:00,8999.59,9010.1,8992.09,9007.1,405
2026-09-02T13:45:00+00:00,9007.1,9009.1,8994.09,9008.59,465
2026-09-02T14:00:00+00:00,9008.59,9015.1,9005.59,9009.08,493
2026-09-02T14:15:00+00:00,9009.08,9016.1,9006.58,9007.59,463
2026-09-02T14:30:00+00:00,9007.59,9013.58,9002.59,9010.09,297
2026-09-02T14:45:00+00:00,9010.09,9010.09,8999.6,9000.59,335
2026-09-02T15:00:00+00:00,9000.59,9002.6,8994.59,8996.09,241
2026-09-02T15:15:00+00:00,8996.09,9000.09,8991.59,8997.59,267
2026-09-02T15:30:00+00:00,8997.59,8999.6,8993.58,8994.59,315
2026-09-02T15:45:00+00:00,8994.59,8996.08,8991.08,8995.08,196
2026-09-02T16:00:00+00:00,8995.08,8997.6,8993.58,8995.6,199
2026-09-02T16:15:00+00:00,8995.6,8997.6,8994.58,8994.59,116
2026-09-02T16:30:00+00:00,8994.59,9000.1,8994.59,8998.58,140
2026-09-02T16:45:00+00:00,8998.58,9003.58,8998.58,9002.58,95
2026-09-02T17:00:00+00:00,9002.58,9007.6,9002.58,9006.6,115
2026-09-02T17:15:00+00:00,9006.6,9006.6,9002.09,9002.6,84
2026-09-02T17:30:00+00:00,9002.6,9004.59,8999.58,9003.6,139
2026-09-02T17:45:00+00:00,9003.6,9006.6,9001.09,9002.6,107
2026-09-02T18:00:00+00:00,9002.6,9006.6,8998.59,9002.58,110
2026-09-02T18:15:00+00:00,9002.58,9009.58,8998.08,9001.6,247
2026-09-02T18:30:00+00:00,9001.6,9002.59,8995.59,8995.6,135
2026-09-02T18:45:00+00:00,8995.6,8996.6,8993.58,8995.6,97
2026-09-02T19:00:00+00:00,8995.6,8999.6,8993.59,8998.59,60
2026-09-02T19:15:00+00:00,8998.59,9000.1,8997.59,8999.08,157
2026-09-02T19:30:00+00:00,8999.08,9002.6,8998.59,9002.58,103
2026-09-02T19:45:00+00:00,9002.58,9010.6,9001.58,9010.09,206
2026-09-02T20:00:00+00:00,9010.09,9012.6,9006.59,9011.59,122
2026-09-02T20:15:00+00:00,9011.59,9011.59,9008.58,9010.59,140
2026-09-02T20:30:00+00:00,9010.59,9010.59,9008.58,9009.6,19
2026-09-02T20:45:00+00:00,9009.6,9011.1,9007.1,9008.4,63
2026-09-02T23:45:00+00:00,9008.4,9008.4,8955.99,8955.99,290
2026-09-03T00:00:00+00:00,8955.99,8984.89,8955.99,8973.4,700
2026-09-03T00:15:00+00:00,8973.4,8981.38,8970.38,8971.38,283
2026-09-03T00:30:00+00:00,8971.38,8978.88,8959.88,8973.39,240
2026-09-03T00:45:00+00:00,8973.39,8981.9,8967.39,8970.4,247
2026-09-03T01:00:00+00:00,8970.4,8971.4,8962.89,8963.89,301
2026-09-03T01:15:00+00:00,8963.89,8975.4,8963.38,8974.38,141
2026-09-03T01:30:00+00:00,8974.38,8987.89,8974.38,8983.4,136
2026-09-03T01:45:00+00:00,8983.4,8991.4,8983.4,8991.38,89
2026-09-03T02:00:00+00:00,8991.38,9005.89,8990.88,9004.38,122
2026-09-03T02:15:00+00:00,9004.38,9008.9,9003.38,9008.9,84
2026-09-03T02:30:00+00:00,9008.9,9009.9,9001.89,9005.9,99
2026-09-03T02:45:00+00:00,9005.9,9017.89,9005.89,9016.89,96
2026-09-03T03:00:00+00:00,9016.89,9020.9,9014.89,9014.9,101
2026-09-03T03:15:00+00:00,9014.9,9018.9,9007.88,9007.88,90
2026-09-03T03:30:00+00:00,9007.88,9011.9,9006.88,9008.38,88
2026-09-03T03:45:00+00:00,9008.38,9013.88,9008.38,9012.4,86
2026-09-03T04:00:00+00:00,9012.4,9013.4,9007.88,9008.4,130
2026-09-03T04:15:00+00:00,9008.4,9008.9,9000.9,9004.89,141
2026-09-03T04:30:00+00:00,9004.89,9006.39,9000.88,9005.4,84
2026-09-03T04:45:00+00:00,9005.4,9012.39,9005.39,9007.38,87
2026-09-03T05:00:00+00:00,9007.38,9008.9,9003.88,9003.9,73
2026-09-03T05:15:00+00:00,9003.9,9005.4,8994.38,8994.89,160
2026-09-03T05:30:00+00:00,8994.89,9008.39,8994.39,9006.88,146
2026-09-03T05:45:00+00:00,9006.88,9008.39,9004.88,9006.38,459
2026-09-03T06:00:00+00:00,9006.38,9017.49,9005.48,9012,328
2026-09-03T06:15:00+00:00,9012,9014.5,9009.48,9014.29,188
2026-09-03T07:00:00+00:00,9014.29,9014.29,9003.98,9004.48,115
2026-09-03T07:15:00+00:00,9004.48,9006.49,8990.5,8997,209
2026-09-03T07:30:00+00:00,8997,9006.99,8995.48,8998.98,313
2026-09-03T07:45:00+00:00,8998.98,9003.5,8995,9000.48,260
2026-09-03T08:00:00+00:00,9000.48,9018,8999.48,9006.49,1057
2026-09-03T08:15:00+00:00,9006.49,9019.49,9004.49,9015.48,416
2026-09-03T08:30:00+00:00,9015.48,9016,9010.48,9014.5,291
2026-09-03T08:45:00+00:00,9014.5,9015.5,9009.48,9009.49,220
2026-09-03T09:00:00+00:00,9009.49,9014.5,9007.48,9012.48,244
2026-09-03T09:15:00+00:00,9012.48,9013,9004.98,9008,209
2026-09-03T09:30:00+00:00,9008,9010.5,9005.98,9008.49,158
2026-09-03T09:45:00+00:00,9008.49,9011,9001.48,9002.99,296
2026-09-03T10:00:00+00:00,9002.99,9006.5,9001.48,9002.49,272
2026-09-03T10:15:00+00:00,9002.49,9004.49,8994.99,8997.49,159
2026-09-03T10:30:00+00:00,8997.49,9002.49,8995,9001.99,202
2026-09-03T10:45:00+00:00,9001.99,9005.5,8999.48,9000.98,141
2026-09-03T11:00:00+00:00,9000.98,9015,9000.98,9011.48,372
2026-09-03T11:15:00+00:00,9011.48,9017.99,9009.48,9012.48,355
2026-09-03T11:30:00+00:00,9012.48,9016.5,9005.98,9014.48,231
2026-09-03T11:45:00+00:00,9014.48,9014.5,9007.48,9013,158
2026-09-03T12:00:00+00:00,9013,9016.5,9011,9013.48,172
2026-09-03T12:15:00+00:00,9013.48,9020.5,9010.98,9019.49,209
2026-09-03T12:30:00+00:00,9019.49,9037,9019.49,9029.5,657
2026-09-03T12:45:00+00:00,9029.5,9047.5,9028.48,9040.5,347
2026-09-03T13:00:00+00:00,9040.5,9043,9037.48,9041.48,317
2026-09-03T13:15:00+00:00,9041.48,9045.5,9039.48,9044.5,167
2026-09-03T13:30:00+00:00,9044.5,9046.48,9027.5,9035.48,494
2026-09-03T13:45:00+00:00,9035.48,9035.48,9022.5,9032.99,366
2026-09-03T14:00:00+00:00,9032.99,9034.48,9013.98,9015,442
2026-09-03T14:15:00+00:00,9015,9020.48,9011.48,9013.99,339
2026-09-03T14:30:00+00:00,9013.99,9018.99,9009,9016.98,350
2026-09-03T14:45:00+00:00,9016.98,9027.49,9016.98,9027.49,403
2026-09-03T15:00:00+00:00,9027.49,9037.48,9027.48,9033.48,292
2026-09-03T15:15:00+00:00,9033.48,9044.5,9032.48,9044.5,240
2026-09-03T15:30:00+00:00,9044.5,9045.49,9037.49,9037.98,257
2026-09-03T15:45:00+00:00,9037.98,9042,9035.49,9037.99,152
2026-09-03T16:00:00+00:00,9037.99,9041.5,9034.5,9037.48,135
2026-09-03T16:15:00+00:00,9037.48,9040,9036.48,9039,115
2026-09-03T16:30:00+00:00,9039,9041.5,9035.98,9040,122
2026-09-03T16:45:00+00:00,9040,9041.49,9037.5,9037.5,76
2026-09-03T17:00:00+00:00,9037.5,9039,9035.98,9038.48,58
2026-09-03T17:15:00+00:00,9038.48,9040.48,9037.98,9040.48,87
2026-09-03T17:30:00+00:00,9040.48,9046.5,9040.48,9046.5,99
2026-09-03T17:45:00+00:00,9046.5,9046.5,9041.98,9043.49,68
2026-09-03T18:00:00+00:00,9043.49,9046.5,9042.48,9043.48,96
2026-09-03T18:15:00+00:00,9043.48,9044.5,9042.98,9043.48,51
2026-09-03T18:30:00+00:00,9043.48,9043.48,9039.48,9040.5,46
2026-09-03T18:45:00+00:00,9040.5,9042.49,9039.49,9040.49,64
2026-09-03T19:00:00+00:00,9040.49,9042.5,9039.99,9040.49,41
2026-09-03T19:15:00+00:00,9040.49,9041.49,9039.48,9040.98,44
2026-09-03T19:30:00+00:00,9040.98,9042.5,9039.49,9041,85
2026-09-03T19:45:00+00:00,9041,9044.5,9038.98,9042.5,126
2026-09-03T20:00:00+00:00,9042.5,9042.5,9036.48,9036.5,60
2026-09-03T20:15:00+00:00,9036.5,9036.5,9034.98,9035.49,28
2026-09-03T20:30:00+00:00,9035.49,9035.5,9034.98,9035,8
2026-09-03T20:45:00+00:00,9035,9038.8,9032.98,9038.8,54
2026-09-03T23:45:00+00:00,9038.8,9045.1,9038.6,9043.59,128
2026-09-04T00:00:00+00:00,9043.59,9050.49,9020.48,9029.49,784
2026-09-04T00:15:00+00:00,9029.49,9042,9024.99,9027.48,423
2026-09-04T00:30:00+00:00,9027.48,9028,9015.49,9026.99,219
2026-09-04T00:45:00+00:00,9026.99,9031.49,9021.99,9022.99,185
2026-09-04T01:00:00+00:00,9022.99,9029,9019.98,9020.49,261
2026-09-04T01:15:00+00:00,9020.49,9021.5,9003.99,9011.5,299
2026-09-04T01:30:00+00:00,9011.5,9012.99,8998.48,9002.49,287
2026-09-04T01:45:00+00:00,9002.49,9006,8996.98,9000.99,149
2026-09-04T02:00:00+00:00,9000.99,9007,9000.99,9003.98,125
2026-09-04T02:15:00+00:00,9003.98,9006.49,9000.99,9001.49,118
2026-09-04T02:30:00+00:00,9001.49,9002.98,8993,9000.48,194
2026-09-04T02:45:00+00:00,9000.48,9005.48,8999.98,9003.99,122
2026-09-04T03:00:00+00:00,9003.99,9006.49,9002.48,9002.5,88
2026-09-04T03:15:00+00:00,9002.5,9005.99,8995.48,8995.98,87
2026-09-04T03:30:00+00:00,8995.98,9001.99,8994.99,8997,99
2026-09-04T03:45:00+00:00,8997,8997,8991.98,8994.48,89
2026-09-04T04:00:00+00:00,8994.48,8996,8992.49,8995,109
2026-09-04T04:15:00+00:00,8995,8997.5,8990.98,8997,80
2026-09-04T04:30:00+00:00,8997,9001,8994.98,8995.98,80
2026-09-04T04:45:00+00:00,8995.98,9002,8995.98,9001.99,71
2026-09-04T05:00:00+00:00,9001.99,9003.98,9000.49,9002.98,82
2026-09-04T05:15:00+00:00,9002.98,9003.99,8999,9001.99,98
2026-09-04T05:30:00+00:00,9001.99,9015.98,9001.98,9014.5,112
2026-09-04T05:45:00+00:00,9014.5,9016,9009.48,9009.98,154
2026-09-04T06:00:00+00:00,9009.98,9009.98,8996.6,9005.09,233
2026-09-04T06:15:00+00:00,9005.09,9007.6,9001.58,9003.88,151
2026-09-04T07:00:00+00:00,9003.88,9003.88,8988.1,8993.6,125
2026-09-04T07:15:00+00:00,8993.6,9000.59,8993.1,8999.08,193
2026-09-04T07:30:00+00:00,8999.08,9005.6,8998.6,9005.1,179
2026-09-04T07:45:00+00:00,9005.1,9009.59,9000.08,9001.58,192
2026-09-04T08:00:00+00:00,9001.58,9002.59,8993.09,8995.08,226
2026-09-04T08:15:00+00:00,8995.08,8995.08,8988.58,8990.59,155
2026-09-04T08:30:00+00:00,8990.59,8996.6,8990.59,8995.58,241
2026-09-04T08:45:00+00:00,8995.58,9002.1,8994.08,9001.09,192
2026-09-04T09:00:00+00:00,9001.09,9004.1,8996.58,8996.58,167
2026-09-04T09:15:00+00:00,8996.58,9000.08,8995.59,8997.58,228
2026-09-04T09:30:00+00:00,8997.58,8999.08,8996.58,8997.59,108
2026-09-04T09:45:00+00:00,8997.59,8999.09,8993.59,8995.6,137
2026-09-04T10:00:00+00:00,8995.6,9000.58,8994.6,8996.09,172
2026-09-04T10:15:00+00:00,8996.09,8998.59,8991.59,8991.59,185
2026-09-04T10:30:00+00:00,8991.59,8992.6,8984.58,8988.58,131
2026-09-04T10:45:00+00:00,8988.58,8993.6,8988.58,8993.59,111
2026-09-04T11:00:00+00:00,8993.59,8995.1,8988.08,8990.6,131
2026-09-04T11:15:00+00:00,8990.6,8990.6,8987.6,8988.58,77
2026-09-04T11:30:00+00:00,8988.58,8991.6,8987.59,8988.09,68
2026-09-04T11:45:00+00:00,8988.09,8993.08,8988.09,8990.6,103
2026-09-04T12:00:00+00:00,8990.6,8992.6,8983.6,8987.1,322
2026-09-04T12:15:00+00:00,8987.1,8991.09,8984.59,8990.59,395
2026-09-04T12:30:00+00:00,8990.59,8990.9,8952.1,8968.08,1015
2026-09-04T12:45:00+00:00,8968.08,8975.1,8957.58,8972.59,834
2026-09-04T13:00:00+00:00,8972.59,8973.1,8966.08,8969.6,529
2026-09-04T13:15:00+00:00,8969.6,8977.1,8969.58,8976.08,356
2026-09-04T13:30:00+00:00,8976.08,8987.08,8973.58,8985.08,553
2026-09-04T13:45:00+00:00,8985.08,8992.1,8979.59,8980.08,300
2026-09-04T14:00:00+00:00,8980.08,8993.59,8980.08,8993.59,336
2026-09-04T14:15:00+00:00,8993.59,8997.59,8990.58,8997.09,282
2026-09-04T14:30:00+00:00,8997.09,9000.58,8989.58,8992.59,306
2026-09-04T14:45:00+00:00,8992.59,8994.6,8980.58,8987.6,238
2026-09-04T15:00:00+00:00,8987.6,8998.6,8984.58,8996.59,336
2026-09-04T15:15:00+00:00,8996.59,8998.6,8990.58,8992.08,204
2026-09-04T15:30:00+00:00,8992.08,9001.59,8989.58,8999.6,332
2026-09-04T15:45:00+00:00,8999.6,9001.6,8997.59,8998.1,184
2026-09-04T16:00:00+00:00,8998.1,9004.58,8998.09,9004.09,107
2026-09-04T16:15:00+00:00,9004.09,9008.1,9003.08,9004.6,102
2026-09-04T16:30:00+00:00,9004.6,9006.6,9004.09,9005.1,101
2026-09-04T16:45:00+00:00,9005.1,9006.6,9001.58,9001.59,131
2026-09-04T17:00:00+00:00,9001.59,9003.58,8998.58,9003.58,183
2026-09-04T17:15:00+00:00,9003.58,9005.59,9000.59,9000.6,95
2026-09-04T17:30:00+00:00,9000.6,9001.59,8996.58,8996.58,112
2026-09-04T17:45:00+00:00,8996.58,8997.6,8992.58,8993.09,123
2026-09-04T18:00:00+00:00,8993.09,8997.6,8992.1,8996.59,97
2026-09-04T18:15:00+00:00,8996.59,8999.59,8995.59,8996.6,80
2026-09-04T18:30:00+00:00,8996.6,8998.59,8994.58,8995.6,112
2026-09-04T18:45:00+00:00,8995.6,8998.6,8995.58,8995.59,55
2026-09-04T19:00:00+00:00,8995.59,8997.59,8992.59,8993.58,105
2026-09-04T19:15:00+00:00,8993.58,9000.1,8993.09,8998.1,64
2026-09-04T19:30:00+00:00,8998.1,9000.6,8997.09,9000.6,66
2026-09-04T19:45:00+00:00,9000.6,9000.6,8998.58,9000.59,88
2026-09-04T20:00:00+00:00,9000.59,9000.6,8995.59,8999.1,53
2026-09-04T20:15:00+00:00,8999.1,8999.59,8997.59,8998.09,20
2026-09-04T20:30:00+00:00,8998.09,8998.6,8996.58,8998.59,64
2026-09-06T23:45:00+00:00,8998.59,9004.04,8993.02,8994.04,115
2026-09-07T00:00:00+00:00,8994.04,9016.94,8994.04,9016.42,590
2026-09-07T00:15:00+00:00,9016.42,9042.94,9013.94,9034.42,286
2026-09-07T00:30:00+00:00,9034.42,9039.93,9027.42,9027.93,282
2026-09-07T00:45:00+00:00,9027.93,9030.43,9021.92,9024.93,165
2026-09-07T01:00:00+00:00,9024.93,9033.44,9021.42,9021.43,248
2026-09-07T01:15:00+00:00,9021.43,9021.93,9008.42,9008.42,145
2026-09-07T01:30:00+00:00,9008.42,9012.43,9000.44,9011.92,154
2026-09-07T01:45:00+00:00,9011.92,9012.43,9003.43,9005.44,167
2026-09-07T02:00:00+00:00,9005.44,9009.42,9002.42,9005.94,200
2026-09-07T02:15:00+00:00,9005.94,9008.44,9002.92,9006.42,172
2026-09-07T02:30:00+00:00,9006.42,9009.42,9002.93,9003.93,125
2026-09-07T02:45:00+00:00,9003.93,9004.44,8999.92,9002.42,166
2026-09-07T03:00:00+00:00,9002.42,9002.92,8997.44,9002.92,133
2026-09-07T03:15:00+00:00,9002.92,9015.44,9000.44,9011.43,114
2026-09-07T03:30:00+00:00,9011.43,9012.94,9007.42,9007.42,140
2026-09-07T03:45:00+00:00,9007.42,9008.43,9001.43,9005.93,113
2026-09-07T04:00:00+00:00,9005.93,9006.44,9001.42,9002.44,107
2026-09-07T04:15:00+00:00,9002.44,9002.44,8996.44,9000.42,94
2026-09-07T04:30:00+00:00,9000.42,9000.44,8993.42,8998.42,114
2026-09-07T04:45:00+00:00,8998.42,9004.44,8997.43,9003.42,81
2026-09-07T05:00:00+00:00,9003.42,9005.44,8999.44,9004.44,166
2026-09-07T05:15:00+00:00,9004.44,9010.43,9003.93,9009.93,92
2026-09-07T05:30:00+00:00,9009.93,9012.43,9007.44,9012.43,114
2026-09-07T05:45:00+00:00,9012.43,9012.94,9002.42,9003.93,127
2026-09-07T06:00:00+00:00,9003.93,9006.02,8998.04,9003.04,233
2026-09-07T06:15:00+00:00,9003.04,9003.04,8995.02,9000.32,211
2026-09-07T07:00:00+00:00,9000.32,9011.02,8993.52,9004.03,160
2026-09-07T07:15:00+00:00,9004.03,9004.03,8990.54,8991.02,177
2026-09-07T07:30:00+00:00,8991.02,8991.54,8978.04,8981.54,158
2026-09-07T07:45:00+00:00,8981.54,8997.02,8981.04,8996.52,416
2026-09-07T08:00:00+00:00,8996.52,8997.04,8992.52,8996.52,270
2026-09-07T08:15:00+00:00,8996.52,9003.52,8994.52,9001.02,181
2026-09-07T08:30:00+00:00,9001.02,9004.04,8995.53,8997.52,156
2026-09-07T08:45:00+00:00,8997.52,8999.54,8995.02,8997.52,113
2026-09-07T09:00:00+00:00,8997.52,8999.53,8996.03,8998.03,121
2026-09-07T09:15:00+00:00,8998.03,8999.04,8994.52,8999.03,112
2026-09-07T09:30:00+00:00,8999.03,9003.03,8998.02,9001.52,71
2026-09-07T09:45:00+00:00,9001.52,9003.04,9000.02,9000.03,56
2026-09-07T10:00:00+00:00,9000.03,9003.04,8998.02,8999.02,101
2026-09-07T10:15:00+00:00,8999.02,9002.53,8999.02,9000.04,64
2026-09-07T10:30:00+00:00,9000.04,9003.03,8998.03,9002.53,125
2026-09-07T10:45:00+00:00,9002.53,9003.02,8994.02,8999.52,285
2026-09-07T11:00:00+00:00,8999.52,8999.52,8992.03,8995.53,201
2026-09-07T11:15:00+00:00,8995.53,8996.03,8990.02,8995.04,99
2026-09-07T11:30:00+00:00,8995.04,8996.04,8989.02,8991.52,138
2026-09-07T11:45:00+00:00,8991.52,8995.04,8991.02,8993.54,104
2026-09-07T12:00:00+00:00,8993.54,8999.53,8993.02,8994.04,105
2026-09-07T12:15:00+00:00,8994.04,8997.04,8993.52,8996.03,134
2026-09-07T12:30:00+00:00,8996.03,9000.04,8996.03,8999.04,96
2026-09-07T12:45:00+00:00,8999.04,9006.02,8999.04,9002.53,72
2026-09-07T13:00:00+00:00,9002.53,9004.53,9000.02,9003.53,94
2026-09-07T13:15:00+00:00,9003.53,9006.53,9001.02,9003.02,78
2026-09-07T13:30:00+00:00,9003.02,9005.52,8996.02,8998.03,121
2026-09-07T13:45:00+00:00,8998.03,9001.03,8996.04,9000.52,83
2026-09-07T14:00:00+00:00,9000.52,9001.54,8996.02,8998.04,128
2026-09-07T14:15:00+00:00,8998.04,9003.04,8998.04,9003.04,83
2026-09-07T14:30:00+00:00,9003.04,9003.04,8997.03,9001.52,98
2026-09-07T14:45:00+00:00,9001.52,9003.53,8997.02,8997.02,107
2026-09-07T15:00:00+00:00,8997.02,8998.04,8993.52,8996.52,106
2026-09-07T15:15:00+00:00,8996.52,8999.54,8994.02,8995.53,117
2026-09-07T15:30:00+00:00,8995.53,8999.04,8995.02,8996.52,94
2026-09-07T15:45:00+00:00,8996.52,8996.54,8994.02,8996.03,57
2026-09-07T16:00:00+00:00,8996.03,8997.04,8995.02,8997.04,41
2026-09-07T16:15:00+00:00,8997.04,8998.54,8995.52,8996.03,36
2026-09-07T16:30:00+00:00,8996.03,8996.04,8993.52,8995.04,42
2026-09-07T16:45:00+00:00,8995.04,8996.04,8995.02,8996.02,20
2026-09-07T17:00:00+00:00,8996.02,8996.03,8995.52,8995.52,8
2026-09-07T17:15:00+00:00,8995.52,8995.54,8995.02,8995.02,8
2026-09-07T17:30:00+00:00,8995.02,8997.04,8995.02,8997.02,12
2026-09-07T17:45:00+00:00,8997.02,8997.04,8995.52,8995.53,10
2026-09-07T18:00:00+00:00,8995.53,8995.54,8994.52,8994.53,6
2026-09-07T18:15:00+00:00,8994.53,8994.54,8994.52,8994.54,6
2026-09-07T18:30:00+00:00,8994.54,8994.54,8993.02,8993.03,9
2026-09-07T18:45:00+00:00,8993.03,8993.04,8993.02,8993.04,5
2026-09-07T19:00:00+00:00,8993.04,8993.04,8993.02,8993.02,7
2026-09-07T19:15:00+00:00,8993.02,8993.04,8993.02,8993.04,6
2026-09-07T19:30:00+00:00,8993.04,8994.03,8992.03,8994.02,13
2026-09-07T19:45:00+00:00,8994.02,8994.04,8993.02,8993.02,10
2026-09-07T20:00:00+00:00,8993.02,8993.54,8993.02,8993.53,3
2026-09-07T20:15:00+00:00,8993.53,8993.54,8993.52,8993.52,5
2026-09-07T20:30:00+00:00,8993.52,8993.54,8993.02,8993.54,5
2026-09-07T20:45:00+00:00,8993.54,8994.32,8993.02,8994.32,9
2026-09-07T23:45:00+00:00,8994.32,8999.83,8986.33,8995.83,153
2026-09-08T00:00:00+00:00,8995.83,9000.25,8969.74,8970.25,554
2026-09-08T00:15:00+00:00,8970.25,8974.74,8953.73,8959.74,361
2026-09-08T00:30:00+00:00,8959.74,8963.24,8943.23,8943.25,321
2026-09-08T00:45:00+00:00,8943.25,8955.74,8933.73,8948.24,389
2026-09-08T01:00:00+00:00,8948.24,8950.25,8925.75,8946.23,416
2026-09-08T01:15:00+00:00,8946.23,8956.75,8946.23,8951.23,278
2026-09-08T01:30:00+00:00,8951.23,8957.75,8944.75,8957.73,240
2026-09-08T01:45:00+00:00,8957.73,8975.75,8955.23,8974.74,288
2026-09-08T02:00:00+00:00,8974.74,8981.73,8966.23,8967.75,271
2026-09-08T02:15:00+00:00,8967.75,8968.75,8952.73,8954.73,189
2026-09-08T02:30:00+00:00,8954.73,8956.74,8943.23,8948.25,195
2026-09-08T02:45:00+00:00,8948.25,8950.25,8941.74,8945.24,138
2026-09-08T03:00:00+00:00,8945.24,8949.75,8941.73,8945.74,141
2026-09-08T03:15:00+00:00,8945.74,8956.25,8944.74,8955.25,167
2026-09-08T03:30:00+00:00,8955.25,8955.74,8946.74,8949.74,157
2026-09-08T03:45:00+00:00,8949.74,8952.25,8938.73,8938.75,127
2026-09-08T04:00:00+00:00,8938.75,8942.75,8935.74,8937.23,101
2026-09-08T04:15:00+00:00,8937.23,8938.25,8932.73,8935.73,88
2026-09-08T04:30:00+00:00,8935.73,8939.75,8928.75,8935.73,97
2026-09-08T04:45:00+00:00,8935.73,8936.24,8926.73,8926.73,94
2026-09-08T05:00:00+00:00,8926.73,8929.74,8923.24,8923.24,146
2026-09-08T05:15:00+00:00,8923.24,8927.75,8920.73,8922.23,160
2026-09-08T05:30:00+00:00,8922.23,8922.23,8908.73,8909.23,199
2026-09-08T05:45:00+00:00,8909.23,8914.23,8906.74,8909.23,168
2026-09-08T06:00:00+00:00,8909.23,8915.34,8899.34,8913.34,527
2026-09-08T06:15:00+00:00,8913.34,8914.85,8905.33,8909.63,304
2026-09-08T07:00:00+00:00,8909.63,8922.35,8907.33,8909.33,172
2026-09-08T07:15:00+00:00,8909.33,8912.35,8905.34,8907.84,290
2026-09-08T07:30:00+00:00,8907.84,8911.85,8895.33,8899.33,396
2026-09-08T07:45:00+00:00,8899.33,8902.35,8892.33,8894.35,329
2026-09-08T08:00:00+00:00,8894.35,8896.35,8885.85,8887.33,478
2026-09-08T08:15:00+00:00,8887.33,8893.83,8885.33,8891.33,405
2026-09-08T08:30:00+00:00,8891.33,8895.33,8886.33,8886.84,462
2026-09-08T08:45:00+00:00,8886.84,8894.85,8884.34,8893.84,627
2026-09-08T09:00:00+00:00,8893.84,8900.85,8890.34,8899.85,418
2026-09-08T09:15:00+00:00,8899.85,8905.34,8896.83,8905.34,228
2026-09-08T09:30:00+00:00,8905.34,8911.84,8901.33,8905.34,315
2026-09-08T09:45:00+00:00,8905.34,8913.35,8905.33,8913.34,166
2026-09-08T10:00:00+00:00,8913.34,8913.34,8901.33,8903.35,144
2026-09-08T10:15:00+00:00,8903.35,8917.33,8903.35,8906.83,394
2026-09-08T10:30:00+00:00,8906.83,8910.33,8903.83,8910.33,232
2026-09-08T10:45:00+00:00,8910.33,8914.35,8907.33,8908.35,208
2026-09-08T11:00:00+00:00,8908.35,8911.35,8902.83,8906.35,256
2026-09-08T11:15:00+00:00,8906.35,8914.34,8906.35,8910.83,171
2026-09-08T11:30:00+00:00,8910.83,8917.35,8910.34,8917.35,204
2026-09-08T11:45:00+00:00,8917.35,8927.35,8915.85,8926.34,214
2026-09-08T12:00:00+00:00,8926.34,8928.35,8918.33,8918.33,300
2026-09-08T12:15:00+00:00,8918.33,8925.34,8916.85,8925.34,278
2026-09-08T12:30:00+00:00,8925.34,8929.33,8923.34,8929.33,229
2026-09-08T12:45:00+00:00,8929.33,8938.34,8929.33,8938.34,310
2026-09-08T13:00:00+00:00,8938.34,8941.35,8933.33,8941.33,288
2026-09-08T13:15:00+00:00,8941.33,8942.84,8934.85,8935.35,282
2026-09-08T13:30:00+00:00,8935.35,8936.35,8919.35,8934.35,589
2026-09-08T13:45:00+00:00,8934.35,8944.34,8933.33,8936.33,306
2026-09-08T14:00:00+00:00,8936.33,8939.35,8923.83,8925.33,486
2026-09-08T14:15:00+00:00,8925.33,8927.35,8917.83,8918.83,409
2026-09-08T14:30:00+00:00,8918.83,8928.85,8918.83,8928.33,244
2026-09-08T14:45:00+00:00,8928.33,8942.34,8926.83,8941.84,289
2026-09-08T15:00:00+00:00,8941.84,8946.85,8939.34,8944.85,243
2026-09-08T15:15:00+00:00,8944.85,8947.35,8938.33,8942.33,299
2026-09-08T15:30:00+00:00,8942.33,8950.35,8941.85,8947.83,174
2026-09-08T15:45:00+00:00,8947.83,8948.85,8938.35,8938.35,171
2026-09-08T16:00:00+00:00,8938.35,8940.35,8933.33,8935.35,171
2026-09-08T16:15:00+00:00,8935.35,8941.35,8932.83,8939.84,175
2026-09-08T16:30:00+00:00,8939.84,8940.35,8933.33,8936.35,76
2026-09-08T16:45:00+00:00,8936.35,8939.85,8929.34,8934.83,315
2026-09-08T17:00:00+00:00,8934.83,8942.84,8933.83,8936.84,227
2026-09-08T17:15:00+00:00,8936.84,8938.35,8933.85,8936.34,131
2026-09-08T17:30:00+00:00,8936.34,8940.34,8935.33,8935.35,139
2026-09-08T17:45:00+00:00,8935.35,8938.85,8933.85,8938.33,123
2026-09-08T18:00:00+00:00,8938.33,8942.35,8938.33,8940.83,115
2026-09-08T18:15:00+00:00,8940.83,8941.35,8937.83,8939.34,124
2026-09-08T18:30:00+00:00,8939.34,8939.34,8933.34,8936.34,122
2026-09-08T18:45:00+00:00,8936.34,8937.35,8920.83,8926.34,630
2026-09-08T19:00:00+00:00,8926.34,8929.35,8923.34,8929.33,212
2026-09-08T19:15:00+00:00,8929.33,8932.83,8926.33,8932.83,167
2026-09-08T19:30:00+00:00,8932.83,8936.35,8931.33,8935.33,291
2026-09-08T19:45:00+00:00,8935.33,8936.35,8924.33,8928.83,384
2026-09-08T20:00:00+00:00,8928.83,8929.83,8925.33,8928.33,93
2026-09-08T20:15:00+00:00,8928.33,8928.84,8925.34,8925.84,54
2026-09-08T20:30:00+00:00,8925.84,8926.85,8924.33,8926.84,51
2026-09-08T20:45:00+00:00,8926.84,8928.35,8925.35,8927.14,61
2026-09-08T23:45:00+00:00,8927.14,8927.14,8914.19,8922.2,194
2026-09-09T00:00:00+00:00,8922.2,8945.6,8919.11,8935.1,675
2026-09-09T00:15:00+00:00,8935.1,8938.61,8910.1,8914.09,399
2026-09-09T00:30:00+00:00,8914.09,8917.61,8897.6,8897.6,347
2026-09-09T00:45:00+00:00,8897.6,8899.61,8888.6,8892.6,215
2026-09-09T01:00:00+00:00,8892.6,8903.61,8885.59,8891.61,298
2026-09-09T01:15:00+00:00,8891.61,8903.59,8890.59,8898.1,255
2026-09-09T01:30:00+00:00,8898.1,8902.6,8889.6,8895.09,276
2026-09-09T01:45:00+00:00,8895.09,8901.1,8894.1,8894.6,180
2026-09-09T02:00:00+00:00,8894.6,8894.61,8892.11,8892.11,9
